Date,Bitcoin_closeprice,3d MA,9d MA
2015/7/1,258.62,250.65,248.7
2015/7/2,255.41,253.43,249.99
2015/7/3,256.34,255.28,251.23
2015/7/4,260.89,254.47,252.99
2015/7/5,271.91,253.94,255
2015/7/6,269.03,255.47,258.14
2015/7/7,266.21,260.17,260.15
2015/7/8,270.79,263.71,262.06
2015/7/9,269.23,265.61,263.59
2015/7/10,284.89,265.44,264.27
2015/7/11,293.11,266.76,267.19
2015/7/12,310.87,273.14,271.38
2015/7/13,292.05,281.61,277.44
2015/7/14,287.46,285.68,280.9
2015/7/15,285.83,286.72,282.63
2015/7/16,278.09,284.34,284.49
2015/7/17,279.47,282.42,285.81
2015/7/18,274.9,277.55,286.78
2015/7/19,273.61,273.79,287.41
2015/7/20,278.98,272.88,286.15
2015/7/21,275.83,273.18,284.58
2015/7/22,277.22,273.63,280.69
2015/7/23,276.05,274.25,279.04
2015/7/24,288.28,275.17,277.78
2015/7/25,288.7,275.12,278.05
2015/7/26,292.69,278.99,279.23
2015/7/27,293.62,282.99,280.7
2015/7/28,294.43,287.05,282.78
2015/7/29,289.59,289.53,285.09
2015/7/30,287.72,289.88,286.27
2015/7/31,284.65,289.59,287.59
2015/8/1,281.6,285.9,288.41
2015/8/2,282.61,282.34,289.03
2015/8/3,281.23,279.33,288.4
2015/8/4,285.22,278.62,287.57
2015/8/5,281.88,279.66,286.74
2015/8/6,278.58,280.98,285.44
2015/8/7,279.58,280.37,283.68
2015/8/8,261,278.75,282.56
2015/8/9,265.08,271.83,279.59
2015/8/10,264.47,265.85,277.42
2015/8/11,270.39,261.26,275.52
2015/8/12,266.38,262.39,274.16
2015/8/13,264.08,264.05,272.51
2015/8/14,265.68,264.13,270.16
2015/8/15,261.55,263.26,268.36
2015/8/16,258.51,261.87,266.47
2015/8/17,257.98,259.94,264.13
2015/8/18,211.08,258.49,263.79
2015/8/19,226.68,241.75,257.79
2015/8/20,235.35,230.32,253.59
2015/8/21,232.57,220.25,249.7
2015/8/22,230.39,227.13,245.94
2015/8/23,228.17,227.11,242.2
2015/8/24,210.49,226.67,238.03
2015/8/25,221.61,219.57,232.36
2015/8/26,225.83,211.86,228.26
2015/8/27,224.77,210.07,224.69
2015/8/28,231.4,214.48,226.21
2015/8/29,229.78,221.6,226.73
2015/8/30,228.76,223.98,226.11
2015/8/31,230.06,224.84,225.69
2015/9/1,228.12,226.5,225.65
2015/9/2,229.28,226.34,225.65
2015/9/3,227.18,226.42,227.73
2015/9/4,230.3,226.67,228.35
2015/9/5,235.02,226.73,228.85
2015/9/6,239.84,227.72,229.99
2015/9/7,239.85,230.39,230.93
2015/9/8,243.61,234.28,232.05
2015/9/9,238.17,237.69,233.7
2015/9/10,238.48,238.74,234.6
2015/9/11,240.11,237.76,235.75
2015/9/12,235.23,237.31,236.95
2015/9/13,230.51,236.29,237.85
2015/9/14,230.64,234.14,237.87
2015/9/15,230.3,230.68,237.38
2015/9/16,229.09,229.04,236.32
2015/9/17,229.81,228.39,235.13
2015/9/18,232.98,228.72,233.59
2015/9/19,231.49,229.5,233.02
2015/9/20,231.21,230.73,232.24
2015/9/21,227.09,231.39,231.25
2015/9/22,230.62,229.51,230.35
2015/9/23,230.28,227.52,230.36
2015/9/24,234.53,227.08,230.32
2015/9/25,235.14,228.33,230.79
2015/9/26,234.34,231.19,231.46
2015/9/27,232.76,232.44,231.96
2015/9/28,239.14,233.17,231.94
2015/9/29,236.69,232.77,232.79
2015/9/30,236.06,233.63,233.4
2015/10/1,237.55,234.68,234.4
2015/10/2,237.29,235.73,235.17
2015/10/3,238.73,235.95,235.94
2015/10/4,238.26,236.39,236.41
2015/10/5,240.38,237.16,236.76
2015/10/6,246.06,237.31,237.43
2015/10/7,242.97,238.37,238.91
2015/10/8,242.3,239.92,239.33
2015/10/9,243.93,241.64,239.96
2015/10/10,244.94,242.3,240.83
2015/10/11,247.05,242.46,241.65
2015/10/12,245.31,243.11,242.74
2015/10/13,249.51,244.13,243.47
2015/10/14,251.99,244.36,244.72
2015/10/15,254.32,245.95,246.01
2015/10/16,262.87,248.24,246.92
2015/10/17,270.64,251.63,249.14
2015/10/18,261.64,256.12,252.28
2015/10/19,263.44,259.03,254.25
2015/10/20,269.46,261.37,256.31
2015/10/21,266.27,261.65,258.8
2015/10/22,274.02,262.67,261.13
2015/10/23,276.5,264.4,263.85
2015/10/24,281.65,267.84,266.57
2015/10/25,283.68,272.06,269.61
2015/10/26,285.3,277.16,271.92
2015/10/27,293.79,279.49,273.55
2015/10/28,304.62,282.32,277.12
2015/10/29,313.86,286.41,281.7
2015/10/30,328.02,293.51,286.63
2015/10/31,314.17,303.15,293.49
2015/11/1,325.43,308.34,297.95
2015/11/2,361.19,311.69,303.39
2015/11/3,403.42,314.78,312.23
2015/11/4,411.56,330.91,325.53
2015/11/5,386.35,353.8,339.56
2015/11/6,374.47,370.93,349.85
2015/11/7,386.48,369.72,357.61
2015/11/8,373.37,367.01,365.68
2015/11/9,380.26,365.05,370.72
2015/11/10,336.82,368.01,378.06
2015/11/11,311.08,353.57,379.32
2015/11/12,338.15,331,373.76
2015/11/13,336.75,314.49,366.5
2015/11/14,332.91,313.48,358.19
2015/11/15,320.17,323.14,352.25
2015/11/16,330.75,324.51,346.22
2015/11/17,335.09,321.12,340.03
2015/11/18,334.59,321,335.78
2015/11/19,326.15,325.38,330.7
2015/11/20,322.02,328.51,329.52
2015/11/21,326.93,322.71,330.73
2015/11/22,324.54,319.03,329.48
2015/11/23,323.05,317.69,328.13
2015/11/24,320.05,320.72,327.03
2015/11/25,328.21,320.22,327.02
2015/11/26,352.68,318.73,326.74
2015/11/27,358.04,321.04,328.69
2015/11/28,357.38,330.96,331.3
2015/11/29,371.29,342.76,334.77
2015/11/30,377.32,351.9,340.24
2015/12/1,362.49,359.41,345.84
2015/12/2,359.19,360.87,350.06
2015/12/3,361.05,358.8,354.07
2015/12/4,363.18,354.48,358.63
2015/12/5,388.95,354.21,362.51
2015/12/6,388.78,358.8,366.54
2015/12/7,395.54,368.69,369.96
2015/12/8,415.56,378.58,374.2
2015/12/9,417.56,387.48,379.12
2015/12/10,415.48,393.88,383.59
2015/12/11,451.94,402.6,389.48
2015/12/12,435,411.04,399.78
2015/12/13,433.76,412.52,408
2015/12/14,444.18,417.43,415.84
2015/12/15,465.32,422.49,421.98
2015/12/16,454.93,433.54,430.48
2015/12/17,456.08,439.4,437.08
2015/12/18,463.62,445.53,441.58
2015/12/19,462.32,449.22,446.7
2015/12/20,442.68,453.52,451.91
2015/12/21,438.64,448.68,450.88
2015/12/22,436.57,439.47,451.28
2015/12/23,442.4,432.39,451.59
2015/12/24,454.98,433.15,451.4
2015/12/25,455.65,438.41,450.25
2015/12/26,417.27,443.93,450.33
2015/12/27,422.82,433.64,446.01
2015/12/28,422.28,422.24,441.48
2015/12/29,432.98,411.04,437.03
2015/12/30,426.62,416,435.95
2015/12/31,430.57,420.4,434.62
2016/1/1,434.33,420.48,433.95
2016/1/2,433.44,422.78,433.06
2016/1/3,430.01,426.04,430.66
2016/1/4,433.09,428.03,427.81
2016/1/5,431.96,428.55,429.57
2016/1/6,429.11,427.82,430.59
2016/1/7,458.05,428.37,431.35
2016/1/8,453.23,428.37,434.13
2016/1/9,447.61,434.45,437.09
2016/1/10,447.99,441.3,438.98
2016/1/11,448.43,445.06,440.5
2016/1/12,435.69,443.7,442.16
2016/1/13,432.37,439.97,442.8
2016/1/14,430.31,434.66,442.72
2016/1/15,364.33,429.33,442.53
2016/1/16,387.54,405.54,435.33
2016/1/17,382.3,382.36,427.5
2016/1/18,387.17,366.44,419.62
2016/1/19,380.15,370.56,412.9
2016/1/20,420.23,378.58,405.37
2016/1/21,410.26,377.41,402.23
2016/1/22,382.49,387.29,399.41
2016/1/23,387.49,386.06,393.86
2016/1/24,402.97,387.85,389.11
2016/1/25,391.73,381.59,393.4
2016/1/26,392.15,386.01,393.87
2016/1/27,394.97,388.88,394.96
2016/1/28,380.29,390.3,395.83
2016/1/29,379.47,387.36,395.84
2016/1/30,378.26,378.99,391.31
2016/1/31,368.77,373.89,387.76
2016/2/1,373.06,369.92,386.23
2016/2/2,374.45,370.76,384.63
2016/2/3,369.95,369.57,381.46
2016/2/4,389.59,369.64,379.04
2016/2/5,386.55,370.32,378.76
2016/2/6,376.52,374.54,377.82
2016/2/7,376.62,375.98,377.4
2016/2/8,373.45,377.62,377.09
2016/2/9,376.03,373.54,376.55
2016/2/10,381.65,373.71,377.36
2016/2/11,379.65,374,378.31
2016/2/12,384.26,375.03,378.89
2016/2/13,391.86,377.26,380.48
2016/2/14,407.23,380.21,380.73
2016/2/15,400.18,385.72,383.03
2016/2/16,407.49,391.77,385.66
2016/2/17,416.32,397.37,389.09
2016/2/18,422.37,401.99,393.85
2016/2/19,420.79,407.95,399
2016/2/20,437.16,413.34,403.35
2016/2/21,438.8,418.28,409.74
2016/2/22,437.75,422.76,415.8
2016/2/23,420.74,427.87,420.9
2016/2/24,424.95,426.61,422.4
2016/2/25,424.54,421.55,425.15
2016/2/26,432.15,417.38,427.05
2016/2/27,432.52,418.65,428.81
2016/2/28,433.5,423.38,429.93
2016/2/29,437.7,424.51,431.35
2016/3/1,435.12,427.87,431.41
2016/3/2,423.99,429.28,431
2016/3/3,421.65,429.33,429.47
2016/3/4,410.94,425.24,429.57
2016/3/5,400.57,418.11,428.01
2016/3/6,407.71,408.13,425.35
2016/3/7,414.32,400.25,422.63
2016/3/8,413.97,398.71,420.61
2016/3/9,414.86,404.39,418.44
2016/3/10,417.13,409.67,415.9
2016/3/11,421.69,411.98,413.9
2016/3/12,411.62,413.96,413.65
2016/3/13,414.07,413.45,412.53
2016/3/14,416.44,412.91,412.88
2016/3/15,416.83,411.98,414.65
2016/3/16,417.01,413.61,415.66
2016/3/17,420.62,415.03,415.96
2016/3/18,409.55,416.26,416.7
2016/3/19,410.44,413.31,416.11
2016/3/20,413.76,410.42,415.36
2016/3/21,413.31,407.92,414.48
2016/3/22,418.09,409.34,414.67
2016/3/23,418.04,411.1,415.12
2016/3/24,416.39,413.42,415.29
2016/3/25,417.18,415.13,415.25
2016/3/26,417.95,416.14,415.26
2016/3/27,426.77,415.77,414.97
2016/3/28,424.23,416.51,416.88
2016/3/29,416.52,419.09,418.41
2016/3/30,414.82,417.89,418.72
2016/3/31,416.73,416.16,418.89
2016/4/1,417.96,413.48,418.74
2016/4/2,420.87,414.53,418.73
2016/4/3,420.9,416.5,419.23
2016/4/4,421.44,417.98,419.64
2016/4/5,424.03,419.24,420.03
2016/4/6,423.41,419.97,419.72
2016/4/7,422.74,420.98,419.63
2016/4/8,420.35,421.29,420.32
2016/4/9,419.41,420.96,420.94
2016/4/10,421.56,418.89,421.23
2016/4/11,422.48,418.47,421.63
2016/4/12,425.19,418.77,421.81
2016/4/13,423.73,420.88,422.29
2016/4/14,424.28,422.1,422.54
2016/4/15,429.71,422.92,422.57
2016/4/16,430.57,423.45,423.27
2016/4/17,427.4,425.47,424.14
2016/4/18,428.59,426.5,424.93
2016/4/19,435.51,427.38,425.95
2016/4/20,441.39,427.09,427.5
2016/4/21,449.42,429.87,429.6
2016/4/22,445.74,434.49,432.29
2016/4/23,450.28,439.84,434.73
2016/4/24,458.55,443.14,437.62
2016/4/25,461.43,445.8,440.83
2016/4/26,466.09,448.95,444.26
2016/4/27,444.69,454.71,448.56
2016/4/28,449.01,453.11,450.34
2016/4/29,455.1,447.47,451.84
2016/4/30,448.32,442.27,453.37
2016/5/1,451.88,443.46,453.25
2016/5/2,444.67,447.22,453.93
2016/5/3,450.3,445.8,453.3
2016/5/4,446.72,444.11,452.39
2016/5/5,447.98,443.34,450.75
2016/5/6,459.6,444.71,448.74
2016/5/7,458.54,446.19,450.4
2016/5/8,458.55,450.09,451.46
2016/5/9,460.48,453.46,451.84
2016/5/10,450.89,456.61,453.19
2016/5/11,452.73,453.82,453.08
2016/5/12,454.77,452.11,453.98
2016/5/13,455.67,449.69,454.47
2016/5/14,455.67,451.19,455.47
2016/5/15,457.57,452.5,456.32
2016/5/16,454.16,454.57,456.1
2016/5/17,453.78,454.4,455.61
2016/5/18,454.62,454.01,455.08
2016/5/19,438.71,453.29,454.43
2016/5/20,442.68,448.54,453.08
2016/5/21,443.19,443.13,451.96
2016/5/22,439.32,439.27,450.67
2016/5/23,444.15,439.38,448.86
2016/5/24,445.98,439.86,447.58
2016/5/25,449.6,440.6,446.29
2016/5/26,453.38,442.94,445.78
2016/5/27,473.46,445.96,445.74
2016/5/28,530.04,449.16,447.83
2016/5/29,526.23,458.04,457.98
2016/5/30,533.86,479.47,467.26
2016/5/31,531.39,502.61,477.34
2016/6/1,536.92,518.6,487.57
2016/6/2,537.97,523.09,497.87
2016/6/3,569.19,526.46,508.09
2016/6/4,572.73,531.88,521.38
2016/6/5,574.98,544.75,534.64
2016/6/6,585.54,556.78,545.92
2016/6/7,576.6,569.34,552.09
2016/6/8,581.65,570.43,557.69
2016/6/9,574.63,571.75,563
2016/6/10,577.47,570.53,567.8
2016/6/11,606.73,572.47,572.31
2016/6/12,672.78,574.32,579.95
2016/6/13,704.38,586.35,591.46
2016/6/14,685.56,616.73,606.08
2016/6/15,694.47,644.78,618.37
2016/6/16,766.31,666.62,630.47
2016/6/17,748.91,677.29,651.55
2016/6/18,756.23,695.21,670.14
2016/6/19,763.78,715.67,690.32
2016/6/20,737.23,732.04,711.02
2016/6/21,666.65,737.43,725.52
2016/6/22,596.12,705.81,724.84
2016/6/23,623.98,653.09,712.81
2016/6/24,665.3,594.9,705.96
2016/6/25,665.12,590.3,702.72
2016/6/26,629.37,609.99,691.48
2016/6/27,655.28,629.59,678.2
2016/6/28,647,628,666.98
2016/6/29,639.89,625.07,654.01
2016/6/30,673.34,628.86,643.19
2016/7/1,676.3,634.22,643.93
2016/7/2,703.7,644.83,652.84
2016/7/3,658.66,660.87,661.7
2016/7/4,683.66,665,660.96
2016/7/5,670.63,658.64,663.02
2016/7/6,677.33,654.86,667.61
2016/7/7,640.56,662,670.06
2016/7/8,666.52,649.11,669.34
2016/7/9,650.96,639.57,672.3
2016/7/10,649.36,627.23,669.81
2016/7/11,647.66,637.04,666.82
2016/7/12,664.55,639.88,660.59
2016/7/13,654.47,644.34,661.25
2016/7/14,658.08,648.74,658
2016/7/15,663.26,651.39,656.61
2016/7/16,660.77,655.48,655.05
2016/7/17,679.46,657.1,657.29
2016/7/18,673.11,660.12,658.73
2016/7/19,672.86,663.32,661.19
2016/7/20,665.68,666.08,663.8
2016/7/21,665.01,666.54,665.8
2016/7/22,650.62,663.8,665.86
2016/7/23,655.56,656.83,665.43
2016/7/24,661.28,651.88,665.15
2016/7/25,654.1,649.34,664.93
2016/7/26,651.78,651.57,664.19
2016/7/27,654.35,650.69,661.11
2016/7/28,655.03,649.24,659.03
2016/7/29,656.99,649.61,657.05
2016/7/30,655.05,652.58,656.08
2016/7/31,624.68,654.5,654.97
2016/8/1,606.27,644.45,652.09
2016/8/2,547.47,628.15,646.61
2016/8/3,566.35,587.19,633.97
2016/8/4,578.29,559.59,624.22
2016/8/5,575.04,546.22,616.05
2016/8/6,587.78,559.1,607.24
2016/8/7,592.69,568.41,599.77
2016/8/8,591.05,575.42,592.62
2016/8/9,587.8,581.45,585.51
2016/8/10,592.1,586.55,581.42
2016/8/11,589.12,586.4,579.84
2016/8/12,587.56,586.76,584.47
2016/8/13,585.59,586.43,586.83
2016/8/14,570.47,585.97,587.64
2016/8/15,567.24,577.86,587.13
2016/8/16,577.44,571,584.85
2016/8/17,573.22,564.91,583.15
2016/8/18,574.32,567.13,581.17
2016/8/19,575.63,570.53,579.67
2016/8/20,581.7,573.01,577.84
2016/8/21,581.31,574.36,577.02
2016/8/22,586.75,576.62,576.32
2016/8/23,583.41,578.76,576.45
2016/8/24,580.18,580.81,577.89
2016/8/25,577.76,580.69,579.33
2016/8/26,579.65,578.88,579.36
2016/8/27,569.95,577.29,580.08
2016/8/28,573.91,573.55,579.59
2016/8/29,574.11,571.74,579.4
2016/8/30,577.5,570.61,578.56
2016/8/31,575.47,572.44,578.14
2016/9/1,572.3,573.74,576.88
2016/9/2,575.54,573.19,575.65
2016/9/3,598.21,572.09,575.13
2016/9/4,608.63,572.23,577.4
2016/9/5,606.59,580.57,580.62
2016/9/6,610.44,591.05,584.7
2016/9/7,614.54,601.39,588.75
2016/9/8,626.32,605.28,593.25
2016/9/9,622.86,609.15,598.67
2016/9/10,623.51,614.2,603.94
2016/9/11,606.72,618.83,609.63
2016/9/12,608.24,614.39,613.09
2016/9/13,609.24,609.44,614.21
2016/9/14,610.68,604.28,614.27
2016/9/15,607.16,606.91,614.73
2016/9/16,606.97,607.5,614.36
2016/9/17,605.98,607.43,613.52
2016/9/18,609.87,606.36,611.26
2016/9/19,609.23,605.93,609.82
2016/9/20,608.31,606.44,608.23
2016/9/21,597.15,607.36,608.41
2016/9/22,596.3,604.03,607.18
2016/9/23,602.84,600.01,605.74
2016/9/24,602.63,595.96,604.87
2016/9/25,600.83,598.01,604.36
2016/9/26,608.04,599.18,603.68
2016/9/27,606.17,600.7,603.91
2016/9/28,604.73,601.39,603.5
2016/9/29,605.69,603.02,603
2016/9/30,609.73,604.52,602.71
2016/10/1,613.98,604.53,604.11
2016/10/2,610.89,606.31,606.07
2016/10/3,612.13,607.92,606.97
2016/10/4,610.2,610.02,608.02
2016/10/5,612.51,609.87,609.06
2016/10/6,613.02,609.85,609.56
2016/10/7,617.12,610.19,610.32
2016/10/8,619.11,610.97,611.7
2016/10/9,616.75,613.54,613.19
2016/10/10,618.99,615.26,613.97
2016/10/11,641.07,616.72,614.52
2016/10/12,636.19,617.1,617.88
2016/10/13,636.79,623.56,620.55
2016/10/14,640.38,629.83,623.51
2016/10/15,638.65,636,626.6
2016/10/16,641.63,636.48,629.45
2016/10/17,639.19,637.77,632.17
2016/10/18,637.96,638.32,634.4
2016/10/19,630.52,637.85,636.76
2016/10/20,630.86,634.22,638.04
2016/10/21,632.83,630.76,636.91
2016/10/22,657.29,628.99,636.53
2016/10/23,657.07,630.6,638.81
2016/10/24,653.76,639.14,640.67
2016/10/25,657.59,646.44,642.35
2016/10/26,678.3,653.39,644.12
2016/10/27,688.31,654.66,648.46
2016/10/28,689.65,663.14,654.06
2016/10/29,714.48,673.29,660.63
2016/10/30,701.86,684.08,669.92
2016/10/31,700.97,690.23,677.59
2016/11/1,729.79,692.73,682.44
2016/11/2,740.83,696.5,690.52
2016/11/3,688.7,705.12,700.2
2016/11/4,703.23,700.62,703.65
2016/11/5,703.42,695.36,706.42
2016/11/6,711.52,687.15,708.1
2016/11/7,703.13,694.29,710.53
2016/11/8,709.85,699.07,709.27
2016/11/9,723.27,700.62,710.16
2016/11/10,715.53,703.63,712.64
2016/11/11,716.41,707.4,711.05
2016/11/12,705.05,711.41,708.34
2016/11/13,702.03,709.88,710.16
2016/11/14,705.02,701.92,710.02
2016/11/15,711.62,697.05,710.2
2016/11/16,744.2,697.46,710.21
2016/11/17,740.98,704.7,714.78
2016/11/18,751.59,717.94,718.23
2016/11/19,751.62,728.48,721.38
2016/11/20,731.03,740.29,725.39
2016/11/21,739.25,733.1,727.02
2016/11/22,751.35,730.97,730.82
2016/11/23,744.59,728.33,736.3
2016/11/24,740.29,735.32,740.69
2016/11/25,741.65,736.31,743.88
2016/11/26,735.38,735.67,743.59
2016/11/27,732.03,732.57,742.97
2016/11/28,735.81,731.77,740.8
2016/11/29,735.6,731.07,739.04
2016/11/30,745.69,732.71,739.55
2016/12/1,756.77,734.44,740.27
2016/12/2,777.94,738.96,740.87
2016/12/3,771.16,746.62,744.57
2016/12/4,773.87,756.15,748
2016/12/5,758.7,763.52,751.58
2016/12/6,764.22,761.58,754.17
2016/12/7,768.13,759.53,757.75
2016/12/8,770.81,756.73,761.34
2016/12/9,772.79,761.47,765.25
2016/12/10,774.65,765.12,768.27
2016/12/11,769.73,769.5,770.25
2016/12/12,780.09,769.32,769.34
2016/12/13,780.56,769.45,770.33
2016/12/14,781.48,771.14,771.08
2016/12/15,778.09,774.95,773.61
2016/12/16,784.91,777.53,775.15
2016/12/17,790.83,777.87,777.01
2016/12/18,790.53,780.54,779.24
2016/12/19,792.71,783.95,781.21
2016/12/20,800.88,787.74,783.21
2016/12/21,834.28,789.95,786.68
2016/12/22,864.54,793.74,792.7
2016/12/23,921.98,808.35,802.03
2016/12/24,898.82,832.75,817.64
2016/12/25,896.18,861.72,831.05
2016/12/26,907.61,871.15,843.42
2016/12/27,933.2,881.89,856.39
2016/12/28,975.92,887.86,872.24
2016/12/29,973.5,912,892.6
2016/12/30,961.24,931.2,911.78
2016/12/31,963.74,941.39,925.89
2017/1/1,998.33,945.52,936.91
2017/1/2,1021.75,946.92,945.39
2017/1/3,1043.84,967.55,959.05
2017/1/4,1154.73,992.33,975.46
2017/1/5,1013.38,1020.9,1002.92
2017/1/6,902.2,992.14,1011.83
2017/1/7,908.59,946.25,1003.63
2017/1/8,911.2,872.64,996.42
2017/1/9,902.83,864.92,990.86
2017/1/10,907.68,863.54,984.09
2017/1/11,777.76,889.37,974.02
2017/1/12,804.83,847.88,946.91
2017/1/13,823.98,806.53,920.36
2017/1/14,818.41,766.18,883.61
2017/1/15,821.8,782.74,861.94
2017/1/16,831.53,801.78,853.01
2017/1/17,907.94,815.2,844.45
2017/1/18,886.62,821.31,844.08
2017/1/19,899.07,836.46,842.28
2017/1/20,895.03,857.81,841.33
2017/1/21,921.79,876.55,854.36
2017/1/22,924.67,888.96,867.35
2017/1/23,921.01,893.37,878.54
2017/1/24,892.69,903.28,889.94
2017/1/25,901.54,902.2,897.82
2017/1/26,917.59,900.24,905.6
2017/1/27,919.75,895.4,906.67
2017/1/28,921.59,903.25,910.35
2017/1/29,919.5,912.63,912.85
2017/1/30,920.38,918.27,915.57
2017/1/31,970.4,919.48,915.41
2017/2/1,989.02,919.86,920.49
2017/2/2,1011.8,937.06,928.05
2017/2/3,1029.91,958.31,941.29
2017/2/4,1042.9,987.58,955.55
2017/2/5,1027.34,1002.39,969.47
2017/2/6,1038.15,1015.44,981.43
2017/2/7,1061.35,1021.9,994.38
2017/2/8,1063.07,1030.22,1010.14
2017/2/9,994.38,1035.26,1025.99
2017/2/10,988.67,1010.32,1028.66
2017/2/11,1004.45,979.17,1028.62
2017/2/12,999.18,960.95,1027.8
2017/2/13,990.64,975.48,1024.39
2017/2/14,1004.55,985.25,1018.58
2017/2/15,1007.48,986.46,1016.05
2017/2/16,1027.44,988.02,1012.64
2017/2/17,1046.21,998.57,1008.87
2017/2/18,1054.42,1011.62,1007
2017/2/19,1047.87,1026.75,1013.67
2017/2/20,1079.98,1038.69,1020.25
2017/2/21,1115.3,1044.04,1028.64
2017/2/22,1117.44,1054.03,1041.54
2017/2/23,1166.72,1073.06,1055.63
2017/2/24,1173.68,1098.15,1073.65
2017/2/25,1143.84,1116.49,1092.12
2017/2/26,1165.2,1124.5,1105.05
2017/2/27,1179.97,1128.92,1118.27
2017/2/28,1179.97,1139.39,1132.22
2017/3/1,1222.5,1155.13,1146.9
2017/3/2,1251.01,1171.63,1162.74
2017/3/3,1274.99,1189.04,1177.81
2017/3/4,1255.15,1215.34,1195.32
2017/3/5,1267.12,1232.28,1205.15
2017/3/6,1272.83,1239.76,1215.53
2017/3/7,1223.54,1244.39,1229.86
2017/3/8,1150,1235.82,1236.34
2017/3/9,1188.49,1205.83,1233.01
2017/3/10,1116.72,1164.7,1233.96
2017/3/11,1175.83,1122.19,1222.21
2017/3/12,1221.38,1111.6,1213.85
2017/3/13,1231.92,1122.98,1207.9
2017/3/14,1240,1169.57,1205.31
2017/3/15,1249.61,1204.37,1202.3
2017/3/16,1187.81,1225.83,1199.72
2017/3/17,1100.23,1204.3,1195.75
2017/3/18,973.82,1163.92,1190.22
2017/3/19,1036.74,1069.89,1166.37
2017/3/20,1054.23,1011.32,1157.48
2017/3/21,1120.54,990.36,1143.97
2017/3/22,1049.14,1022.92,1132.77
2017/3/23,1038.59,1035.42,1112.46
2017/3/24,937.52,1032.83,1090.08
2017/3/25,972.78,992.5,1055.4
2017/3/26,966.72,955.67,1031.51
2017/3/27,1045.77,930.75,1016.68
2017/3/28,1047.15,943.29,1024.67
2017/3/29,1039.97,984.63,1025.83
2017/3/30,1026.43,1005.2,1024.24
2017/3/31,1071.79,1021.22,1013.79
2017/4/1,1080.5,1020.85,1016.3
2017/4/2,1102.17,1035.92,1020.96
2017/4/3,1143.81,1054.39,1039.25
2017/4/4,1133.25,1079.83,1058.26
2017/4/5,1124.78,1099.64,1076.76
2017/4/6,1182.68,1112.37,1085.54
2017/4/7,1176.9,1119.99,1100.6
2017/4/8,1175.95,1134.28,1115.81
2017/4/9,1187.87,1150.59,1132.43
2017/4/10,1187.13,1165.94,1145.32
2017/4/11,1205.01,1171.16,1157.17
2017/4/12,1200.37,1179.45,1168.6
2017/4/13,1169.28,1187.75,1174.88
2017/4/14,1167.54,1180.22,1178.89
2017/4/15,1172.52,1171,1183.64
2017/4/16,1182.94,1160.4,1182.51
2017/4/17,1193.91,1165.79,1183.18
2017/4/18,1211.67,1170.07,1185.17
2017/4/19,1210.29,1179.68,1187.82
2017/4/20,1229.08,1190.5,1190.39
2017/4/21,1222.05,1202.42,1193.07
2017/4/22,1231.71,1209.68,1195.48
2017/4/23,1207.21,1210.81,1202.41
2017/4/24,1250.15,1209.32,1206.82
2017/4/25,1265.49,1207.35,1215.45
2017/4/26,1281.08,1221.18,1224.62
2017/4/27,1317.73,1241.84,1234.3
2017/4/28,1316.48,1265.73,1246.09
2017/4/29,1321.79,1279.87,1257.89
2017/4/30,1347.89,1296.29,1268.19
2017/5/1,1421.6,1307.5,1282.17
2017/5/2,1452.82,1326.14,1303.27
2017/5/3,1490.09,1359.64,1330.56
2017/5/4,1537.67,1403.83,1357.22
2017/5/5,1555.45,1451.3,1387.46
2017/5/6,1578.8,1489.51,1417.95
2017/5/7,1596.71,1521.18,1446.95
2017/5/8,1723.35,1544.19,1478.09
2017/5/9,1755.36,1566.39,1522.71
2017/5/10,1787.13,1624.33,1567.98
2017/5/11,1848.57,1677.44,1608.6
2017/5/12,1724.24,1730.25,1652.57
2017/5/13,1804.91,1722.82,1678.59
2017/5/14,1808.91,1700.15,1708.28
2017/5/15,1738.43,1707.24,1736.44
2017/5/16,1734.45,1712.08,1754.18
2017/5/17,1839.09,1723.9,1769.48
2017/5/18,1888.65,1685.66,1782.34
2017/5/19,1987.71,1718.52,1797.15
2017/5/20,2084.73,1786.43,1819.44
2017/5/21,2041.2,1890.76,1845.68
2017/5/22,2173.4,1967.56,1880.9
2017/5/23,2320.42,2010.1,1921.84
2017/5/24,2443.64,2077.96,1978.68
2017/5/25,2304.98,2172.58,2057.03
2017/5/26,2202.42,2261.72,2120.42
2017/5/27,2038.87,2226.22,2160.79
2017/5/28,2155.8,2071.04,2177.49
2017/5/29,2255.61,1993.97,2196.16
2017/5/30,2175.47,2005.69,2215.15
2017/5/31,2286.41,2095.27,2230.07
2017/6/1,2407.88,2125.77,2242.62
2017/6/2,2488.55,2186.16,2252.34
2017/6/3,2515.35,2269.07,2257.33
2017/6/4,2511.81,2361.74,2280.71
2017/6/5,2686.81,2416.48,2315.08
2017/6/6,2863.2,2462.11,2387.08
2017/6/7,2732.16,2551.2,2465.68
2017/6/8,2805.62,2633.87,2518.63
2017/6/9,2823.81,2687.45,2588.64
2017/6/10,2947.71,2722.38,2648.35
2017/6/11,2958.11,2737.71,2708.34
2017/6/12,2659.63,2794.23,2760.51
2017/6/13,2717.02,2701.88,2776.54
2017/6/14,2506.37,2669.82,2799.34
2017/6/15,2464.58,2527.29,2779.29
2017/6/16,2518.56,2425.43,2735
2017/6/17,2655.88,2337.02,2711.27
2017/6/18,2548.29,2361.02,2694.63
2017/6/19,2589.6,2462.15,2664.02
2017/6/20,2721.79,2516.77,2624.23
2017/6/21,2689.1,2551.73,2597.97
2017/6/22,2705.41,2599.75,2601.24
2017/6/23,2744.91,2630.86,2599.95
2017/6/24,2608.72,2669.71,2626.46
2017/6/25,2589.41,2643.97,2642.47
2017/6/26,2478.45,2613.89,2650.35
2017/6/27,2552.45,2503.87,2630.63
2017/6/28,2574.79,2420.47,2631.09
2017/6/29,2539.32,2397.9,2629.45
2017/6/30,2480.84,2442.63,2609.17
2017/7/1,2434.55,2491.11,2586.03
2017/7/2,2506.47,2469.38,2555.94
2017/7/3,2564.06,2430.83,2529.44
2017/7/4,2601.64,2431.51,2524.48
2017/7/5,2601.99,2478.22,2525.84
2017/7/6,2608.56,2526.12,2539.57
2017/7/7,2518.66,2559.86,2545.8
2017/7/8,2571.34,2539.7,2539.57
2017/7/9,2518.44,2524.29,2543.12
2017/7/10,2372.56,2502.92,2547.3
2017/7/11,2337.79,2443.68,2540.41
2017/7/12,2398.84,2378.51,2521.67
2017/7/13,2357.9,2297.69,2503.31
2017/7/14,2233.34,2304.26,2476.23
2017/7/15,1998.86,2266.4,2435.27
2017/7/16,1929.82,2171.49,2367.53
2017/7/17,2228.41,2005.55,2302.1
2017/7/18,2318.88,1922.02,2264
2017/7/19,2273.43,1980.14,2241.82
2017/7/20,2817.6,2119.21,2230.81
2017/7/21,2667.76,2231.63,2284.12
2017/7/22,2810.12,2383.99,2314
2017/7/23,2730.4,2516.48,2364.25
2017/7/24,2754.86,2644.5,2419.48
2017/7/25,2576.48,2670.28,2503.48
2017/7/26,2529.45,2611.36,2575.33
2017/7/27,2671.78,2543.65,2608.78
2017/7/28,2809.01,2487.03,2647.99
2017/7/29,2726.45,2553.29,2707.5
2017/7/30,2757.18,2633.96,2697.37
2017/7/31,2875.34,2672.46,2707.3
2017/8/1,2718.26,2686.09,2714.55
2017/8/2,2710.67,2683.69,2713.2
2017/8/3,2804.73,2691.6,2708.29
2017/8/4,2895.89,2679.78,2733.65
2017/8/5,3252.91,2699.15,2774.37
2017/8/6,3213.94,2767.9,2838.94
2017/8/7,3378.94,2924.72,2883.93
2017/8/8,3419.94,3070.44,2956.43
2017/8/9,3342.47,3227.44,3030.07
2017/8/10,3381.28,3258.13,3081.97
2017/8/11,3650.62,3304.32,3155.64
2017/8/12,3884.71,3313.09,3260.08
2017/8/13,4073.26,3435.1,3380.08
2017/8/14,4325.13,3614.54,3510.9
2017/8/15,4181.93,3820.22,3630.03
2017/8/16,4376.63,3917.71,3737.59
2017/8/17,4331.69,3963.25,3848.44
2017/8/18,4160.62,4048.1,3949.75
2017/8/19,4193.7,4084.51,4040.65
2017/8/20,4087.66,4076.55,4130.92
2017/8/21,4001.74,4018.61,4179.48
2017/8/22,4100.52,4009.68,4192.48
2017/8/23,4151.52,3911.02,4195.51
2017/8/24,4334.68,3913.86,4176.22
2017/8/25,4371.6,3961.08,4193.2
2017/8/26,4352.4,4172.01,4192.64
2017/8/27,4382.88,4235.71,4194.94
2017/8/28,4382.66,4298.05,4219.63
2017/8/29,4579.02,4270.48,4240.63
2017/8/30,4565.3,4298.02,4295.22
2017/8/31,4703.39,4349.39,4357.84
2017/9/1,4892.01,4457.65,4424.83
2017/9/2,4578.77,4566.45,4507.1
2017/9/3,4582.96,4565.72,4534.23
2017/9/4,4236.31,4521.79,4557.71
2017/9/5,4376.53,4331.74,4544.81
2017/9/6,4597.12,4174.7,4544.11
2017/9/7,4599.88,4161.03,4567.93
2017/9/8,4228.75,4288.68,4570.25
2017/9/9,4226.06,4314.37,4532.86
2017/9/10,4122.94,4226.87,4479.82
2017/9/11,4161.27,4046.78,4394.37
2017/9/12,4130.81,4054.85,4347.98
2017/9/13,3882.59,4045.22,4297.74
2017/9/14,3154.95,3991.51,4258.44
2017/9/15,3637.52,3676.33,4122.71
2017/9/16,3625.04,3296.8,4016.09
2017/9/17,3582.88,3196.09,3907.77
2017/9/18,4065.2,3293.35,3836.01
2017/9/19,3924.97,3508.17,3818.13
2017/9/20,3905.95,3635.2,3796.14
2017/9/21,3631.04,3772.56,3767.77
2017/9/22,3630.7,3780.08,3712.24
2017/9/23,3792.4,3674.96,3684.25
2017/9/24,3682.84,3587.25,3755.08
2017/9/25,3926.07,3605,3760.11
2017/9/26,3892.35,3647.69,3793.56
2017/9/27,4200.67,3739.46,3827.95
2017/9/28,4174.73,3812.1,3843
2017/9/29,4163.07,3954.81,3870.75
2017/9/30,4338.71,4011.27,3899.32
2017/10/1,4403.74,4103.28,3977.95
2017/10/2,4409.32,4156.65,4063.84
2017/10/3,4317.48,4269.38,4132.39
2017/10/4,4229.36,4302.05,4202.9
2017/10/5,4328.41,4282.26,4236.6
2017/10/6,4370.81,4211.12,4285.05
2017/10/7,4426.89,4231.67,4303.96
2017/10/8,4610.48,4268.54,4331.98
2017/10/9,4772.02,4349.07,4381.69
2017/10/10,4781.99,4430.31,4429.83
2017/10/11,4826.48,4578.33,4471.86
2017/10/12,5446.91,4693.66,4518.21
2017/10/13,5647.21,4779.58,4643.71
2017/10/14,5831.79,5003.49,4801.24
2017/10/15,5678.19,5283.5,4968.29
2017/10/16,5725.59,5502.37,5113.55
2017/10/17,5605.51,5538.15,5257.85
2017/10/18,5590.69,5498.51,5368.41
2017/10/19,5708.52,5389.46,5459.37
2017/10/20,6011.45,5385.07,5562.32
2017/10/21,6031.6,5436.58,5693.98
2017/10/22,6008.42,5707.79,5758.95
2017/10/23,5930.32,5794.88,5799.08
2017/10/24,5526.64,5829.96,5810.03
2017/10/25,5750.8,5676.33,5793.19
2017/10/26,5904.83,5544.84,5795.99
2017/10/27,5780.9,5541.09,5829.25
2017/10/28,5753.09,5615.97,5850.39
2017/10/29,6153.85,5713.08,5855.34
2017/10/30,6130.53,5714.2,5871.16
2017/10/31,6468.4,5818.21,5882.15
2017/11/1,6767.31,5956.25,5933.26
2017/11/2,7078.5,6174.02,6026.26
2017/11/3,7207.76,6413.31,6198.69
2017/11/4,7379.95,6713.18,6360.57
2017/11/5,7407.41,6930.98,6524.48
2017/11/6,7022.76,7122.47,6705.2
2017/11/7,7144.38,7123.93,6846.27
2017/11/8,7459.69,7121.2,6956.33
2017/11/9,7143.58,7048.14,7104.02
2017/11/10,6618.14,7079.55,7179.04
2017/11/11,6357.6,6884.14,7162.46
2017/11/12,5950.07,6580.87,7082.36
2017/11/13,6559.49,6053.37,6942.62
2017/11/14,6635.75,5855.84,6851.46
2017/11/15,7315.54,5941.68,6765.72
2017/11/16,7871.69,6313.6,6798.25
2017/11/17,7708.99,6757.7,6879.06
2017/11/18,7790.15,7124.14,6906.76
2017/11/19,8036.49,7400.37,6978.6
2017/11/20,8200.64,7572.88,7136.2
2017/11/21,8071.26,7702.3,7340.98
2017/11/22,8253.55,7802.06,7576.67
2017/11/23,8038.77,7929.18,7764.9
2017/11/24,8253.69,7958.98,7920.79
2017/11/25,8790.92,8018.39,8025.03
2017/11/26,9330.55,8056.95,8127.16
2017/11/27,9818.35,8302.56,8307.34
2017/11/28,10058.8,8773.15,8532.69
2017/11/29,9888.61,9288.2,8757.39
2017/11/30,10233.6,9563.35,8944.94
2017/12/1,10975.6,9513.13,9185.2
2017/12/2,11074.6,9499.24,9487.65
2017/12/3,11323.2,9933.93,9824.97
2017/12/4,11657.2,10487.25,10166.03
2017/12/5,11916.7,10949.63,10484.5
2017/12/6,14291.5,11182.8,10771.85
2017/12/7,17899.7,11536.6,11268.87
2017/12/8,16569.4,12528.43,12140.08
2017/12/9,15178.2,13439.2,12882.39
2017/12/10,15455.4,14023.03,13431.79
2017/12/11,16936.8,13746.13,13929.54
2017/12/12,17415.4,14102.1,14580.9
2017/12/13,16408.2,15067.67,15257.81
2017/12/14,16564,16005.37,15785.7
2017/12/15,17706.9,16265.73,16302.07
2017/12/16,19497.4,16275.63,16681.56
2017/12/17,19140.8,16767.5,16859.08
2017/12/18,19114.2,17696.9,17144.79
2017/12/19,17776.7,18281.77,17582.12
2017/12/20,16624.6,18201.8,17840.04
2017/12/21,15802.9,17236.33,17805.36
2017/12/22,13831.8,16231.93,17626.19
2017/12/23,14699.2,14417.8,17339.92
2017/12/24,13925.8,13668.17,17132.72
2017/12/25,14026.6,12803.17,16712.6
2017/12/26,16099.8,13341.8,16104.73
2017/12/27,15838.5,13408.5,15766.84
2017/12/28,14606.5,14197.37,15402.88
2017/12/29,14656.2,14360.17,15050.63
2017/12/30,12952.2,14452.87,14831.92
2017/12/31,14156.4,13531.47,14515.18
2018/1/1,13657.2,13137.57,14551.24
2018/1/2,14982.1,12753.47,14435.47
2018/1/3,15201,13024.63,14552.83
2018/1/4,15599.2,13720.93,14683.32
2018/1/5,17429.5,14176.77,14627.7
2018/1/6,17527,14856.5,14804.48
2018/1/7,16477.6,15496.53,15128.98
2018/1/8,15170.1,16018.37,15331.36
2018/1/9,14595.4,15686.83,15577.79
2018/1/10,14973.3,14906.63,15626.57
2018/1/11,13405.8,14107.8,15772.8
2018/1/12,13980.6,13740.37,15597.66
2018/1/13,14360.2,13318.4,15462.06
2018/1/14,13772,13405.47,15324.39
2018/1/15,13819.8,13459.5,14918
2018/1/16,11490.5,13620.7,14506.09
2018/1/17,11188.6,12368.2,13951.97
2018/1/18,11474.9,11079.63,13509.58
2018/1/19,11607.4,10179.9,13162.86
2018/1/20,12899.2,10505.63,12788.87
2018/1/21,11600.1,11256.93,12732.58
2018/1/22,10931.4,11372.17,12468.08
2018/1/23,10868.4,11061.53,12087.1
2018/1/24,11359.4,10552.7,11764.48
2018/1/25,11259.4,10336.57,11491.1
2018/1/26,11171.4,10608.97,11465.42
2018/1/27,11440.7,10722.5,11463.51
2018/1/28,11786.3,10838.97,11459.71
2018/1/29,11296.4,10978.27,11479.59
2018/1/30,10106.3,11214.57,11301.5
2018/1/31,10221.1,10896.9,11135.52
2018/2/1,9170.54,10330.94,11056.6
2018/2/2,8830.75,9541.97,10867.95
2018/2/3,9174.91,8795.4,10586.99
2018/2/4,8277.01,8286.8,10355.38
2018/2/5,6955.27,8026.45,10033.78
2018/2/6,7754,7679.84,9535.4
2018/2/7,7621.3,6945.39,9087.36
2018/2/8,8265.59,6680.58,8679.02
2018/2/9,8736.98,6974.3,8474.5
2018/2/10,8621.9,7586.45,8309.59
2018/2/11,8129.97,7939.35,8248.63
2018/2/12,8926.57,8037.09,8170.77
2018/2/13,8598.31,8122.67,8143.18
2018/2/14,9494.63,8175.98,8178.88
2018/2/15,10166.4,8398.92,8461.03
2018/2/16,10233.9,8816.97,8729.07
2018/2/17,11112.7,9273.44,9019.36
2018/2/18,10551.8,9789.93,9335.71
2018/2/19,11225.3,10100.07,9537.35
2018/2/20,11403.7,10329.53,9826.62
2018/2/21,10690.4,10690.33,10190.37
2018/2/22,10005,10741.37,10386.35
2018/2/23,10301.1,10550,10542.65
2018/2/24,9813.07,10050.92,10632.26
2018/2/25,9664.73,9740.21,10593
2018/2/26,10366.7,9562.86,10529.76
2018/2/27,10725.6,9485.25,10446.87
2018/2/28,10397.9,9718.3,10466.18
2018/3/1,10951,10046.98,10374.24
2018/3/2,11086.4,10330.63,10323.94
2018/3/3,11489.7,10531.97,10367.94
2018/3/4,11512.6,10735.07,10532.91
2018/3/5,11573.3,10996.2,10667.52
2018/3/6,10779.9,11194.13,10863.1
2018/3/7,9965.57,11091.43,10987.01
2018/3/8,9395.01,10610.11,10942.44
2018/3/9,9337.55,9907.43,10794.6
2018/3/10,8866,9180.34,10676.78
2018/3/11,9578.63,8892.46,10445.11
2018/3/12,9205.12,8649.54,10277.58
2018/3/13,9194.85,8797.34,10023.74
2018/3/14,8269.81,8840.58,9766.21
2018/3/15,8300.86,8661.07,9399.16
2018/3/16,8338.35,8269.94,9123.71
2018/3/17,7916.88,7952.32,8942.91
2018/3/18,8223.68,7867.06,8778.67
2018/3/19,8630.65,7738.71,8654.91
2018/3/20,8913.47,7797.74,8628.76
2018/3/21,8929.28,7990.09,8554.85
2018/3/22,8728.47,8472.87,8524.2
2018/3/23,8879.62,8600.37,8472.38
2018/3/24,8668.12,8590.62,8540.14
2018/3/25,8495.78,8530.41,8580.95
2018/3/26,8209.4,8491.81,8598.44
2018/3/27,7833.04,8345.41,8630.94
2018/3/28,7954.48,8055.94,8587.54
2018/3/29,7165.7,7842.63,8512.41
2018/3/30,6890.52,7562.61,8318.21
2018/3/31,6973.53,7191.49,8091.68
2018/4/1,6844.23,6876.28,7896.69
2018/4/2,7083.8,6691.44,7670.53
2018/4/3,7456.11,6735.66,7494.5
2018/4/4,6853.84,6805.31,7378.98
2018/4/5,6811.47,6897.65,7228.36
2018/4/6,6636.32,6840.39,7114.85
2018/4/7,6911.09,6674.56,6968.39
2018/4/8,7023.52,6616.77,6940.1
2018/4/9,6770.73,6708.5,6954.88
2018/4/10,6834.76,6737.49,6932.35
2018/4/11,6968.32,6762.04,6931.29
2018/4/12,7889.25,6727.91,6918.46
2018/4/13,7895.96,6776.08,6966.59
2018/4/14,7986.24,7127.68,7082.38
2018/4/15,8329.11,7470.48,7212.91
2018/4/16,8058.67,7868.09,7401
2018/4/17,7902.09,7923.69,7528.51
2018/4/18,8163.42,7935.59,7626.13
2018/4/19,8294.31,7897.82,7780.87
2018/4/20,8845.83,7968.84,7943.04
2018/4/21,8895.58,8089.78,8151.65
2018/4/22,8802.46,8345.16,8263.47
2018/4/23,8930.88,8558.77,8364.19
2018/4/24,9697.5,8740.19,8469.15
2018/4/25,8845.74,8832.08,8621.19
2018/4/26,9281.51,8838.83,8708.65
2018/4/27,8987.05,8818.25,8861.91
2018/4/28,9348.48,8837.99,8953.43
2018/4/29,9419.08,8882.04,9070.56
2018/4/30,9240.55,9037.58,9134.25
2018/5/1,9119.01,9097.5,9172.58
2018/5/2,9235.92,9083.86,9207.76
2018/5/3,9743.86,9024.33,9241.65
2018/5/4,9700.76,9031.45,9246.8
2018/5/5,9858.15,9263.08,9341.8
2018/5/6,9654.8,9489.74,9405.87
2018/5/7,9373.01,9582.11,9480.07
2018/5/8,9234.82,9463.97,9482.79
2018/5/9,9325.18,9274.85,9462.32
2018/5/10,9043.94,9130.31,9471.72
2018/5/11,8441.49,9066.64,9463.38
2018/5/12,8504.89,8822.2,9375.11
2018/5/13,8723.94,8552.83,9237.45
2018/5/14,8716.79,8337.69,9128.91
2018/5/15,8510.38,8328.86,9002.1
2018/5/16,8368.83,8406.51,8874.94
2018/5/17,8094.32,8333.3,8763.36
2018/5/18,8250.97,8228.69,8636.64
2018/5/19,8247.18,8068.14,8517.28
2018/5/20,8513.25,8070.76,8428.75
2018/5/21,8418.99,8121.14,8436.73
2018/5/22,8041.78,8251.24,8427.18
2018/5/23,7557.82,8191.65,8351.39
2018/5/24,7587.34,7959.19,8222.61
2018/5/25,7480.14,7614.53,8120.05
2018/5/26,7355.88,7410.56,8021.31
2018/5/27,7368.22,7357.64,7939.26
2018/5/28,7135.99,7337.58,7841.18
2018/5/29,7472.59,7240.32,7717.71
2018/5/30,7406.52,7154.18,7602.08
2018/5/31,7494.17,7168.39,7489.59
2018/6/1,7541.45,7255.14,7428.74
2018/6/2,7643.45,7360.69,7426.92
2018/6/3,7720.25,7421.91,7433.16
2018/6/4,7514.47,7505.88,7459.84
2018/6/5,7633.76,7528.11,7477.46
2018/6/6,7653.98,7494.69,7506.96
2018/6/7,7678.24,7457.68,7564.52
2018/6/8,7624.92,7516.61,7587.37
2018/6/9,7531.98,7570.41,7611.63
2018/6/10,6786.02,7580.4,7615.83
2018/6/11,6906.92,7266.48,7531.9
2018/6/12,6582.36,6982.56,7450.06
2018/6/13,6349.9,6652.59,7323.63
2018/6/14,6675.35,6511.45,7194.23
2018/6/15,6456.58,6387.39,7087.74
2018/6/16,6550.16,6351.32,6954.7
2018/6/17,6499.27,6390.21,6829.35
2018/6/18,6734.82,6445.14,6704.28
2018/6/19,6769.94,6449.41,6615.71
2018/6/20,6776.55,6551.96,6613.92
2018/6/21,6729.74,6589.49,6599.44
2018/6/22,6083.69,6678.99,6615.81
2018/6/23,6162.48,6444.55,6586.23
2018/6/24,6173.23,6264.53,6529.25
2018/6/25,6249.18,5968.27,6497.76
2018/6/26,6093.67,6005.97,6464.32
2018/6/27,6157.13,6013.25,6419.26
2018/6/28,5903.44,6088.73,6355.07
2018/6/29,6218.3,6006.52,6258.79
2018/6/30,6404,5920.55,6196.76
2018/7/1,6385.82,5974.34,6160.57
2018/7/2,6614.18,6113.09,6194.14
2018/7/3,6529.59,6269.74,6244.33
2018/7/4,6597.55,6347.58,6283.92
2018/7/5,6639.14,6401.3,6322.63
2018/7/6,6673.5,6481.62,6383.24
2018/7/7,6856.93,6510.22,6440.61
2018/7/8,6773.88,6553.15,6546.56
2018/7/9,6741.75,6620.26,6608.29
2018/7/10,6329.95,6683.85,6645.82
2018/7/11,6394.71,6597.68,6639.61
2018/7/12,6228.81,6458.51,6615.22
2018/7/13,6238.05,6262.54,6581.8
2018/7/14,6276.12,6219.71,6541.86
2018/7/15,6359.64,6180.29,6501.52
2018/7/16,6741.75,6220.32,6466.65
2018/7/17,7321.04,6275.25,6453.85
2018/7/18,7370.78,6432.56,6514.65
2018/7/19,7466.86,6773.88,6584.54
2018/7/20,7354.13,7086.7,6710.86
2018/7/21,7419.29,7299.73,6817.46
2018/7/22,7418.49,7293.71,6949.74
2018/7/23,7711.11,7323.16,7080.9
2018/7/24,8424.27,7351.78,7240.34
2018/7/25,8181.39,7499.47,7469.75
2018/7/26,7951.58,7733.65,7629.71
2018/7/27,8165.01,7890.19,7699.77
2018/7/28,8192.15,7934.94,7788.01
2018/7/29,8218.46,7943.08,7868.6
2018/7/30,8180.48,8030.57,7964.64
2018/7/31,7780.44,8056.48,8049.22
2018/8/1,7624.91,7918.54,8089.43
2018/8/2,7567.15,7706.46,8079.85
2018/8/3,7434.39,7575.11,7984.62
2018/8/4,7032.85,7452.35,7901.62
2018/8/5,7068.48,7278.72,7799.54
2018/8/6,6951.8,7084.47,7677.7
2018/8/7,6753.12,6938.44,7539.88
2018/8/8,6305.8,6859.83,7377.07
2018/8/9,6568.23,6621.67,7168.77
2018/8/10,6184.71,6407.84,7034.08
2018/8/11,6295.73,6199.94,6874.06
2018/8/12,6322.69,6160.87,6732.79
2018/8/13,6297.57,6157.02,6609.27
2018/8/14,6199.71,6190.75,6527.57
2018/8/15,6308.52,6144.76,6431.04
2018/8/16,6334.73,6139.4,6359.56
2018/8/17,6580.63,6156.29,6313.08
2018/8/18,6423.76,6274.27,6343.61
2018/8/19,6506.07,6318.37,6327.56
2018/8/20,6308.53,6346.75,6363.27
2018/8/21,6488.76,6337.74,6364.69
2018/8/22,6376.71,6319.24,6383.14
2018/8/23,6534.88,6302.09,6391.94
2018/8/24,6719.96,6326.56,6429.18
2018/8/25,6763.19,6393.36,6474.89
2018/8/26,6707.26,6523.65,6522.5
2018/8/27,6884.64,6606.78,6536.57
2018/8/28,7096.28,6670.47,6587.78
2018/8/29,7047.16,6730.93,6653.36
2018/8/30,6978.23,6847.62,6735.43
2018/8/31,7037.58,6895.95,6789.81
2018/9/1,7193.25,6908.56,6863.24
2018/9/2,7272.72,6930.97,6936.39
2018/9/3,7260.06,7030.12,6997.81
2018/9/4,7361.66,7126.12,7053.02
2018/9/5,6792.83,7198.58,7125.73
2018/9/6,6529.17,7085.47,7115.53
2018/9/7,6467.07,6817.66,7052.52
2018/9/8,6225.98,6531.47,6988.06
2018/9/9,6300.86,6333.04,6904.48
2018/9/10,6329.7,6265.2,6822.62
2018/9/11,6321.2,6230.5,6726.67
2018/9/12,6351.8,6251.4,6620.95
2018/9/13,6517.31,6272.69,6520.03
2018/9/14,6512.71,6293.18,6426.21
2018/9/15,6543.2,6358.5,6395.09
2018/9/16,6517.18,6434.65,6396.65
2018/9/17,6281.2,6469.94,6402.22
2018/9/18,6371.3,6403.72,6408.35
2018/9/19,6398.54,6327.78,6416.18
2018/9/20,6519.67,6243.86,6423.83
2018/9/21,6734.95,6290,6445.88
2018/9/22,6721.98,6366.88,6488.45
2018/9/23,6710.63,6503.04,6511.19
2018/9/24,6595.41,6597.53,6533.18
2018/9/25,6446.47,6625.71,6538.98
2018/9/26,6495,6547.39,6531.13
2018/9/27,6676.75,6453.55,6554.88
2018/9/28,6644.13,6414.9,6588.82
2018/9/29,6601.96,6487.05,6616.11
2018/9/30,6625.56,6524.97,6625.25
2018/10/1,6589.62,6558.84,6613.1
2018/10/2,6556.1,6542.42,6598.39
2018/10/3,6502.59,6551.17,6581.22
2018/10/4,6576.69,6513.67,6570.91
2018/10/5,6622.48,6496.61,6585.38
2018/10/6,6588.31,6503.12,6599.54
2018/10/7,6602.95,6544.37,6589.72
2018/10/8,6652.23,6564.08,6585.14
2018/10/9,6642.64,6570.29,6590.73
2018/10/10,6585.53,6580.01,6592.62
2018/10/11,6256.24,6573.98,6592.17
2018/10/12,6274.58,6463.21,6558.85
2018/10/13,6285.99,6339.72,6533.52
2018/10/14,6290.93,6246.67,6501.22
2018/10/15,6596.54,6258.81,6464.38
2018/10/16,6596.11,6266.21,6465.29
2018/10/17,6544.43,6370.07,6464.53
2018/10/18,6476.71,6449.17,6452.55
2018/10/19,6465.41,6512.95,6434.12
2018/10/20,6489.19,6470.93,6420.77
2018/10/21,6482.35,6448.12,6446.65
2018/10/22,6487.16,6456.77,6469.74
2018/10/23,6475.74,6462.66,6492.09
2018/10/24,6495.84,6463.42,6512.63
2018/10/25,6476.29,6461.04,6501.44
2018/10/26,6474.75,6455.72,6488.12
2018/10/27,6480.38,6455.17,6480.38
2018/10/28,6486.39,6450.06,6480.79
2018/10/29,6332.63,6450.35,6483.12
2018/10/30,6334.27,6402.81,6465.73
2018/10/31,6317.61,6355.01,6449.27
2018/11/1,6377.78,6311.34,6430.43
2018/11/2,6388.44,6312.95,6419.55
2018/11/3,6361.26,6318.7,6407.62
2018/11/4,6376.13,6327.19,6394.83
2018/11/5,6419.66,6321.44,6383.88
2018/11/6,6461.01,6333.52,6377.13
2018/11/7,6530.14,6355.45,6374.31
2018/11/8,6453.72,6413.36,6396.26
2018/11/9,6385.62,6438.33,6409.53
2018/11/10,6409.22,6426.74,6417.08
2018/11/11,6411.27,6399.07,6420.58
2018/11/12,6371.27,6369.62,6423.11
2018/11/13,6359.49,6365.32,6424.23
2018/11/14,5738.35,6351.1,6422.38
2018/11/15,5648.03,6082.41,6346.68
2018/11/16,5575.55,5748.38,6256.35
2018/11/17,5554.33,5467.14,6150.28
2018/11/18,5623.54,5458.96,6050.35
2018/11/19,4871.49,5526.08,5965.67
2018/11/20,4451.87,5307.4,5794.81
2018/11/21,4602.17,4891.59,5577.1
2018/11/22,4365.94,4486.33,5380.54
2018/11/23,4347.11,4327.24,5159.03
2018/11/24,3880.76,4301.77,5004.45
2018/11/25,4009.97,4118.83,4808.08
2018/11/26,3779.13,3858.63,4634.13
2018/11/27,3820.72,3674.71,4436.89
2018/11/28,4257.42,3630,4236.57
2018/11/29,4278.85,3709.13,4168.34
2018/11/30,4017.27,3876.42,4149.12
2018/12/1,4214.67,3970.35,4084.13
2018/12/2,4139.88,4019.43,4067.32
2018/12/3,3894.13,4007.84,4044.3
2018/12/4,3956.89,3973.71,4045.78
2018/12/5,3753.99,3928.06,4039.88
2018/12/6,3521.1,3809.06,4037.09
2018/12/7,3419.94,3702.61,4003.8
2018/12/8,3476.11,3518.44,3910.75
2018/12/9,3614.23,3383.99,3821.55
2018/12/10,3502.66,3366.66,3776.77
2018/12/11,3424.59,3429.96,3697.66
2018/12/12,3486.95,3443.83,3618.18
2018/12/13,3313.68,3425.29,3572.94
2018/12/14,3242.48,3367.95,3501.47
2018/12/15,3236.76,3306.05,3444.64
2018/12/16,3252.84,3231.99,3413.04
2018/12/17,3545.86,3210.55,3394.48
2018/12/18,3696.06,3226.08,3402.23
2018/12/19,3745.95,3324.7,3411.32
2018/12/20,4134.44,3475.84,3438.35
2018/12/21,3896.54,3634.46,3517.22
2018/12/22,4014.18,3755.72,3562.73
2018/12/23,3998.98,3811.89,3640.57
2018/12/24,4078.6,3894.37,3724.62
2018/12/25,3815.49,3944.16,3818.16
2018/12/26,3857.3,3912.25,3880.68
2018/12/27,3654.83,3843.4,3915.28
2018/12/28,3923.92,3725.11,3910.7
2018/12/29,3820.41,3685.98,3930.48
2018/12/30,3865.95,3702.83,3895.58
2018/12/31,3742.7,3753.42,3892.18
2019/1/1,3843.52,3781.17,3862.02
2019/1/2,3943.41,3743.44,3844.75
2019/1/3,3836.74,3750.17,3829.73
2019/1/4,3857.72,3783.62,3832.09
2019/1/5,3845.19,3809.16,3832.13
2019/1/6,4076.63,3815.66,3853.28
2019/1/7,4025.25,3815.75,3870.25
2019/1/8,4030.85,3894.77,3893.01
2019/1/9,4035.3,3948.12,3911.33
2019/1/10,3678.92,4013.5,3943.85
2019/1/11,3687.37,3892.93,3925.56
2019/1/12,3661.3,3778.3,3897.11
2019/1/13,3552.95,3655.35,3877.61
2019/1/14,3706.05,3617.27,3843.75
2019/1/15,3630.68,3583.68,3828.29
2019/1/16,3655.01,3572.39,3778.74
2019/1/17,3678.56,3598.97,3737.6
2019/1/18,3657.84,3622.19,3698.46
2019/1/19,3728.57,3627.9,3656.52
2019/1/20,3601.01,3637.14,3662.04
2019/1/21,3576.03,3624.16,3652.44
2019/1/22,3604.58,3597.98,3642.97
2019/1/23,3585.12,3560.43,3648.7
2019/1/24,3600.87,3554.52,3635.27
2019/1/25,3599.77,3558.04,3631.95
2019/1/26,3602.46,3570,3625.82
2019/1/27,3583.97,3579.35,3617.36
2019/1/28,3470.45,3578.73,3609.15
2019/1/29,3448.12,3533.28,3580.47
2019/1/30,3486.18,3469.1,3563.49
2019/1/31,3457.79,3423.15,3553.5
2019/2/1,3487.95,3426.04,3537.19
2019/2/2,3521.06,3436.3,3526.4
2019/2/3,3464.01,3449.03,3517.53
2019/2/4,3459.15,3449.03,3502.44
2019/2/5,3466.36,3452.69,3486.52
2019/2/6,3413.77,3447.48,3473.45
2019/2/7,3399.47,3431.03,3467.15
2019/2/8,3666.78,3414.91,3461.75
2019/2/9,3671.2,3394.6,3481.82
2019/2/10,3690.19,3477.27,3505.53
2019/2/11,3648.43,3559.52,3528
2019/2/12,3653.53,3643.28,3542.15
2019/2/13,3632.07,3633.94,3563.21
2019/2/14,3616.88,3626.03,3582.42
2019/2/15,3620.81,3614.5,3599.15
2019/2/16,3629.79,3611.05,3622.15
2019/2/17,3673.84,3610.39,3647.74
2019/2/18,3915.71,3614.22,3648.53
2019/2/19,3947.09,3634.81,3675.69
2019/2/20,3999.82,3732.44,3704.24
2019/2/21,3954.12,3834.79,3743.28
2019/2/22,4005.53,3924.84,3776.68
2019/2/23,4142.53,3939.06,3818.18
2019/2/24,3810.43,3953.22,3876.58
2019/2/25,3882.7,3904.42,3897.65
2019/2/26,3854.36,3856.48,3925.75
2019/2/27,3851.05,3812.9,3945.81
2019/2/28,3854.79,3810.68,3938.63
2019/3/1,3859.58,3823.62,3928.37
2019/3/2,3864.42,3828.19,3912.79
2019/3/3,3847.18,3843.21,3902.82
2019/3/4,3761.56,3840.24,3885.23
2019/3/5,3896.38,3800.93,3842.9
2019/3/6,3903.94,3771.95,3852.45
2019/3/7,3911.48,3783.46,3854.81
2019/3/8,3901.13,3836.92,3861.15
2019/3/9,3963.31,3880.27,3866.72
2019/3/10,3951.6,3887.24,3878.78
2019/3/11,3905.23,3897.33,3889
2019/3/12,3909.16,3902,3893.53
2019/3/13,3906.72,3892.39,3900.42
2019/3/14,3924.37,3881.57,3916.55
2019/3/15,3960.91,3885.59,3919.66
2019/3/16,4048.73,3902.41,3925.99