Date,Mining_Difficulty
2014-04-10 00:00:00 UTC,6119726089
2014-04-11 00:00:00 UTC,6119726089
2014-04-12 00:00:00 UTC,6119726089
2014-04-13 00:00:00 UTC,6119726089
2014-04-14 00:00:00 UTC,6119726089
2014-04-15 00:00:00 UTC,6119726089
2014-04-16 00:00:00 UTC,6119726089
2014-04-17 00:00:00 UTC,6978842650
2014-04-18 00:00:00 UTC,6978842650
2014-04-19 00:00:00 UTC,6978842650
2014-04-20 00:00:00 UTC,6978842650
2014-04-21 00:00:00 UTC,6978842650
2014-04-22 00:00:00 UTC,6978842650
2014-04-23 00:00:00 UTC,6978842650
2014-04-24 00:00:00 UTC,6978842650
2014-04-25 00:00:00 UTC,6978842650
2014-04-26 00:00:00 UTC,6978842650
2014-04-27 00:00:00 UTC,6978842650
2014-04-28 00:00:00 UTC,6978842650
2014-04-29 00:00:00 UTC,8000872136
2014-04-30 00:00:00 UTC,8000872136
2014-05-01 00:00:00 UTC,8000872136
2014-05-02 00:00:00 UTC,8000872136
2014-05-03 00:00:00 UTC,8000872136
2014-05-04 00:00:00 UTC,8000872136
2014-05-05 00:00:00 UTC,8000872136
2014-05-06 00:00:00 UTC,8000872136
2014-05-07 00:00:00 UTC,8000872136
2014-05-08 00:00:00 UTC,8000872136
2014-05-09 00:00:00 UTC,8000872136
2014-05-10 00:00:00 UTC,8000872136
2014-05-11 00:00:00 UTC,8000872136
2014-05-12 00:00:00 UTC,8853416309
2014-05-13 00:00:00 UTC,8853416309
2014-05-14 00:00:00 UTC,8853416309
2014-05-15 00:00:00 UTC,8853416309
2014-05-16 00:00:00 UTC,8853416309
2014-05-17 00:00:00 UTC,8853416309
2014-05-18 00:00:00 UTC,8853416309
2014-05-19 00:00:00 UTC,8853416309
2014-05-20 00:00:00 UTC,8853416309
2014-05-21 00:00:00 UTC,8853416309
2014-05-22 00:00:00 UTC,8853416309
2014-05-23 00:00:00 UTC,8853416309
2014-05-24 00:00:00 UTC,10455720138
2014-05-25 00:00:00 UTC,10455720138
2014-05-26 00:00:00 UTC,10455720138
2014-05-27 00:00:00 UTC,10455720138
2014-05-28 00:00:00 UTC,10455720138
2014-05-29 00:00:00 UTC,10455720138
2014-05-30 00:00:00 UTC,10455720138
2014-05-31 00:00:00 UTC,10455720138
2014-06-01 00:00:00 UTC,10455720138
2014-06-02 00:00:00 UTC,10455720138
2014-06-03 00:00:00 UTC,10455720138
2014-06-04 00:00:00 UTC,10455720138
2014-06-05 00:00:00 UTC,11756551917
2014-06-06 00:00:00 UTC,11756551917
2014-06-07 00:00:00 UTC,11756551917
2014-06-08 00:00:00 UTC,11756551917
2014-06-09 00:00:00 UTC,11756551917
2014-06-10 00:00:00 UTC,11756551917
2014-06-11 00:00:00 UTC,11756551917
2014-06-12 00:00:00 UTC,11756551917
2014-06-13 00:00:00 UTC,11756551917
2014-06-14 00:00:00 UTC,11756551917
2014-06-15 00:00:00 UTC,11756551917
2014-06-16 00:00:00 UTC,11756551917
2014-06-17 00:00:00 UTC,11756551917
2014-06-18 00:00:00 UTC,13462580115
2014-06-19 00:00:00 UTC,13462580115
2014-06-20 00:00:00 UTC,13462580115
2014-06-21 00:00:00 UTC,13462580115
2014-06-22 00:00:00 UTC,13462580115
2014-06-23 00:00:00 UTC,13462580115
2014-06-24 00:00:00 UTC,13462580115
2014-06-25 00:00:00 UTC,13462580115
2014-06-26 00:00:00 UTC,13462580115
2014-06-27 00:00:00 UTC,13462580115
2014-06-28 00:00:00 UTC,13462580115
2014-06-29 00:00:00 UTC,16818461371
2014-06-30 00:00:00 UTC,16818461371
2014-07-01 00:00:00 UTC,16818461371
2014-07-02 00:00:00 UTC,16818461371
2014-07-03 00:00:00 UTC,16818461371
2014-07-04 00:00:00 UTC,16818461371
2014-07-05 00:00:00 UTC,16818461371
2014-07-06 00:00:00 UTC,16818461371
2014-07-07 00:00:00 UTC,16818461371
2014-07-08 00:00:00 UTC,16818461371
2014-07-09 00:00:00 UTC,16818461371
2014-07-10 00:00:00 UTC,16818461371
2014-07-11 00:00:00 UTC,16818461371
2014-07-12 00:00:00 UTC,17336316979
2014-07-13 00:00:00 UTC,17336316979
2014-07-14 00:00:00 UTC,17336316979
2014-07-15 00:00:00 UTC,17336316979
2014-07-16 00:00:00 UTC,17336316979
2014-07-17 00:00:00 UTC,17336316979
2014-07-18 00:00:00 UTC,17336316979
2014-07-19 00:00:00 UTC,17336316979
2014-07-20 00:00:00 UTC,17336316979
2014-07-21 00:00:00 UTC,17336316979
2014-07-22 00:00:00 UTC,17336316979
2014-07-23 00:00:00 UTC,17336316979
2014-07-24 00:00:00 UTC,17336316979
2014-07-25 00:00:00 UTC,18736441558
2014-07-26 00:00:00 UTC,18736441558
2014-07-27 00:00:00 UTC,18736441558
2014-07-28 00:00:00 UTC,18736441558
2014-07-29 00:00:00 UTC,18736441558
2014-07-30 00:00:00 UTC,18736441558
2014-07-31 00:00:00 UTC,18736441558
2014-08-01 00:00:00 UTC,18736441558
2014-08-02 00:00:00 UTC,18736441558
2014-08-03 00:00:00 UTC,18736441558
2014-08-04 00:00:00 UTC,18736441558
2014-08-05 00:00:00 UTC,18736441558
2014-08-06 00:00:00 UTC,18736441558
2014-08-07 00:00:00 UTC,18736441558
2014-08-08 00:00:00 UTC,19729645941
2014-08-09 00:00:00 UTC,19729645941
2014-08-10 00:00:00 UTC,19729645941
2014-08-11 00:00:00 UTC,19729645941
2014-08-12 00:00:00 UTC,19729645941
2014-08-13 00:00:00 UTC,19729645941
2014-08-14 00:00:00 UTC,19729645941
2014-08-15 00:00:00 UTC,19729645941
2014-08-16 00:00:00 UTC,19729645941
2014-08-17 00:00:00 UTC,19729645941
2014-08-18 00:00:00 UTC,19729645941
2014-08-19 00:00:00 UTC,23844670039
2014-08-20 00:00:00 UTC,23844670039
2014-08-21 00:00:00 UTC,23844670039
2014-08-22 00:00:00 UTC,23844670039
2014-08-23 00:00:00 UTC,23844670039
2014-08-24 00:00:00 UTC,23844670039
2014-08-25 00:00:00 UTC,23844670039
2014-08-26 00:00:00 UTC,23844670039
2014-08-27 00:00:00 UTC,23844670039
2014-08-28 00:00:00 UTC,23844670039
2014-08-29 00:00:00 UTC,23844670039
2014-08-30 00:00:00 UTC,23844670039
2014-08-31 00:00:00 UTC,27428630902
2014-09-01 00:00:00 UTC,27428630902
2014-09-02 00:00:00 UTC,27428630902
2014-09-03 00:00:00 UTC,27428630902
2014-09-04 00:00:00 UTC,27428630902
2014-09-05 00:00:00 UTC,27428630902
2014-09-06 00:00:00 UTC,27428630902
2014-09-07 00:00:00 UTC,27428630902
2014-09-08 00:00:00 UTC,27428630902
2014-09-09 00:00:00 UTC,27428630902
2014-09-10 00:00:00 UTC,27428630902
2014-09-11 00:00:00 UTC,27428630902
2014-09-12 00:00:00 UTC,27428630902
2014-09-13 00:00:00 UTC,29829733124
2014-09-14 00:00:00 UTC,29829733124
2014-09-15 00:00:00 UTC,29829733124
2014-09-16 00:00:00 UTC,29829733124
2014-09-17 00:00:00 UTC,29829733124
2014-09-18 00:00:00 UTC,29829733124
2014-09-19 00:00:00 UTC,29829733124
2014-09-20 00:00:00 UTC,29829733124
2014-09-21 00:00:00 UTC,29829733124
2014-09-22 00:00:00 UTC,29829733124
2014-09-23 00:00:00 UTC,29829733124
2014-09-24 00:00:00 UTC,29829733124
2014-09-25 00:00:00 UTC,34661425924
2014-09-26 00:00:00 UTC,34661425924
2014-09-27 00:00:00 UTC,34661425924
2014-09-28 00:00:00 UTC,34661425924
2014-09-29 00:00:00 UTC,34661425924
2014-09-30 00:00:00 UTC,34661425924
2014-10-01 00:00:00 UTC,34661425924
2014-10-02 00:00:00 UTC,34661425924
2014-10-03 00:00:00 UTC,34661425924
2014-10-04 00:00:00 UTC,34661425924
2014-10-05 00:00:00 UTC,34661425924
2014-10-06 00:00:00 UTC,34661425924
2014-10-07 00:00:00 UTC,34661425924
2014-10-08 00:00:00 UTC,34661425924
2014-10-09 00:00:00 UTC,35002482026
2014-10-10 00:00:00 UTC,35002482026
2014-10-11 00:00:00 UTC,35002482026
2014-10-12 00:00:00 UTC,35002482026
2014-10-13 00:00:00 UTC,35002482026
2014-10-14 00:00:00 UTC,35002482026
2014-10-15 00:00:00 UTC,35002482026
2014-10-16 00:00:00 UTC,35002482026
2014-10-17 00:00:00 UTC,35002482026
2014-10-18 00:00:00 UTC,35002482026
2014-10-19 00:00:00 UTC,35002482026
2014-10-20 00:00:00 UTC,35002482026
2014-10-21 00:00:00 UTC,35002482026
2014-10-22 00:00:00 UTC,35002482026
2014-10-23 00:00:00 UTC,35985640265
2014-10-24 00:00:00 UTC,35985640265
2014-10-25 00:00:00 UTC,35985640265
2014-10-26 00:00:00 UTC,35985640265
2014-10-27 00:00:00 UTC,35985640265
2014-10-28 00:00:00 UTC,35985640265
2014-10-29 00:00:00 UTC,35985640265
2014-10-30 00:00:00 UTC,35985640265
2014-10-31 00:00:00 UTC,35985640265
2014-11-01 00:00:00 UTC,35985640265
2014-11-02 00:00:00 UTC,35985640265
2014-11-03 00:00:00 UTC,35985640265
2014-11-04 00:00:00 UTC,35985640265
2014-11-05 00:00:00 UTC,39603666252
2014-11-06 00:00:00 UTC,39603666252
2014-11-07 00:00:00 UTC,39603666252
2014-11-08 00:00:00 UTC,39603666252
2014-11-09 00:00:00 UTC,39603666252
2014-11-10 00:00:00 UTC,39603666252
2014-11-11 00:00:00 UTC,39603666252
2014-11-12 00:00:00 UTC,39603666252
2014-11-13 00:00:00 UTC,39603666252
2014-11-14 00:00:00 UTC,39603666252
2014-11-15 00:00:00 UTC,39603666252
2014-11-16 00:00:00 UTC,39603666252
2014-11-17 00:00:00 UTC,39603666252
2014-11-18 00:00:00 UTC,40300030328
2014-11-19 00:00:00 UTC,40300030328
2014-11-20 00:00:00 UTC,40300030328
2014-11-21 00:00:00 UTC,40300030328
2014-11-22 00:00:00 UTC,40300030328
2014-11-23 00:00:00 UTC,40300030328
2014-11-24 00:00:00 UTC,40300030328
2014-11-25 00:00:00 UTC,40300030328
2014-11-26 00:00:00 UTC,40300030328
2014-11-27 00:00:00 UTC,40300030328
2014-11-28 00:00:00 UTC,40300030328
2014-11-29 00:00:00 UTC,40300030328
2014-11-30 00:00:00 UTC,40300030328
2014-12-01 00:00:00 UTC,40300030328
2014-12-02 00:00:00 UTC,40300030328
2014-12-03 00:00:00 UTC,40007470271
2014-12-04 00:00:00 UTC,40007470271
2014-12-05 00:00:00 UTC,40007470271
2014-12-06 00:00:00 UTC,40007470271
2014-12-07 00:00:00 UTC,40007470271
2014-12-08 00:00:00 UTC,40007470271
2014-12-09 00:00:00 UTC,40007470271
2014-12-10 00:00:00 UTC,40007470271
2014-12-11 00:00:00 UTC,40007470271
2014-12-12 00:00:00 UTC,40007470271
2014-12-13 00:00:00 UTC,40007470271
2014-12-14 00:00:00 UTC,40007470271
2014-12-15 00:00:00 UTC,40007470271
2014-12-16 00:00:00 UTC,40007470271
2014-12-17 00:00:00 UTC,40007470271
2014-12-18 00:00:00 UTC,39457671307
2014-12-19 00:00:00 UTC,39457671307
2014-12-20 00:00:00 UTC,39457671307
2014-12-21 00:00:00 UTC,39457671307
2014-12-22 00:00:00 UTC,39457671307
2014-12-23 00:00:00 UTC,39457671307
2014-12-24 00:00:00 UTC,39457671307
2014-12-25 00:00:00 UTC,39457671307
2014-12-26 00:00:00 UTC,39457671307
2014-12-27 00:00:00 UTC,39457671307
2014-12-28 00:00:00 UTC,39457671307
2014-12-29 00:00:00 UTC,39457671307
2014-12-30 00:00:00 UTC,40640955017
2014-12-31 00:00:00 UTC,40640955017
2015-01-01 00:00:00 UTC,40640955017
2015-01-02 00:00:00 UTC,40640955017
2015-01-03 00:00:00 UTC,40640955017
2015-01-04 00:00:00 UTC,40640955017
2015-01-05 00:00:00 UTC,40640955017
2015-01-06 00:00:00 UTC,40640955017
2015-01-07 00:00:00 UTC,40640955017
2015-01-08 00:00:00 UTC,40640955017
2015-01-09 00:00:00 UTC,40640955017
2015-01-10 00:00:00 UTC,40640955017
2015-01-11 00:00:00 UTC,40640955017
2015-01-12 00:00:00 UTC,43971662056
2015-01-13 00:00:00 UTC,43971662056
2015-01-14 00:00:00 UTC,43971662056
2015-01-15 00:00:00 UTC,43971662056
2015-01-16 00:00:00 UTC,43971662056
2015-01-17 00:00:00 UTC,43971662056
2015-01-18 00:00:00 UTC,43971662056
2015-01-19 00:00:00 UTC,43971662056
2015-01-20 00:00:00 UTC,43971662056
2015-01-21 00:00:00 UTC,43971662056
2015-01-22 00:00:00 UTC,43971662056
2015-01-23 00:00:00 UTC,43971662056
2015-01-24 00:00:00 UTC,43971662056
2015-01-25 00:00:00 UTC,43971662056
2015-01-26 00:00:00 UTC,43971662056
2015-01-27 00:00:00 UTC,43971662056
2015-01-28 00:00:00 UTC,41272873895
2015-01-29 00:00:00 UTC,41272873895
2015-01-30 00:00:00 UTC,41272873895
2015-01-31 00:00:00 UTC,41272873895
2015-02-01 00:00:00 UTC,41272873895
2015-02-02 00:00:00 UTC,41272873895
2015-02-03 00:00:00 UTC,41272873895
2015-02-04 00:00:00 UTC,41272873895
2015-02-05 00:00:00 UTC,41272873895
2015-02-06 00:00:00 UTC,41272873895
2015-02-07 00:00:00 UTC,41272873895
2015-02-08 00:00:00 UTC,41272873895
2015-02-09 00:00:00 UTC,44455415962
2015-02-10 00:00:00 UTC,44455415962
2015-02-11 00:00:00 UTC,44455415962
2015-02-12 00:00:00 UTC,44455415962
2015-02-13 00:00:00 UTC,44455415962
2015-02-14 00:00:00 UTC,44455415962
2015-02-15 00:00:00 UTC,44455415962
2015-02-16 00:00:00 UTC,44455415962
2015-02-17 00:00:00 UTC,44455415962
2015-02-18 00:00:00 UTC,44455415962
2015-02-19 00:00:00 UTC,44455415962
2015-02-20 00:00:00 UTC,44455415962
2015-02-21 00:00:00 UTC,44455415962
2015-02-22 00:00:00 UTC,46684376317
2015-02-23 00:00:00 UTC,46684376317
2015-02-24 00:00:00 UTC,46684376317
2015-02-25 00:00:00 UTC,46684376317
2015-02-26 00:00:00 UTC,46684376317
2015-02-27 00:00:00 UTC,46684376317
2015-02-28 00:00:00 UTC,46684376317
2015-03-01 00:00:00 UTC,46684376317
2015-03-02 00:00:00 UTC,46684376317
2015-03-03 00:00:00 UTC,46684376317
2015-03-04 00:00:00 UTC,46684376317
2015-03-05 00:00:00 UTC,46684376317
2015-03-06 00:00:00 UTC,46684376317
2015-03-07 00:00:00 UTC,46684376317
2015-03-08 00:00:00 UTC,47427554951
2015-03-09 00:00:00 UTC,47427554951
2015-03-10 00:00:00 UTC,47427554951
2015-03-11 00:00:00 UTC,47427554951
2015-03-12 00:00:00 UTC,47427554951
2015-03-13 00:00:00 UTC,47427554951
2015-03-14 00:00:00 UTC,47427554951
2015-03-15 00:00:00 UTC,47427554951
2015-03-16 00:00:00 UTC,47427554951
2015-03-17 00:00:00 UTC,47427554951
2015-03-18 00:00:00 UTC,47427554951
2015-03-19 00:00:00 UTC,47427554951
2015-03-20 00:00:00 UTC,47427554951
2015-03-21 00:00:00 UTC,47427554951
2015-03-22 00:00:00 UTC,47427554951
2015-03-23 00:00:00 UTC,46717549645
2015-03-24 00:00:00 UTC,46717549645
2015-03-25 00:00:00 UTC,46717549645
2015-03-26 00:00:00 UTC,46717549645
2015-03-27 00:00:00 UTC,46717549645
2015-03-28 00:00:00 UTC,46717549645
2015-03-29 00:00:00 UTC,46717549645
2015-03-30 00:00:00 UTC,46717549645
2015-03-31 00:00:00 UTC,46717549645
2015-04-01 00:00:00 UTC,46717549645
2015-04-02 00:00:00 UTC,46717549645
2015-04-03 00:00:00 UTC,46717549645
2015-04-04 00:00:00 UTC,46717549645
2015-04-05 00:00:00 UTC,49446390688
2015-04-06 00:00:00 UTC,49446390688
2015-04-07 00:00:00 UTC,49446390688
2015-04-08 00:00:00 UTC,49446390688
2015-04-09 00:00:00 UTC,49446390688
2015-04-10 00:00:00 UTC,49446390688
2015-04-11 00:00:00 UTC,49446390688
2015-04-12 00:00:00 UTC,49446390688
2015-04-13 00:00:00 UTC,49446390688
2015-04-14 00:00:00 UTC,49446390688
2015-04-15 00:00:00 UTC,49446390688
2015-04-16 00:00:00 UTC,49446390688
2015-04-17 00:00:00 UTC,49446390688
2015-04-18 00:00:00 UTC,49446390688
2015-04-19 00:00:00 UTC,49446390688
2015-04-20 00:00:00 UTC,47610564513
2015-04-21 00:00:00 UTC,47610564513
2015-04-22 00:00:00 UTC,47610564513
2015-04-23 00:00:00 UTC,47610564513
2015-04-24 00:00:00 UTC,47610564513
2015-04-25 00:00:00 UTC,47610564513
2015-04-26 00:00:00 UTC,47610564513
2015-04-27 00:00:00 UTC,47610564513
2015-04-28 00:00:00 UTC,47610564513
2015-04-29 00:00:00 UTC,47610564513
2015-04-30 00:00:00 UTC,47610564513
2015-05-01 00:00:00 UTC,47610564513
2015-05-02 00:00:00 UTC,47610564513
2015-05-03 00:00:00 UTC,47643398018
2015-05-04 00:00:00 UTC,47643398018
2015-05-05 00:00:00 UTC,47643398018
2015-05-06 00:00:00 UTC,47643398018
2015-05-07 00:00:00 UTC,47643398018
2015-05-08 00:00:00 UTC,47643398018
2015-05-09 00:00:00 UTC,47643398018
2015-05-10 00:00:00 UTC,47643398018
2015-05-11 00:00:00 UTC,47643398018
2015-05-12 00:00:00 UTC,47643398018
2015-05-13 00:00:00 UTC,47643398018
2015-05-14 00:00:00 UTC,47643398018
2015-05-15 00:00:00 UTC,47643398018
2015-05-16 00:00:00 UTC,47643398018
2015-05-17 00:00:00 UTC,48807487245
2015-05-18 00:00:00 UTC,48807487245
2015-05-19 00:00:00 UTC,48807487245
2015-05-20 00:00:00 UTC,48807487245
2015-05-21 00:00:00 UTC,48807487245
2015-05-22 00:00:00 UTC,48807487245
2015-05-23 00:00:00 UTC,48807487245
2015-05-24 00:00:00 UTC,48807487245
2015-05-25 00:00:00 UTC,48807487245
2015-05-26 00:00:00 UTC,48807487245
2015-05-27 00:00:00 UTC,48807487245
2015-05-28 00:00:00 UTC,48807487245
2015-05-29 00:00:00 UTC,48807487245
2015-05-30 00:00:00 UTC,48807487245
2015-05-31 00:00:00 UTC,48807487245
2015-06-01 00:00:00 UTC,47589591154
2015-06-02 00:00:00 UTC,47589591154
2015-06-03 00:00:00 UTC,47589591154
2015-06-04 00:00:00 UTC,47589591154
2015-06-05 00:00:00 UTC,47589591154
2015-06-06 00:00:00 UTC,47589591154
2015-06-07 00:00:00 UTC,47589591154
2015-06-08 00:00:00 UTC,47589591154
2015-06-09 00:00:00 UTC,47589591154
2015-06-10 00:00:00 UTC,47589591154
2015-06-11 00:00:00 UTC,47589591154
2015-06-12 00:00:00 UTC,47589591154
2015-06-13 00:00:00 UTC,47589591154
2015-06-14 00:00:00 UTC,49692386355
2015-06-15 00:00:00 UTC,49692386355
2015-06-16 00:00:00 UTC,49692386355
2015-06-17 00:00:00 UTC,49692386355
2015-06-18 00:00:00 UTC,49692386355
2015-06-19 00:00:00 UTC,49692386355
2015-06-20 00:00:00 UTC,49692386355
2015-06-21 00:00:00 UTC,49692386355
2015-06-22 00:00:00 UTC,49692386355
2015-06-23 00:00:00 UTC,49692386355
2015-06-24 00:00:00 UTC,49692386355
2015-06-25 00:00:00 UTC,49692386355
2015-06-26 00:00:00 UTC,49692386355
2015-06-27 00:00:00 UTC,49692386355
2015-06-28 00:00:00 UTC,49692386355
2015-06-29 00:00:00 UTC,49402014931
2015-06-30 00:00:00 UTC,49402014931
2015-07-01 00:00:00 UTC,49402014931
2015-07-02 00:00:00 UTC,49402014931
2015-07-03 00:00:00 UTC,49402014931
2015-07-04 00:00:00 UTC,49402014931
2015-07-05 00:00:00 UTC,49402014931
2015-07-06 00:00:00 UTC,49402014931
2015-07-07 00:00:00 UTC,49402014931
2015-07-08 00:00:00 UTC,49402014931
2015-07-09 00:00:00 UTC,49402014931
2015-07-10 00:00:00 UTC,49402014931
2015-07-11 00:00:00 UTC,51076366303
2015-07-12 00:00:00 UTC,51076366303
2015-07-13 00:00:00 UTC,51076366303
2015-07-14 00:00:00 UTC,51076366303
2015-07-15 00:00:00 UTC,51076366303
2015-07-16 00:00:00 UTC,51076366303
2015-07-17 00:00:00 UTC,51076366303
2015-07-18 00:00:00 UTC,51076366303
2015-07-19 00:00:00 UTC,51076366303
2015-07-20 00:00:00 UTC,51076366303
2015-07-21 00:00:00 UTC,51076366303
2015-07-22 00:00:00 UTC,51076366303
2015-07-23 00:00:00 UTC,51076366303
2015-07-24 00:00:00 UTC,51076366303
2015-07-25 00:00:00 UTC,52278304846
2015-07-26 00:00:00 UTC,52278304846
2015-07-27 00:00:00 UTC,52278304846
2015-07-28 00:00:00 UTC,52278304846
2015-07-29 00:00:00 UTC,52278304846
2015-07-30 00:00:00 UTC,52278304846
2015-07-31 00:00:00 UTC,52278304846
2015-08-01 00:00:00 UTC,52278304846
2015-08-02 00:00:00 UTC,52278304846
2015-08-03 00:00:00 UTC,52278304846
2015-08-04 00:00:00 UTC,52278304846
2015-08-05 00:00:00 UTC,52278304846
2015-08-06 00:00:00 UTC,52278304846
2015-08-07 00:00:00 UTC,52278304846
2015-08-08 00:00:00 UTC,52699842409
2015-08-09 00:00:00 UTC,52699842409
2015-08-10 00:00:00 UTC,52699842409
2015-08-11 00:00:00 UTC,52699842409
2015-08-12 00:00:00 UTC,52699842409
2015-08-13 00:00:00 UTC,52699842409
2015-08-14 00:00:00 UTC,52699842409
2015-08-15 00:00:00 UTC,52699842409
2015-08-16 00:00:00 UTC,52699842409
2015-08-17 00:00:00 UTC,52699842409
2015-08-18 00:00:00 UTC,52699842409
2015-08-19 00:00:00 UTC,52699842409
2015-08-20 00:00:00 UTC,52699842409
2015-08-21 00:00:00 UTC,52699842409
2015-08-22 00:00:00 UTC,54256630328
2015-08-23 00:00:00 UTC,54256630328
2015-08-24 00:00:00 UTC,54256630328
2015-08-25 00:00:00 UTC,54256630328
2015-08-26 00:00:00 UTC,54256630328
2015-08-27 00:00:00 UTC,54256630328
2015-08-28 00:00:00 UTC,54256630328
2015-08-29 00:00:00 UTC,54256630328
2015-08-30 00:00:00 UTC,54256630328
2015-08-31 00:00:00 UTC,54256630328
2015-09-01 00:00:00 UTC,54256630328
2015-09-02 00:00:00 UTC,54256630328
2015-09-03 00:00:00 UTC,54256630328
2015-09-04 00:00:00 UTC,56957648455
2015-09-05 00:00:00 UTC,56957648455
2015-09-06 00:00:00 UTC,56957648455
2015-09-07 00:00:00 UTC,56957648455
2015-09-08 00:00:00 UTC,56957648455
2015-09-09 00:00:00 UTC,56957648455
2015-09-10 00:00:00 UTC,56957648455
2015-09-11 00:00:00 UTC,56957648455
2015-09-12 00:00:00 UTC,56957648455
2015-09-13 00:00:00 UTC,56957648455
2015-09-14 00:00:00 UTC,56957648455
2015-09-15 00:00:00 UTC,56957648455
2015-09-16 00:00:00 UTC,56957648455
2015-09-17 00:00:00 UTC,59335351234
2015-09-18 00:00:00 UTC,59335351234
2015-09-19 00:00:00 UTC,59335351234
2015-09-20 00:00:00 UTC,59335351234
2015-09-21 00:00:00 UTC,59335351234
2015-09-22 00:00:00 UTC,59335351234
2015-09-23 00:00:00 UTC,59335351234
2015-09-24 00:00:00 UTC,59335351234
2015-09-25 00:00:00 UTC,59335351234
2015-09-26 00:00:00 UTC,59335351234
2015-09-27 00:00:00 UTC,59335351234
2015-09-28 00:00:00 UTC,59335351234
2015-09-29 00:00:00 UTC,59335351234
2015-09-30 00:00:00 UTC,59335351234
2015-10-01 00:00:00 UTC,60813224039
2015-10-02 00:00:00 UTC,60813224039
2015-10-03 00:00:00 UTC,60813224039
2015-10-04 00:00:00 UTC,60813224039
2015-10-05 00:00:00 UTC,60813224039
2015-10-06 00:00:00 UTC,60813224039
2015-10-07 00:00:00 UTC,60813224039
2015-10-08 00:00:00 UTC,60813224039
2015-10-09 00:00:00 UTC,60813224039
2015-10-10 00:00:00 UTC,60813224039
2015-10-11 00:00:00 UTC,60813224039
2015-10-12 00:00:00 UTC,60813224039
2015-10-13 00:00:00 UTC,60813224039
2015-10-14 00:00:00 UTC,60813224039
2015-10-15 00:00:00 UTC,60883825480
2015-10-16 00:00:00 UTC,60883825480
2015-10-17 00:00:00 UTC,60883825480
2015-10-18 00:00:00 UTC,60883825480
2015-10-19 00:00:00 UTC,60883825480
2015-10-20 00:00:00 UTC,60883825480
2015-10-21 00:00:00 UTC,60883825480
2015-10-22 00:00:00 UTC,60883825480
2015-10-23 00:00:00 UTC,60883825480
2015-10-24 00:00:00 UTC,60883825480
2015-10-25 00:00:00 UTC,60883825480
2015-10-26 00:00:00 UTC,60883825480
2015-10-27 00:00:00 UTC,60883825480
2015-10-28 00:00:00 UTC,60883825480
2015-10-29 00:00:00 UTC,62253982450
2015-10-30 00:00:00 UTC,62253982450
2015-10-31 00:00:00 UTC,62253982450
2015-11-01 00:00:00 UTC,62253982450
2015-11-02 00:00:00 UTC,62253982450
2015-11-03 00:00:00 UTC,62253982450
2015-11-04 00:00:00 UTC,62253982450
2015-11-05 00:00:00 UTC,62253982450
2015-11-06 00:00:00 UTC,62253982450
2015-11-07 00:00:00 UTC,62253982450
2015-11-08 00:00:00 UTC,62253982450
2015-11-09 00:00:00 UTC,62253982450
2015-11-10 00:00:00 UTC,62253982450
2015-11-11 00:00:00 UTC,65848255180
2015-11-12 00:00:00 UTC,65848255180
2015-11-13 00:00:00 UTC,65848255180
2015-11-14 00:00:00 UTC,65848255180
2015-11-15 00:00:00 UTC,65848255180
2015-11-16 00:00:00 UTC,65848255180
2015-11-17 00:00:00 UTC,65848255180
2015-11-18 00:00:00 UTC,65848255180
2015-11-19 00:00:00 UTC,65848255180
2015-11-20 00:00:00 UTC,65848255180
2015-11-21 00:00:00 UTC,65848255180
2015-11-22 00:00:00 UTC,65848255180
2015-11-23 00:00:00 UTC,65848255180
2015-11-24 00:00:00 UTC,72722780643
2015-11-25 00:00:00 UTC,72722780643
2015-11-26 00:00:00 UTC,72722780643
2015-11-27 00:00:00 UTC,72722780643
2015-11-28 00:00:00 UTC,72722780643
2015-11-29 00:00:00 UTC,72722780643
2015-11-30 00:00:00 UTC,72722780643
2015-12-01 00:00:00 UTC,72722780643
2015-12-02 00:00:00 UTC,72722780643
2015-12-03 00:00:00 UTC,72722780643
2015-12-04 00:00:00 UTC,72722780643
2015-12-05 00:00:00 UTC,72722780643
2015-12-06 00:00:00 UTC,79102380900
2015-12-07 00:00:00 UTC,79102380900
2015-12-08 00:00:00 UTC,79102380900
2015-12-09 00:00:00 UTC,79102380900
2015-12-10 00:00:00 UTC,79102380900
2015-12-11 00:00:00 UTC,79102380900
2015-12-12 00:00:00 UTC,79102380900
2015-12-13 00:00:00 UTC,79102380900
2015-12-14 00:00:00 UTC,79102380900
2015-12-15 00:00:00 UTC,79102380900
2015-12-16 00:00:00 UTC,79102380900
2015-12-17 00:00:00 UTC,79102380900
2015-12-18 00:00:00 UTC,93448670796
2015-12-19 00:00:00 UTC,93448670796
2015-12-20 00:00:00 UTC,93448670796
2015-12-21 00:00:00 UTC,93448670796
2015-12-22 00:00:00 UTC,93448670796
2015-12-23 00:00:00 UTC,93448670796
2015-12-24 00:00:00 UTC,93448670796
2015-12-25 00:00:00 UTC,93448670796
2015-12-26 00:00:00 UTC,93448670796
2015-12-27 00:00:00 UTC,93448670796
2015-12-28 00:00:00 UTC,93448670796
2015-12-29 00:00:00 UTC,93448670796
2015-12-30 00:00:00 UTC,93448670796
2015-12-31 00:00:00 UTC,103880340815
2016-01-01 00:00:00 UTC,103880340815
2016-01-02 00:00:00 UTC,103880340815
2016-01-03 00:00:00 UTC,103880340815
2016-01-04 00:00:00 UTC,103880340815
2016-01-05 00:00:00 UTC,103880340815
2016-01-06 00:00:00 UTC,103880340815
2016-01-07 00:00:00 UTC,103880340815
2016-01-08 00:00:00 UTC,103880340815
2016-01-09 00:00:00 UTC,103880340815
2016-01-10 00:00:00 UTC,103880340815
2016-01-11 00:00:00 UTC,103880340815
2016-01-12 00:00:00 UTC,103880340815
2016-01-13 00:00:00 UTC,113354299801
2016-01-14 00:00:00 UTC,113354299801
2016-01-15 00:00:00 UTC,113354299801
2016-01-16 00:00:00 UTC,113354299801
2016-01-17 00:00:00 UTC,113354299801
2016-01-18 00:00:00 UTC,113354299801
2016-01-19 00:00:00 UTC,113354299801
2016-01-20 00:00:00 UTC,113354299801
2016-01-21 00:00:00 UTC,113354299801
2016-01-22 00:00:00 UTC,113354299801
2016-01-23 00:00:00 UTC,113354299801
2016-01-24 00:00:00 UTC,113354299801
2016-01-25 00:00:00 UTC,113354299801
2016-01-26 00:00:00 UTC,120033340651
2016-01-27 00:00:00 UTC,120033340651
2016-01-28 00:00:00 UTC,120033340651
2016-01-29 00:00:00 UTC,120033340651
2016-01-30 00:00:00 UTC,120033340651
2016-01-31 00:00:00 UTC,120033340651
2016-02-01 00:00:00 UTC,120033340651
2016-02-02 00:00:00 UTC,120033340651
2016-02-03 00:00:00 UTC,120033340651
2016-02-04 00:00:00 UTC,120033340651
2016-02-05 00:00:00 UTC,120033340651
2016-02-06 00:00:00 UTC,120033340651
2016-02-07 00:00:00 UTC,144116447847
2016-02-08 00:00:00 UTC,144116447847
2016-02-09 00:00:00 UTC,144116447847
2016-02-10 00:00:00 UTC,144116447847
2016-02-11 00:00:00 UTC,144116447847
2016-02-12 00:00:00 UTC,144116447847
2016-02-13 00:00:00 UTC,144116447847
2016-02-14 00:00:00 UTC,144116447847
2016-02-15 00:00:00 UTC,144116447847
2016-02-16 00:00:00 UTC,144116447847
2016-02-17 00:00:00 UTC,144116447847
2016-02-18 00:00:00 UTC,144116447847
2016-02-19 00:00:00 UTC,163491654909
2016-02-20 00:00:00 UTC,163491654909
2016-02-21 00:00:00 UTC,163491654909
2016-02-22 00:00:00 UTC,163491654909
2016-02-23 00:00:00 UTC,163491654909
2016-02-24 00:00:00 UTC,163491654909
2016-02-25 00:00:00 UTC,163491654909
2016-02-26 00:00:00 UTC,163491654909
2016-02-27 00:00:00 UTC,163491654909
2016-02-28 00:00:00 UTC,163491654909
2016-02-29 00:00:00 UTC,163491654909
2016-03-01 00:00:00 UTC,163491654909
2016-03-02 00:00:00 UTC,163491654909
2016-03-03 00:00:00 UTC,163491654909
2016-03-04 00:00:00 UTC,163491654909
2016-03-05 00:00:00 UTC,158427203767
2016-03-06 00:00:00 UTC,158427203767
2016-03-07 00:00:00 UTC,158427203767
2016-03-08 00:00:00 UTC,158427203767
2016-03-09 00:00:00 UTC,158427203767
2016-03-10 00:00:00 UTC,158427203767
2016-03-11 00:00:00 UTC,158427203767
2016-03-12 00:00:00 UTC,158427203767
2016-03-13 00:00:00 UTC,158427203767
2016-03-14 00:00:00 UTC,158427203767
2016-03-15 00:00:00 UTC,158427203767
2016-03-16 00:00:00 UTC,158427203767
2016-03-17 00:00:00 UTC,158427203767
2016-03-18 00:00:00 UTC,165496835118
2016-03-19 00:00:00 UTC,165496835118
2016-03-20 00:00:00 UTC,165496835118
2016-03-21 00:00:00 UTC,165496835118
2016-03-22 00:00:00 UTC,165496835118
2016-03-23 00:00:00 UTC,165496835118
2016-03-24 00:00:00 UTC,165496835118
2016-03-25 00:00:00 UTC,165496835118
2016-03-26 00:00:00 UTC,165496835118
2016-03-27 00:00:00 UTC,165496835118
2016-03-28 00:00:00 UTC,165496835118
2016-03-29 00:00:00 UTC,165496835118
2016-03-30 00:00:00 UTC,165496835118
2016-03-31 00:00:00 UTC,165496835118
2016-04-01 00:00:00 UTC,166851513283
2016-04-02 00:00:00 UTC,166851513283
2016-04-03 00:00:00 UTC,166851513283
2016-04-04 00:00:00 UTC,166851513283
2016-04-05 00:00:00 UTC,166851513283
2016-04-06 00:00:00 UTC,166851513283
2016-04-07 00:00:00 UTC,166851513283
2016-04-08 00:00:00 UTC,166851513283
2016-04-09 00:00:00 UTC,166851513283
2016-04-10 00:00:00 UTC,166851513283
2016-04-11 00:00:00 UTC,166851513283
2016-04-12 00:00:00 UTC,166851513283
2016-04-13 00:00:00 UTC,166851513283
2016-04-14 00:00:00 UTC,178678307672
2016-04-15 00:00:00 UTC,178678307672
2016-04-16 00:00:00 UTC,178678307672
2016-04-17 00:00:00 UTC,178678307672
2016-04-18 00:00:00 UTC,178678307672
2016-04-19 00:00:00 UTC,178678307672
2016-04-20 00:00:00 UTC,178678307672
2016-04-21 00:00:00 UTC,178678307672
2016-04-22 00:00:00 UTC,178678307672
2016-04-23 00:00:00 UTC,178678307672
2016-04-24 00:00:00 UTC,178678307672
2016-04-25 00:00:00 UTC,178678307672
2016-04-26 00:00:00 UTC,178678307672
2016-04-27 00:00:00 UTC,178678307672
2016-04-28 00:00:00 UTC,178678307672
2016-04-29 00:00:00 UTC,178659257773
2016-04-30 00:00:00 UTC,178659257773
2016-05-01 00:00:00 UTC,178659257773
2016-05-02 00:00:00 UTC,178659257773
2016-05-03 00:00:00 UTC,178659257773
2016-05-04 00:00:00 UTC,178659257773
2016-05-05 00:00:00 UTC,178659257773
2016-05-06 00:00:00 UTC,178659257773
2016-05-07 00:00:00 UTC,178659257773
2016-05-08 00:00:00 UTC,178659257773
2016-05-09 00:00:00 UTC,178659257773
2016-05-10 00:00:00 UTC,178659257773
2016-05-11 00:00:00 UTC,194254820283
2016-05-12 00:00:00 UTC,194254820283
2016-05-13 00:00:00 UTC,194254820283
2016-05-14 00:00:00 UTC,194254820283
2016-05-15 00:00:00 UTC,194254820283
2016-05-16 00:00:00 UTC,194254820283
2016-05-17 00:00:00 UTC,194254820283
2016-05-18 00:00:00 UTC,194254820283
2016-05-19 00:00:00 UTC,194254820283
2016-05-20 00:00:00 UTC,194254820283
2016-05-21 00:00:00 UTC,194254820283
2016-05-22 00:00:00 UTC,194254820283
2016-05-23 00:00:00 UTC,194254820283
2016-05-24 00:00:00 UTC,199312067531
2016-05-25 00:00:00 UTC,199312067531
2016-05-26 00:00:00 UTC,199312067531
2016-05-27 00:00:00 UTC,199312067531
2016-05-28 00:00:00 UTC,199312067531
2016-05-29 00:00:00 UTC,199312067531
2016-05-30 00:00:00 UTC,199312067531
2016-05-31 00:00:00 UTC,199312067531
2016-06-01 00:00:00 UTC,199312067531
2016-06-02 00:00:00 UTC,199312067531
2016-06-03 00:00:00 UTC,199312067531
2016-06-04 00:00:00 UTC,199312067531
2016-06-05 00:00:00 UTC,199312067531
2016-06-06 00:00:00 UTC,199312067531
2016-06-07 00:00:00 UTC,199312067531
2016-06-08 00:00:00 UTC,199312067531
2016-06-09 00:00:00 UTC,196061423940
2016-06-10 00:00:00 UTC,196061423940
2016-06-11 00:00:00 UTC,196061423940
2016-06-12 00:00:00 UTC,196061423940
2016-06-13 00:00:00 UTC,196061423940
2016-06-14 00:00:00 UTC,196061423940
2016-06-15 00:00:00 UTC,196061423940
2016-06-16 00:00:00 UTC,196061423940
2016-06-17 00:00:00 UTC,196061423940
2016-06-18 00:00:00 UTC,196061423940
2016-06-19 00:00:00 UTC,196061423940
2016-06-20 00:00:00 UTC,196061423940
2016-06-21 00:00:00 UTC,209453158595
2016-06-22 00:00:00 UTC,209453158595
2016-06-23 00:00:00 UTC,209453158595
2016-06-24 00:00:00 UTC,209453158595
2016-06-25 00:00:00 UTC,209453158595
2016-06-26 00:00:00 UTC,209453158595
2016-06-27 00:00:00 UTC,209453158595
2016-06-28 00:00:00 UTC,209453158595
2016-06-29 00:00:00 UTC,209453158595
2016-06-30 00:00:00 UTC,209453158595
2016-07-01 00:00:00 UTC,209453158595
2016-07-02 00:00:00 UTC,209453158595
2016-07-03 00:00:00 UTC,209453158595
2016-07-04 00:00:00 UTC,213398925331
2016-07-05 00:00:00 UTC,213398925331
2016-07-06 00:00:00 UTC,213398925331
2016-07-07 00:00:00 UTC,213398925331
2016-07-08 00:00:00 UTC,213398925331
2016-07-09 00:00:00 UTC,213398925331
2016-07-10 00:00:00 UTC,213398925331
2016-07-11 00:00:00 UTC,213398925331
2016-07-12 00:00:00 UTC,213398925331
2016-07-13 00:00:00 UTC,213398925331
2016-07-14 00:00:00 UTC,213398925331
2016-07-15 00:00:00 UTC,213398925331
2016-07-16 00:00:00 UTC,213398925331
2016-07-17 00:00:00 UTC,213398925331
2016-07-18 00:00:00 UTC,213492501108
2016-07-19 00:00:00 UTC,213492501108
2016-07-20 00:00:00 UTC,213492501108
2016-07-21 00:00:00 UTC,213492501108
2016-07-22 00:00:00 UTC,213492501108
2016-07-23 00:00:00 UTC,213492501108
2016-07-24 00:00:00 UTC,213492501108
2016-07-25 00:00:00 UTC,213492501108
2016-07-26 00:00:00 UTC,213492501108
2016-07-27 00:00:00 UTC,213492501108
2016-07-28 00:00:00 UTC,213492501108
2016-07-29 00:00:00 UTC,213492501108
2016-07-30 00:00:00 UTC,213492501108
2016-07-31 00:00:00 UTC,213492501108
2016-08-01 00:00:00 UTC,213492501108
2016-08-02 00:00:00 UTC,213492501108
2016-08-03 00:00:00 UTC,201893210853
2016-08-04 00:00:00 UTC,201893210853
2016-08-05 00:00:00 UTC,201893210853
2016-08-06 00:00:00 UTC,201893210853
2016-08-07 00:00:00 UTC,201893210853
2016-08-08 00:00:00 UTC,201893210853
2016-08-09 00:00:00 UTC,201893210853
2016-08-10 00:00:00 UTC,201893210853
2016-08-11 00:00:00 UTC,201893210853
2016-08-12 00:00:00 UTC,201893210853
2016-08-13 00:00:00 UTC,201893210853
2016-08-14 00:00:00 UTC,201893210853
2016-08-15 00:00:00 UTC,217375482757
2016-08-16 00:00:00 UTC,217375482757
2016-08-17 00:00:00 UTC,217375482757
2016-08-18 00:00:00 UTC,217375482757
2016-08-19 00:00:00 UTC,217375482757
2016-08-20 00:00:00 UTC,217375482757
2016-08-21 00:00:00 UTC,217375482757
2016-08-22 00:00:00 UTC,217375482757
2016-08-23 00:00:00 UTC,217375482757
2016-08-24 00:00:00 UTC,217375482757
2016-08-25 00:00:00 UTC,217375482757
2016-08-26 00:00:00 UTC,217375482757
2016-08-27 00:00:00 UTC,217375482757
2016-08-28 00:00:00 UTC,217375482757
2016-08-29 00:00:00 UTC,220755908330
2016-08-30 00:00:00 UTC,220755908330
2016-08-31 00:00:00 UTC,220755908330
2016-09-01 00:00:00 UTC,220755908330
2016-09-02 00:00:00 UTC,220755908330
2016-09-03 00:00:00 UTC,220755908330
2016-09-04 00:00:00 UTC,220755908330
2016-09-05 00:00:00 UTC,220755908330
2016-09-06 00:00:00 UTC,220755908330
2016-09-07 00:00:00 UTC,220755908330
2016-09-08 00:00:00 UTC,220755908330
2016-09-09 00:00:00 UTC,220755908330
2016-09-10 00:00:00 UTC,220755908330
2016-09-11 00:00:00 UTC,220755908330
2016-09-12 00:00:00 UTC,225832872179
2016-09-13 00:00:00 UTC,225832872179
2016-09-14 00:00:00 UTC,225832872179
2016-09-15 00:00:00 UTC,225832872179
2016-09-16 00:00:00 UTC,225832872179
2016-09-17 00:00:00 UTC,225832872179
2016-09-18 00:00:00 UTC,225832872179
2016-09-19 00:00:00 UTC,225832872179
2016-09-20 00:00:00 UTC,225832872179
2016-09-21 00:00:00 UTC,225832872179
2016-09-22 00:00:00 UTC,225832872179
2016-09-23 00:00:00 UTC,225832872179
2016-09-24 00:00:00 UTC,225832872179
2016-09-25 00:00:00 UTC,241227200230
2016-09-26 00:00:00 UTC,241227200230
2016-09-27 00:00:00 UTC,241227200230
2016-09-28 00:00:00 UTC,241227200230
2016-09-29 00:00:00 UTC,241227200230
2016-09-30 00:00:00 UTC,241227200230
2016-10-01 00:00:00 UTC,241227200230
2016-10-02 00:00:00 UTC,241227200230
2016-10-03 00:00:00 UTC,241227200230
2016-10-04 00:00:00 UTC,241227200230
2016-10-05 00:00:00 UTC,241227200230
2016-10-06 00:00:00 UTC,241227200230
2016-10-07 00:00:00 UTC,241227200230
2016-10-08 00:00:00 UTC,258522748405
2016-10-09 00:00:00 UTC,258522748405
2016-10-10 00:00:00 UTC,258522748405
2016-10-11 00:00:00 UTC,258522748405
2016-10-12 00:00:00 UTC,258522748405
2016-10-13 00:00:00 UTC,258522748405
2016-10-14 00:00:00 UTC,258522748405
2016-10-15 00:00:00 UTC,258522748405
2016-10-16 00:00:00 UTC,258522748405
2016-10-17 00:00:00 UTC,258522748405
2016-10-18 00:00:00 UTC,258522748405
2016-10-19 00:00:00 UTC,258522748405
2016-10-20 00:00:00 UTC,258522748405
2016-10-21 00:00:00 UTC,258522748405
2016-10-22 00:00:00 UTC,258522748405
2016-10-23 00:00:00 UTC,253618246641
2016-10-24 00:00:00 UTC,253618246641
2016-10-25 00:00:00 UTC,253618246641
2016-10-26 00:00:00 UTC,253618246641
2016-10-27 00:00:00 UTC,253618246641
2016-10-28 00:00:00 UTC,253618246641
2016-10-29 00:00:00 UTC,253618246641
2016-10-30 00:00:00 UTC,253618246641
2016-10-31 00:00:00 UTC,253618246641
2016-11-01 00:00:00 UTC,253618246641
2016-11-02 00:00:00 UTC,253618246641
2016-11-03 00:00:00 UTC,253618246641
2016-11-04 00:00:00 UTC,253618246641
2016-11-05 00:00:00 UTC,254620187304
2016-11-06 00:00:00 UTC,254620187304
2016-11-07 00:00:00 UTC,254620187304
2016-11-08 00:00:00 UTC,254620187304
2016-11-09 00:00:00 UTC,254620187304
2016-11-10 00:00:00 UTC,254620187304
2016-11-11 00:00:00 UTC,254620187304
2016-11-12 00:00:00 UTC,254620187304
2016-11-13 00:00:00 UTC,254620187304
2016-11-14 00:00:00 UTC,254620187304
2016-11-15 00:00:00 UTC,254620187304
2016-11-16 00:00:00 UTC,254620187304
2016-11-17 00:00:00 UTC,254620187304
2016-11-18 00:00:00 UTC,281800917193
2016-11-19 00:00:00 UTC,281800917193
2016-11-20 00:00:00 UTC,281800917193
2016-11-21 00:00:00 UTC,281800917193
2016-11-22 00:00:00 UTC,281800917193
2016-11-23 00:00:00 UTC,281800917193
2016-11-24 00:00:00 UTC,281800917193
2016-11-25 00:00:00 UTC,281800917193
2016-11-26 00:00:00 UTC,281800917193
2016-11-27 00:00:00 UTC,281800917193
2016-11-28 00:00:00 UTC,281800917193
2016-11-29 00:00:00 UTC,281800917193
2016-11-30 00:00:00 UTC,281800917193
2016-12-01 00:00:00 UTC,281800917193
2016-12-02 00:00:00 UTC,286765766821
2016-12-03 00:00:00 UTC,286765766821
2016-12-04 00:00:00 UTC,286765766821
2016-12-05 00:00:00 UTC,286765766821
2016-12-06 00:00:00 UTC,286765766821
2016-12-07 00:00:00 UTC,286765766821
2016-12-08 00:00:00 UTC,286765766821
2016-12-09 00:00:00 UTC,286765766821
2016-12-10 00:00:00 UTC,286765766821
2016-12-11 00:00:00 UTC,286765766821
2016-12-12 00:00:00 UTC,286765766821
2016-12-13 00:00:00 UTC,286765766821
2016-12-14 00:00:00 UTC,286765766821
2016-12-15 00:00:00 UTC,310153855703
2016-12-16 00:00:00 UTC,310153855703
2016-12-17 00:00:00 UTC,310153855703
2016-12-18 00:00:00 UTC,310153855703
2016-12-19 00:00:00 UTC,310153855703
2016-12-20 00:00:00 UTC,310153855703
2016-12-21 00:00:00 UTC,310153855703
2016-12-22 00:00:00 UTC,310153855703
2016-12-23 00:00:00 UTC,310153855703
2016-12-24 00:00:00 UTC,310153855703
2016-12-25 00:00:00 UTC,310153855703
2016-12-26 00:00:00 UTC,310153855703
2016-12-27 00:00:00 UTC,310153855703
2016-12-28 00:00:00 UTC,317688400354
2016-12-29 00:00:00 UTC,317688400354
2016-12-30 00:00:00 UTC,317688400354
2016-12-31 00:00:00 UTC,317688400354
2017-01-01 00:00:00 UTC,317688400354
2017-01-02 00:00:00 UTC,317688400354
2017-01-03 00:00:00 UTC,317688400354
2017-01-04 00:00:00 UTC,317688400354
2017-01-05 00:00:00 UTC,317688400354
2017-01-06 00:00:00 UTC,317688400354
2017-01-07 00:00:00 UTC,317688400354
2017-01-08 00:00:00 UTC,317688400354
2017-01-09 00:00:00 UTC,317688400354
2017-01-10 00:00:00 UTC,336899932796
2017-01-11 00:00:00 UTC,336899932796
2017-01-12 00:00:00 UTC,336899932796
2017-01-13 00:00:00 UTC,336899932796
2017-01-14 00:00:00 UTC,336899932796
2017-01-15 00:00:00 UTC,336899932796
2017-01-16 00:00:00 UTC,336899932796
2017-01-17 00:00:00 UTC,336899932796
2017-01-18 00:00:00 UTC,336899932796
2017-01-19 00:00:00 UTC,336899932796
2017-01-20 00:00:00 UTC,336899932796
2017-01-21 00:00:00 UTC,336899932796
2017-01-22 00:00:00 UTC,392963262344
2017-01-23 00:00:00 UTC,392963262344
2017-01-24 00:00:00 UTC,392963262344
2017-01-25 00:00:00 UTC,392963262344
2017-01-26 00:00:00 UTC,392963262344
2017-01-27 00:00:00 UTC,392963262344
2017-01-28 00:00:00 UTC,392963262344
2017-01-29 00:00:00 UTC,392963262344
2017-01-30 00:00:00 UTC,392963262344
2017-01-31 00:00:00 UTC,392963262344
2017-02-01 00:00:00 UTC,392963262344
2017-02-02 00:00:00 UTC,392963262344
2017-02-03 00:00:00 UTC,392963262344
2017-02-04 00:00:00 UTC,422170566884
2017-02-05 00:00:00 UTC,422170566884
2017-02-06 00:00:00 UTC,422170566884
2017-02-07 00:00:00 UTC,422170566884
2017-02-08 00:00:00 UTC,422170566884
2017-02-09 00:00:00 UTC,422170566884
2017-02-10 00:00:00 UTC,422170566884
2017-02-11 00:00:00 UTC,422170566884
2017-02-12 00:00:00 UTC,422170566884
2017-02-13 00:00:00 UTC,422170566884
2017-02-14 00:00:00 UTC,422170566884
2017-02-15 00:00:00 UTC,422170566884
2017-02-16 00:00:00 UTC,422170566884
2017-02-17 00:00:00 UTC,422170566884
2017-02-18 00:00:00 UTC,440779902287
2017-02-19 00:00:00 UTC,440779902287
2017-02-20 00:00:00 UTC,440779902287
2017-02-21 00:00:00 UTC,440779902287
2017-02-22 00:00:00 UTC,440779902287
2017-02-23 00:00:00 UTC,440779902287
2017-02-24 00:00:00 UTC,440779902287
2017-02-25 00:00:00 UTC,440779902287
2017-02-26 00:00:00 UTC,440779902287
2017-02-27 00:00:00 UTC,440779902287
2017-02-28 00:00:00 UTC,440779902287
2017-03-01 00:00:00 UTC,440779902287
2017-03-02 00:00:00 UTC,440779902287
2017-03-03 00:00:00 UTC,460769358091
2017-03-04 00:00:00 UTC,460769358091
2017-03-05 00:00:00 UTC,460769358091
2017-03-06 00:00:00 UTC,460769358091
2017-03-07 00:00:00 UTC,460769358091
2017-03-08 00:00:00 UTC,460769358091
2017-03-09 00:00:00 UTC,460769358091
2017-03-10 00:00:00 UTC,460769358091
2017-03-11 00:00:00 UTC,460769358091
2017-03-12 00:00:00 UTC,460769358091
2017-03-13 00:00:00 UTC,460769358091
2017-03-14 00:00:00 UTC,460769358091
2017-03-15 00:00:00 UTC,460769358091
2017-03-16 00:00:00 UTC,460769358091
2017-03-17 00:00:00 UTC,475705205062
2017-03-18 00:00:00 UTC,475705205062
2017-03-19 00:00:00 UTC,475705205062
2017-03-20 00:00:00 UTC,475705205062
2017-03-21 00:00:00 UTC,475705205062
2017-03-22 00:00:00 UTC,475705205062
2017-03-23 00:00:00 UTC,475705205062
2017-03-24 00:00:00 UTC,475705205062
2017-03-25 00:00:00 UTC,475705205062
2017-03-26 00:00:00 UTC,475705205062
2017-03-27 00:00:00 UTC,475705205062
2017-03-28 00:00:00 UTC,475705205062
2017-03-29 00:00:00 UTC,475705205062
2017-03-30 00:00:00 UTC,499635929817
2017-03-31 00:00:00 UTC,499635929817
2017-04-01 00:00:00 UTC,499635929817
2017-04-02 00:00:00 UTC,499635929817
2017-04-03 00:00:00 UTC,499635929817
2017-04-04 00:00:00 UTC,499635929817
2017-04-05 00:00:00 UTC,499635929817
2017-04-06 00:00:00 UTC,499635929817
2017-04-07 00:00:00 UTC,499635929817
2017-04-08 00:00:00 UTC,499635929817
2017-04-09 00:00:00 UTC,499635929817
2017-04-10 00:00:00 UTC,499635929817
2017-04-11 00:00:00 UTC,499635929817
2017-04-12 00:00:00 UTC,499635929817
2017-04-13 00:00:00 UTC,520808749422
2017-04-14 00:00:00 UTC,520808749422
2017-04-15 00:00:00 UTC,520808749422
2017-04-16 00:00:00 UTC,520808749422
2017-04-17 00:00:00 UTC,520808749422
2017-04-18 00:00:00 UTC,520808749422
2017-04-19 00:00:00 UTC,520808749422
2017-04-20 00:00:00 UTC,520808749422
2017-04-21 00:00:00 UTC,520808749422
2017-04-22 00:00:00 UTC,520808749422
2017-04-23 00:00:00 UTC,520808749422
2017-04-24 00:00:00 UTC,520808749422
2017-04-25 00:00:00 UTC,520808749422
2017-04-26 00:00:00 UTC,520808749422
2017-04-27 00:00:00 UTC,521974519554
2017-04-28 00:00:00 UTC,521974519554
2017-04-29 00:00:00 UTC,521974519554
2017-04-30 00:00:00 UTC,521974519554
2017-05-01 00:00:00 UTC,521974519554
2017-05-02 00:00:00 UTC,521974519554
2017-05-03 00:00:00 UTC,521974519554
2017-05-04 00:00:00 UTC,521974519554
2017-05-05 00:00:00 UTC,521974519554
2017-05-06 00:00:00 UTC,521974519554
2017-05-07 00:00:00 UTC,521974519554
2017-05-08 00:00:00 UTC,521974519554
2017-05-09 00:00:00 UTC,521974519554
2017-05-10 00:00:00 UTC,559970892891
2017-05-11 00:00:00 UTC,559970892891
2017-05-12 00:00:00 UTC,559970892891
2017-05-13 00:00:00 UTC,559970892891
2017-05-14 00:00:00 UTC,559970892891
2017-05-15 00:00:00 UTC,559970892891
2017-05-16 00:00:00 UTC,559970892891
2017-05-17 00:00:00 UTC,559970892891
2017-05-18 00:00:00 UTC,559970892891
2017-05-19 00:00:00 UTC,559970892891
2017-05-20 00:00:00 UTC,559970892891
2017-05-21 00:00:00 UTC,559970892891
2017-05-22 00:00:00 UTC,559970892891
2017-05-23 00:00:00 UTC,595921917085
2017-05-24 00:00:00 UTC,595921917085
2017-05-25 00:00:00 UTC,595921917085
2017-05-26 00:00:00 UTC,595921917085
2017-05-27 00:00:00 UTC,595921917085
2017-05-28 00:00:00 UTC,595921917085
2017-05-29 00:00:00 UTC,595921917085
2017-05-30 00:00:00 UTC,595921917085
2017-05-31 00:00:00 UTC,595921917085
2017-06-01 00:00:00 UTC,595921917085
2017-06-02 00:00:00 UTC,595921917085
2017-06-03 00:00:00 UTC,595921917085
2017-06-04 00:00:00 UTC,678760110083
2017-06-05 00:00:00 UTC,678760110083
2017-06-06 00:00:00 UTC,678760110083
2017-06-07 00:00:00 UTC,678760110083
2017-06-08 00:00:00 UTC,678760110083
2017-06-09 00:00:00 UTC,678760110083
2017-06-10 00:00:00 UTC,678760110083
2017-06-11 00:00:00 UTC,678760110083
2017-06-12 00:00:00 UTC,678760110083
2017-06-13 00:00:00 UTC,678760110083
2017-06-14 00:00:00 UTC,678760110083
2017-06-15 00:00:00 UTC,678760110083
2017-06-16 00:00:00 UTC,678760110083
2017-06-17 00:00:00 UTC,711697198174
2017-06-18 00:00:00 UTC,711697198174
2017-06-19 00:00:00 UTC,711697198174
2017-06-20 00:00:00 UTC,711697198174
2017-06-21 00:00:00 UTC,711697198174
2017-06-22 00:00:00 UTC,711697198174
2017-06-23 00:00:00 UTC,711697198174
2017-06-24 00:00:00 UTC,711697198174
2017-06-25 00:00:00 UTC,711697198174
2017-06-26 00:00:00 UTC,711697198174
2017-06-27 00:00:00 UTC,711697198174
2017-06-28 00:00:00 UTC,711697198174
2017-06-29 00:00:00 UTC,711697198174
2017-06-30 00:00:00 UTC,711697198174
2017-07-01 00:00:00 UTC,711697198174
2017-07-02 00:00:00 UTC,711697198174
2017-07-03 00:00:00 UTC,708659466230
2017-07-04 00:00:00 UTC,708659466230
2017-07-05 00:00:00 UTC,708659466230
2017-07-06 00:00:00 UTC,708659466230
2017-07-07 00:00:00 UTC,708659466230
2017-07-08 00:00:00 UTC,708659466230
2017-07-09 00:00:00 UTC,708659466230
2017-07-10 00:00:00 UTC,708659466230
2017-07-11 00:00:00 UTC,708659466230
2017-07-12 00:00:00 UTC,708659466230
2017-07-13 00:00:00 UTC,708659466230
2017-07-14 00:00:00 UTC,804525194568
2017-07-15 00:00:00 UTC,804525194568
2017-07-16 00:00:00 UTC,804525194568
2017-07-17 00:00:00 UTC,804525194568
2017-07-18 00:00:00 UTC,804525194568
2017-07-19 00:00:00 UTC,804525194568
2017-07-20 00:00:00 UTC,804525194568
2017-07-21 00:00:00 UTC,804525194568
2017-07-22 00:00:00 UTC,804525194568
2017-07-23 00:00:00 UTC,804525194568
2017-07-24 00:00:00 UTC,804525194568
2017-07-25 00:00:00 UTC,804525194568
2017-07-26 00:00:00 UTC,804525194568
2017-07-27 00:00:00 UTC,860221984436
2017-07-28 00:00:00 UTC,860221984436
2017-07-29 00:00:00 UTC,860221984436
2017-07-30 00:00:00 UTC,860221984436
2017-07-31 00:00:00 UTC,860221984436
2017-08-01 00:00:00 UTC,860221984436
2017-08-02 00:00:00 UTC,860221984436
2017-08-03 00:00:00 UTC,860221984436
2017-08-04 00:00:00 UTC,860221984436
2017-08-05 00:00:00 UTC,860221984436
2017-08-06 00:00:00 UTC,860221984436
2017-08-07 00:00:00 UTC,860221984436
2017-08-08 00:00:00 UTC,860221984436
2017-08-09 00:00:00 UTC,923233068449
2017-08-10 00:00:00 UTC,923233068449
2017-08-11 00:00:00 UTC,923233068449
2017-08-12 00:00:00 UTC,923233068449
2017-08-13 00:00:00 UTC,923233068449
2017-08-14 00:00:00 UTC,923233068449
2017-08-15 00:00:00 UTC,923233068449
2017-08-16 00:00:00 UTC,923233068449
2017-08-17 00:00:00 UTC,923233068449
2017-08-18 00:00:00 UTC,923233068449
2017-08-19 00:00:00 UTC,923233068449
2017-08-20 00:00:00 UTC,923233068449
2017-08-21 00:00:00 UTC,923233068449
2017-08-22 00:00:00 UTC,923233068449
2017-08-23 00:00:00 UTC,923233068449
2017-08-24 00:00:00 UTC,923233068449
2017-08-25 00:00:00 UTC,888171856257
2017-08-26 00:00:00 UTC,888171856257
2017-08-27 00:00:00 UTC,888171856257
2017-08-28 00:00:00 UTC,888171856257
2017-08-29 00:00:00 UTC,888171856257
2017-08-30 00:00:00 UTC,888171856257
2017-08-31 00:00:00 UTC,888171856257
2017-09-01 00:00:00 UTC,888171856257
2017-09-02 00:00:00 UTC,888171856257
2017-09-03 00:00:00 UTC,888171856257
2017-09-04 00:00:00 UTC,888171856257
2017-09-05 00:00:00 UTC,888171856257
2017-09-06 00:00:00 UTC,922724699726
2017-09-07 00:00:00 UTC,922724699726
2017-09-08 00:00:00 UTC,922724699726
2017-09-09 00:00:00 UTC,922724699726
2017-09-10 00:00:00 UTC,922724699726
2017-09-11 00:00:00 UTC,922724699726
2017-09-12 00:00:00 UTC,922724699726
2017-09-13 00:00:00 UTC,922724699726
2017-09-14 00:00:00 UTC,922724699726
2017-09-15 00:00:00 UTC,922724699726
2017-09-16 00:00:00 UTC,922724699726
2017-09-17 00:00:00 UTC,922724699726
2017-09-18 00:00:00 UTC,1103400932964
2017-09-19 00:00:00 UTC,1103400932964
2017-09-20 00:00:00 UTC,1103400932964
2017-09-21 00:00:00 UTC,1103400932964
2017-09-22 00:00:00 UTC,1103400932964
2017-09-23 00:00:00 UTC,1103400932964
2017-09-24 00:00:00 UTC,1103400932964
2017-09-25 00:00:00 UTC,1103400932964
2017-09-26 00:00:00 UTC,1103400932964
2017-09-27 00:00:00 UTC,1103400932964
2017-09-28 00:00:00 UTC,1103400932964
2017-09-29 00:00:00 UTC,1103400932964
2017-09-30 00:00:00 UTC,1103400932964
2017-10-01 00:00:00 UTC,1103400932964
2017-10-02 00:00:00 UTC,1123863285133
2017-10-03 00:00:00 UTC,1123863285133
2017-10-04 00:00:00 UTC,1123863285133
2017-10-05 00:00:00 UTC,1123863285133
2017-10-06 00:00:00 UTC,1123863285133
2017-10-07 00:00:00 UTC,1123863285133
2017-10-08 00:00:00 UTC,1123863285133
2017-10-09 00:00:00 UTC,1123863285133
2017-10-10 00:00:00 UTC,1123863285133
2017-10-11 00:00:00 UTC,1123863285133
2017-10-12 00:00:00 UTC,1123863285133
2017-10-13 00:00:00 UTC,1123863285133
2017-10-14 00:00:00 UTC,1123863285133
2017-10-15 00:00:00 UTC,1196792694099
2017-10-16 00:00:00 UTC,1196792694099
2017-10-17 00:00:00 UTC,1196792694099
2017-10-18 00:00:00 UTC,1196792694099
2017-10-19 00:00:00 UTC,1196792694099
2017-10-20 00:00:00 UTC,1196792694099
2017-10-21 00:00:00 UTC,1196792694099
2017-10-22 00:00:00 UTC,1196792694099
2017-10-23 00:00:00 UTC,1196792694099
2017-10-24 00:00:00 UTC,1196792694099
2017-10-25 00:00:00 UTC,1196792694099
2017-10-26 00:00:00 UTC,1452839779146
2017-10-27 00:00:00 UTC,1452839779146
2017-10-28 00:00:00 UTC,1452839779146
2017-10-29 00:00:00 UTC,1452839779146
2017-10-30 00:00:00 UTC,1452839779146
2017-10-31 00:00:00 UTC,1452839779146
2017-11-01 00:00:00 UTC,1452839779146
2017-11-02 00:00:00 UTC,1452839779146
2017-11-03 00:00:00 UTC,1452839779146
2017-11-04 00:00:00 UTC,1452839779146
2017-11-05 00:00:00 UTC,1452839779146
2017-11-06 00:00:00 UTC,1452839779146
2017-11-07 00:00:00 UTC,1452839779146
2017-11-08 00:00:00 UTC,1452839779146
2017-11-09 00:00:00 UTC,1452839779146
2017-11-10 00:00:00 UTC,1452839779146
2017-11-11 00:00:00 UTC,1364422081125
2017-11-12 00:00:00 UTC,1364422081125
2017-11-13 00:00:00 UTC,1364422081125
2017-11-14 00:00:00 UTC,1364422081125
2017-11-15 00:00:00 UTC,1364422081125
2017-11-16 00:00:00 UTC,1364422081125
2017-11-17 00:00:00 UTC,1364422081125
2017-11-18 00:00:00 UTC,1364422081125
2017-11-19 00:00:00 UTC,1364422081125
2017-11-20 00:00:00 UTC,1364422081125
2017-11-21 00:00:00 UTC,1364422081125
2017-11-22 00:00:00 UTC,1364422081125
2017-11-23 00:00:00 UTC,1364422081125
2017-11-24 00:00:00 UTC,1364422081125
2017-11-25 00:00:00 UTC,1347001430559
2017-11-26 00:00:00 UTC,1347001430559
2017-11-27 00:00:00 UTC,1347001430559
2017-11-28 00:00:00 UTC,1347001430559
2017-11-29 00:00:00 UTC,1347001430559
2017-11-30 00:00:00 UTC,1347001430559
2017-12-01 00:00:00 UTC,1347001430559
2017-12-02 00:00:00 UTC,1347001430559
2017-12-03 00:00:00 UTC,1347001430559
2017-12-04 00:00:00 UTC,1347001430559
2017-12-05 00:00:00 UTC,1347001430559
2017-12-06 00:00:00 UTC,1590896927258
2017-12-07 00:00:00 UTC,1590896927258
2017-12-08 00:00:00 UTC,1590896927258
2017-12-09 00:00:00 UTC,1590896927258
2017-12-10 00:00:00 UTC,1590896927258
2017-12-11 00:00:00 UTC,1590896927258
2017-12-12 00:00:00 UTC,1590896927258
2017-12-13 00:00:00 UTC,1590896927258
2017-12-14 00:00:00 UTC,1590896927258
2017-12-15 00:00:00 UTC,1590896927258
2017-12-16 00:00:00 UTC,1590896927258
2017-12-17 00:00:00 UTC,1590896927258
2017-12-18 00:00:00 UTC,1873105475222
2017-12-19 00:00:00 UTC,1873105475222
2017-12-20 00:00:00 UTC,1873105475222
2017-12-21 00:00:00 UTC,1873105475222
2017-12-22 00:00:00 UTC,1873105475222
2017-12-23 00:00:00 UTC,1873105475222
2017-12-24 00:00:00 UTC,1873105475222
2017-12-25 00:00:00 UTC,1873105475222
2017-12-26 00:00:00 UTC,1873105475222
2017-12-27 00:00:00 UTC,1873105475222
2017-12-28 00:00:00 UTC,1873105475222
2017-12-29 00:00:00 UTC,1873105475222
2017-12-30 00:00:00 UTC,1873105475222
2017-12-31 00:00:00 UTC,1873105475222
2018-01-01 00:00:00 UTC,1931136454488
2018-01-02 00:00:00 UTC,1931136454488
2018-01-03 00:00:00 UTC,1931136454488
2018-01-04 00:00:00 UTC,1931136454488
2018-01-05 00:00:00 UTC,1931136454488
2018-01-06 00:00:00 UTC,1931136454488
2018-01-07 00:00:00 UTC,1931136454488
2018-01-08 00:00:00 UTC,1931136454488
2018-01-09 00:00:00 UTC,1931136454488
2018-01-10 00:00:00 UTC,1931136454488
2018-01-11 00:00:00 UTC,1931136454488
2018-01-12 00:00:00 UTC,1931136454488
2018-01-13 00:00:00 UTC,2227847638504
2018-01-14 00:00:00 UTC,2227847638504
2018-01-15 00:00:00 UTC,2227847638504
2018-01-16 00:00:00 UTC,2227847638504
2018-01-17 00:00:00 UTC,2227847638504
2018-01-18 00:00:00 UTC,2227847638504
2018-01-19 00:00:00 UTC,2227847638504
2018-01-20 00:00:00 UTC,2227847638504
2018-01-21 00:00:00 UTC,2227847638504
2018-01-22 00:00:00 UTC,2227847638504
2018-01-23 00:00:00 UTC,2227847638504
2018-01-24 00:00:00 UTC,2227847638504
2018-01-25 00:00:00 UTC,2603077300219
2018-01-26 00:00:00 UTC,2603077300219
2018-01-27 00:00:00 UTC,2603077300219
2018-01-28 00:00:00 UTC,2603077300219
2018-01-29 00:00:00 UTC,2603077300219
2018-01-30 00:00:00 UTC,2603077300219
2018-01-31 00:00:00 UTC,2603077300219
2018-02-01 00:00:00 UTC,2603077300219
2018-02-02 00:00:00 UTC,2603077300219
2018-02-03 00:00:00 UTC,2603077300219
2018-02-04 00:00:00 UTC,2603077300219
2018-02-05 00:00:00 UTC,2603077300219
2018-02-06 00:00:00 UTC,2874674234416
2018-02-07 00:00:00 UTC,2874674234416
2018-02-08 00:00:00 UTC,2874674234416
2018-02-09 00:00:00 UTC,2874674234416
2018-02-10 00:00:00 UTC,2874674234416
2018-02-11 00:00:00 UTC,2874674234416
2018-02-12 00:00:00 UTC,2874674234416
2018-02-13 00:00:00 UTC,2874674234416
2018-02-14 00:00:00 UTC,2874674234416
2018-02-15 00:00:00 UTC,2874674234416
2018-02-16 00:00:00 UTC,2874674234416
2018-02-17 00:00:00 UTC,2874674234416
2018-02-18 00:00:00 UTC,2874674234416
2018-02-19 00:00:00 UTC,2874674234416
2018-02-20 00:00:00 UTC,3007383866430
2018-02-21 00:00:00 UTC,3007383866430
2018-02-22 00:00:00 UTC,3007383866430
2018-02-23 00:00:00 UTC,3007383866430
2018-02-24 00:00:00 UTC,3007383866430
2018-02-25 00:00:00 UTC,3007383866430
2018-02-26 00:00:00 UTC,3007383866430
2018-02-27 00:00:00 UTC,3007383866430
2018-02-28 00:00:00 UTC,3007383866430
2018-03-01 00:00:00 UTC,3007383866430
2018-03-02 00:00:00 UTC,3007383866430
2018-03-03 00:00:00 UTC,3007383866430
2018-03-04 00:00:00 UTC,3007383866430
2018-03-05 00:00:00 UTC,3290605988755
2018-03-06 00:00:00 UTC,3290605988755
2018-03-07 00:00:00 UTC,3290605988755
2018-03-08 00:00:00 UTC,3290605988755
2018-03-09 00:00:00 UTC,3290605988755
2018-03-10 00:00:00 UTC,3290605988755
2018-03-11 00:00:00 UTC,3290605988755
2018-03-12 00:00:00 UTC,3290605988755
2018-03-13 00:00:00 UTC,3290605988755
2018-03-14 00:00:00 UTC,3290605988755
2018-03-15 00:00:00 UTC,3290605988755
2018-03-16 00:00:00 UTC,3290605988755
2018-03-17 00:00:00 UTC,3290605988755
2018-03-18 00:00:00 UTC,3462542391192
2018-03-19 00:00:00 UTC,3462542391192
2018-03-20 00:00:00 UTC,3462542391192
2018-03-21 00:00:00 UTC,3462542391192
2018-03-22 00:00:00 UTC,3462542391192
2018-03-23 00:00:00 UTC,3462542391192
2018-03-24 00:00:00 UTC,3462542391192
2018-03-25 00:00:00 UTC,3462542391192
2018-03-26 00:00:00 UTC,3462542391192
2018-03-27 00:00:00 UTC,3462542391192
2018-03-28 00:00:00 UTC,3462542391192
2018-03-29 00:00:00 UTC,3462542391192
2018-03-30 00:00:00 UTC,3462542391192
2018-03-31 00:00:00 UTC,3462542391192
2018-04-01 00:00:00 UTC,3511060552900
2018-04-02 00:00:00 UTC,3511060552900
2018-04-03 00:00:00 UTC,3511060552900
2018-04-04 00:00:00 UTC,3511060552900
2018-04-05 00:00:00 UTC,3511060552900
2018-04-06 00:00:00 UTC,3511060552900
2018-04-07 00:00:00 UTC,3511060552900
2018-04-08 00:00:00 UTC,3511060552900
2018-04-09 00:00:00 UTC,3511060552900
2018-04-10 00:00:00 UTC,3511060552900
2018-04-11 00:00:00 UTC,3511060552900
2018-04-12 00:00:00 UTC,3511060552900
2018-04-13 00:00:00 UTC,3511060552900
2018-04-14 00:00:00 UTC,3839316899030
2018-04-15 00:00:00 UTC,3839316899030
2018-04-16 00:00:00 UTC,3839316899030
2018-04-17 00:00:00 UTC,3839316899030
2018-04-18 00:00:00 UTC,3839316899030
2018-04-19 00:00:00 UTC,3839316899030
2018-04-20 00:00:00 UTC,3839316899030
2018-04-21 00:00:00 UTC,3839316899030
2018-04-22 00:00:00 UTC,3839316899030
2018-04-23 00:00:00 UTC,3839316899030
2018-04-24 00:00:00 UTC,3839316899030
2018-04-25 00:00:00 UTC,3839316899030
2018-04-26 00:00:00 UTC,3839316899030
2018-04-27 00:00:00 UTC,4022059196165
2018-04-28 00:00:00 UTC,4022059196165
2018-04-29 00:00:00 UTC,4022059196165
2018-04-30 00:00:00 UTC,4022059196165
2018-05-01 00:00:00 UTC,4022059196165
2018-05-02 00:00:00 UTC,4022059196165
2018-05-03 00:00:00 UTC,4022059196165
2018-05-04 00:00:00 UTC,4022059196165
2018-05-05 00:00:00 UTC,4022059196165
2018-05-06 00:00:00 UTC,4022059196165
2018-05-07 00:00:00 UTC,4022059196165
2018-05-08 00:00:00 UTC,4022059196165
2018-05-09 00:00:00 UTC,4022059196165
2018-05-10 00:00:00 UTC,4022059196165
2018-05-11 00:00:00 UTC,4143878474754
2018-05-12 00:00:00 UTC,4143878474754
2018-05-13 00:00:00 UTC,4143878474754
2018-05-14 00:00:00 UTC,4143878474754
2018-05-15 00:00:00 UTC,4143878474754
2018-05-16 00:00:00 UTC,4143878474754
2018-05-17 00:00:00 UTC,4143878474754
2018-05-18 00:00:00 UTC,4143878474754
2018-05-19 00:00:00 UTC,4143878474754
2018-05-20 00:00:00 UTC,4143878474754
2018-05-21 00:00:00 UTC,4143878474754
2018-05-22 00:00:00 UTC,4143878474754
2018-05-23 00:00:00 UTC,4143878474754
2018-05-24 00:00:00 UTC,4306949573982
2018-05-25 00:00:00 UTC,4306949573982
2018-05-26 00:00:00 UTC,4306949573982
2018-05-27 00:00:00 UTC,4306949573982
2018-05-28 00:00:00 UTC,4306949573982
2018-05-29 00:00:00 UTC,4306949573982
2018-05-30 00:00:00 UTC,4306949573982
2018-05-31 00:00:00 UTC,4306949573982
2018-06-01 00:00:00 UTC,4306949573982
2018-06-02 00:00:00 UTC,4306949573982
2018-06-03 00:00:00 UTC,4306949573982
2018-06-04 00:00:00 UTC,4306949573982
2018-06-05 00:00:00 UTC,4940704885522
2018-06-06 00:00:00 UTC,4940704885522
2018-06-07 00:00:00 UTC,4940704885522
2018-06-08 00:00:00 UTC,4940704885522
2018-06-09 00:00:00 UTC,4940704885522
2018-06-10 00:00:00 UTC,4940704885522
2018-06-11 00:00:00 UTC,4940704885522
2018-06-12 00:00:00 UTC,4940704885522
2018-06-13 00:00:00 UTC,4940704885522
2018-06-14 00:00:00 UTC,4940704885522
2018-06-15 00:00:00 UTC,4940704885522
2018-06-16 00:00:00 UTC,4940704885522
2018-06-17 00:00:00 UTC,4940704885522
2018-06-18 00:00:00 UTC,4940704885522
2018-06-19 00:00:00 UTC,5077499034879
2018-06-20 00:00:00 UTC,5077499034879
2018-06-21 00:00:00 UTC,5077499034879
2018-06-22 00:00:00 UTC,5077499034879
2018-06-23 00:00:00 UTC,5077499034879
2018-06-24 00:00:00 UTC,5077499034879
2018-06-25 00:00:00 UTC,5077499034879
2018-06-26 00:00:00 UTC,5077499034879
2018-06-27 00:00:00 UTC,5077499034879
2018-06-28 00:00:00 UTC,5077499034879
2018-06-29 00:00:00 UTC,5077499034879
2018-06-30 00:00:00 UTC,5077499034879
2018-07-01 00:00:00 UTC,5077499034879
2018-07-02 00:00:00 UTC,5363678461481
2018-07-03 00:00:00 UTC,5363678461481
2018-07-04 00:00:00 UTC,5363678461481
2018-07-05 00:00:00 UTC,5363678461481
2018-07-06 00:00:00 UTC,5363678461481
2018-07-07 00:00:00 UTC,5363678461481
2018-07-08 00:00:00 UTC,5363678461481
2018-07-09 00:00:00 UTC,5363678461481
2018-07-10 00:00:00 UTC,5363678461481
2018-07-11 00:00:00 UTC,5363678461481
2018-07-12 00:00:00 UTC,5363678461481
2018-07-13 00:00:00 UTC,5363678461481
2018-07-14 00:00:00 UTC,5363678461481
2018-07-15 00:00:00 UTC,5363678461481
2018-07-16 00:00:00 UTC,5363678461481
2018-07-17 00:00:00 UTC,5363678461481
2018-07-18 00:00:00 UTC,5178671069072
2018-07-19 00:00:00 UTC,5178671069072
2018-07-20 00:00:00 UTC,5178671069072
2018-07-21 00:00:00 UTC,5178671069072
2018-07-22 00:00:00 UTC,5178671069072
2018-07-23 00:00:00 UTC,5178671069072
2018-07-24 00:00:00 UTC,5178671069072
2018-07-25 00:00:00 UTC,5178671069072
2018-07-26 00:00:00 UTC,5178671069072
2018-07-27 00:00:00 UTC,5178671069072
2018-07-28 00:00:00 UTC,5178671069072
2018-07-29 00:00:00 UTC,5949437371610
2018-07-30 00:00:00 UTC,5949437371610
2018-07-31 00:00:00 UTC,5949437371610
2018-08-01 00:00:00 UTC,5949437371610
2018-08-02 00:00:00 UTC,5949437371610
2018-08-03 00:00:00 UTC,5949437371610
2018-08-04 00:00:00 UTC,5949437371610
2018-08-05 00:00:00 UTC,5949437371610
2018-08-06 00:00:00 UTC,5949437371610
2018-08-07 00:00:00 UTC,5949437371610
2018-08-08 00:00:00 UTC,5949437371610
2018-08-09 00:00:00 UTC,5949437371610
2018-08-10 00:00:00 UTC,5949437371610
2018-08-11 00:00:00 UTC,6389316883512
2018-08-12 00:00:00 UTC,6389316883512
2018-08-13 00:00:00 UTC,6389316883512
2018-08-14 00:00:00 UTC,6389316883512
2018-08-15 00:00:00 UTC,6389316883512
2018-08-16 00:00:00 UTC,6389316883512
2018-08-17 00:00:00 UTC,6389316883512
2018-08-18 00:00:00 UTC,6389316883512
2018-08-19 00:00:00 UTC,6389316883512
2018-08-20 00:00:00 UTC,6389316883512
2018-08-21 00:00:00 UTC,6389316883512
2018-08-22 00:00:00 UTC,6389316883512
2018-08-23 00:00:00 UTC,6389316883512
2018-08-24 00:00:00 UTC,6727225469723
2018-08-25 00:00:00 UTC,6727225469723
2018-08-26 00:00:00 UTC,6727225469723
2018-08-27 00:00:00 UTC,6727225469723
2018-08-28 00:00:00 UTC,6727225469723
2018-08-29 00:00:00 UTC,6727225469723
2018-08-30 00:00:00 UTC,6727225469723
2018-08-31 00:00:00 UTC,6727225469723
2018-09-01 00:00:00 UTC,6727225469723
2018-09-02 00:00:00 UTC,6727225469723
2018-09-03 00:00:00 UTC,6727225469723
2018-09-04 00:00:00 UTC,6727225469723
2018-09-05 00:00:00 UTC,6727225469723
2018-09-06 00:00:00 UTC,6727225469723
2018-09-07 00:00:00 UTC,7019199231177
2018-09-08 00:00:00 UTC,7019199231177
2018-09-09 00:00:00 UTC,7019199231177
2018-09-10 00:00:00 UTC,7019199231177
2018-09-11 00:00:00 UTC,7019199231177
2018-09-12 00:00:00 UTC,7019199231177
2018-09-13 00:00:00 UTC,7019199231177
2018-09-14 00:00:00 UTC,7019199231177
2018-09-15 00:00:00 UTC,7019199231177
2018-09-16 00:00:00 UTC,7019199231177
2018-09-17 00:00:00 UTC,7019199231177
2018-09-18 00:00:00 UTC,7019199231177
2018-09-19 00:00:00 UTC,7019199231177
2018-09-20 00:00:00 UTC,7152633351906
2018-09-21 00:00:00 UTC,7152633351906
2018-09-22 00:00:00 UTC,7152633351906
2018-09-23 00:00:00 UTC,7152633351906
2018-09-24 00:00:00 UTC,7152633351906
2018-09-25 00:00:00 UTC,7152633351906
2018-09-26 00:00:00 UTC,7152633351906
2018-09-27 00:00:00 UTC,7152633351906
2018-09-28 00:00:00 UTC,7152633351906
2018-09-29 00:00:00 UTC,7152633351906
2018-09-30 00:00:00 UTC,7152633351906
2018-10-01 00:00:00 UTC,7152633351906
2018-10-02 00:00:00 UTC,7152633351906
2018-10-03 00:00:00 UTC,7152633351906
2018-10-04 00:00:00 UTC,7454968648263
2018-10-05 00:00:00 UTC,7454968648263
2018-10-06 00:00:00 UTC,7454968648263
2018-10-07 00:00:00 UTC,7454968648263
2018-10-08 00:00:00 UTC,7454968648263
2018-10-09 00:00:00 UTC,7454968648263
2018-10-10 00:00:00 UTC,7454968648263
2018-10-11 00:00:00 UTC,7454968648263
2018-10-12 00:00:00 UTC,7454968648263
2018-10-13 00:00:00 UTC,7454968648263
2018-10-14 00:00:00 UTC,7454968648263
2018-10-15 00:00:00 UTC,7454968648263
2018-10-16 00:00:00 UTC,7454968648263
2018-10-17 00:00:00 UTC,7454968648263
2018-10-18 00:00:00 UTC,7454968648263
2018-10-19 00:00:00 UTC,7182852313938
2018-10-20 00:00:00 UTC,7182852313938
2018-10-21 00:00:00 UTC,7182852313938
2018-10-22 00:00:00 UTC,7182852313938
2018-10-23 00:00:00 UTC,7182852313938
2018-10-24 00:00:00 UTC,7182852313938
2018-10-25 00:00:00 UTC,7182852313938
2018-10-26 00:00:00 UTC,7182852313938
2018-10-27 00:00:00 UTC,7182852313938
2018-10-28 00:00:00 UTC,7182852313938
2018-10-29 00:00:00 UTC,7182852313938
2018-10-30 00:00:00 UTC,7182852313938
2018-10-31 00:00:00 UTC,7182852313938
2018-11-01 00:00:00 UTC,7184404942702
2018-11-02 00:00:00 UTC,7184404942702
2018-11-03 00:00:00 UTC,7184404942702
2018-11-04 00:00:00 UTC,7184404942702
2018-11-05 00:00:00 UTC,7184404942702
2018-11-06 00:00:00 UTC,7184404942702
2018-11-07 00:00:00 UTC,7184404942702
2018-11-08 00:00:00 UTC,7184404942702
2018-11-09 00:00:00 UTC,7184404942702
2018-11-10 00:00:00 UTC,7184404942702
2018-11-11 00:00:00 UTC,7184404942702
2018-11-12 00:00:00 UTC,7184404942702
2018-11-13 00:00:00 UTC,7184404942702
2018-11-14 00:00:00 UTC,7184404942702
2018-11-15 00:00:00 UTC,7184404942702
2018-11-16 00:00:00 UTC,7184404942702
2018-11-17 00:00:00 UTC,6653303141406
2018-11-18 00:00:00 UTC,6653303141406
2018-11-19 00:00:00 UTC,6653303141406
2018-11-20 00:00:00 UTC,6653303141406
2018-11-21 00:00:00 UTC,6653303141406
2018-11-22 00:00:00 UTC,6653303141406
2018-11-23 00:00:00 UTC,6653303141406
2018-11-24 00:00:00 UTC,6653303141406
2018-11-25 00:00:00 UTC,6653303141406
2018-11-26 00:00:00 UTC,6653303141406
2018-11-27 00:00:00 UTC,6653303141406
2018-11-28 00:00:00 UTC,6653303141406
2018-11-29 00:00:00 UTC,6653303141406
2018-11-30 00:00:00 UTC,6653303141406
2018-12-01 00:00:00 UTC,6653303141406
2018-12-02 00:00:00 UTC,6653303141406
2018-12-03 00:00:00 UTC,6653303141406
2018-12-04 00:00:00 UTC,5646403851535
2018-12-05 00:00:00 UTC,5646403851535
2018-12-06 00:00:00 UTC,5646403851535
2018-12-07 00:00:00 UTC,5646403851535
2018-12-08 00:00:00 UTC,5646403851535
2018-12-09 00:00:00 UTC,5646403851535
2018-12-10 00:00:00 UTC,5646403851535
2018-12-11 00:00:00 UTC,5646403851535
2018-12-12 00:00:00 UTC,5646403851535
2018-12-13 00:00:00 UTC,5646403851535
2018-12-14 00:00:00 UTC,5646403851535
2018-12-15 00:00:00 UTC,5646403851535
2018-12-16 00:00:00 UTC,5646403851535
2018-12-17 00:00:00 UTC,5646403851535
2018-12-18 00:00:00 UTC,5646403851535
2018-12-19 00:00:00 UTC,5106422924660
2018-12-20 00:00:00 UTC,5106422924660
2018-12-21 00:00:00 UTC,5106422924660
2018-12-22 00:00:00 UTC,5106422924660
2018-12-23 00:00:00 UTC,5106422924660
2018-12-24 00:00:00 UTC,5106422924660
2018-12-25 00:00:00 UTC,5106422924660
2018-12-26 00:00:00 UTC,5106422924660
2018-12-27 00:00:00 UTC,5106422924660
2018-12-28 00:00:00 UTC,5106422924660
2018-12-29 00:00:00 UTC,5106422924660
2018-12-30 00:00:00 UTC,5106422924660
2018-12-31 00:00:00 UTC,5618595848853
2019-01-01 00:00:00 UTC,5618595848853
2019-01-02 00:00:00 UTC,5618595848853
2019-01-03 00:00:00 UTC,5618595848853
2019-01-04 00:00:00 UTC,5618595848853
2019-01-05 00:00:00 UTC,5618595848853
2019-01-06 00:00:00 UTC,5618595848853
2019-01-07 00:00:00 UTC,5618595848853
2019-01-08 00:00:00 UTC,5618595848853
2019-01-09 00:00:00 UTC,5618595848853
2019-01-10 00:00:00 UTC,5618595848853
2019-01-11 00:00:00 UTC,5618595848853
2019-01-12 00:00:00 UTC,5618595848853
2019-01-13 00:00:00 UTC,5618595848853
2019-01-14 00:00:00 UTC,5883988430955
2019-01-15 00:00:00 UTC,5883988430955
2019-01-16 00:00:00 UTC,5883988430955
2019-01-17 00:00:00 UTC,5883988430955
2019-01-18 00:00:00 UTC,5883988430955
2019-01-19 00:00:00 UTC,5883988430955
2019-01-20 00:00:00 UTC,5883988430955
2019-01-21 00:00:00 UTC,5883988430955
2019-01-22 00:00:00 UTC,5883988430955
2019-01-23 00:00:00 UTC,5883988430955
2019-01-24 00:00:00 UTC,5883988430955
2019-01-25 00:00:00 UTC,5883988430955
2019-01-26 00:00:00 UTC,5883988430955
2019-01-27 00:00:00 UTC,5883988430955
2019-01-28 00:00:00 UTC,5883988430955
2019-01-29 00:00:00 UTC,5814661935892
2019-01-30 00:00:00 UTC,5814661935892
2019-01-31 00:00:00 UTC,5814661935892
2019-02-01 00:00:00 UTC,5814661935892
2019-02-02 00:00:00 UTC,5814661935892
2019-02-03 00:00:00 UTC,5814661935892
2019-02-04 00:00:00 UTC,5814661935892
2019-02-05 00:00:00 UTC,5814661935892
2019-02-06 00:00:00 UTC,5814661935892
2019-02-07 00:00:00 UTC,5814661935892
2019-02-08 00:00:00 UTC,5814661935892
2019-02-09 00:00:00 UTC,5814661935892
2019-02-10 00:00:00 UTC,6061518831027
2019-02-11 00:00:00 UTC,6061518831027
2019-02-12 00:00:00 UTC,6061518831027
2019-02-13 00:00:00 UTC,6061518831027
2019-02-14 00:00:00 UTC,6061518831027
2019-02-15 00:00:00 UTC,6061518831027
2019-02-16 00:00:00 UTC,6061518831027
2019-02-17 00:00:00 UTC,6061518831027
2019-02-18 00:00:00 UTC,6061518831027
2019-02-19 00:00:00 UTC,6061518831027
2019-02-20 00:00:00 UTC,6061518831027
2019-02-21 00:00:00 UTC,6061518831027
2019-02-22 00:00:00 UTC,6061518831027
2019-02-23 00:00:00 UTC,6061518831027
2019-02-24 00:00:00 UTC,6071846049921
2019-02-25 00:00:00 UTC,6071846049921
2019-02-26 00:00:00 UTC,6071846049921
2019-02-27 00:00:00 UTC,6071846049921
2019-02-28 00:00:00 UTC,6071846049921
2019-03-01 00:00:00 UTC,6071846049921
2019-03-02 00:00:00 UTC,6071846049921
2019-03-03 00:00:00 UTC,6071846049921
2019-03-04 00:00:00 UTC,6071846049921
2019-03-05 00:00:00 UTC,6071846049921
2019-03-06 00:00:00 UTC,6071846049921
2019-03-07 00:00:00 UTC,6071846049921
2019-03-08 00:00:00 UTC,6071846049921
2019-03-09 00:00:00 UTC,6071846049921
2019-03-10 00:00:00 UTC,6071846049921
2019-03-11 00:00:00 UTC,6068891541677
2019-03-12 00:00:00 UTC,6068891541677
2019-03-13 00:00:00 UTC,6068891541677
2019-03-14 00:00:00 UTC,6068891541677
2019-03-15 00:00:00 UTC,6068891541677
2019-03-16 00:00:00 UTC,6068891541677
2019-03-17 00:00:00 UTC,6068891541677
2019-03-18 00:00:00 UTC,6068891541677
2019-03-19 00:00:00 UTC,6068891541677
2019-03-20 00:00:00 UTC,6068891541677
2019-03-21 00:00:00 UTC,6068891541677
2019-03-22 00:00:00 UTC,6068891541677
2019-03-23 00:00:00 UTC,6068891541677
2019-03-24 00:00:00 UTC,6379265451411
2019-03-25 00:00:00 UTC,6379265451411
2019-03-26 00:00:00 UTC,6379265451411
2019-03-27 00:00:00 UTC,6379265451411
2019-03-28 00:00:00 UTC,6379265451411
2019-03-29 00:00:00 UTC,6379265451411
2019-03-30 00:00:00 UTC,6379265451411
2019-03-31 00:00:00 UTC,6379265451411
2019-04-01 00:00:00 UTC,6379265451411
2019-04-02 00:00:00 UTC,6379265451411
2019-04-03 00:00:00 UTC,6379265451411
2019-04-04 00:00:00 UTC,6379265451411
2019-04-05 00:00:00 UTC,6379265451411
2019-04-06 00:00:00 UTC,6393023717202
2019-04-07 00:00:00 UTC,6393023717202
2019-04-08 00:00:00 UTC,6393023717202
2019-04-09 00:00:00 UTC,6393023717202
,