Date,Block_size
2014-04-10 00:00:00 UTC,254416
2014-04-11 00:00:00 UTC,223738
2014-04-12 00:00:00 UTC,170046
2014-04-13 00:00:00 UTC,162342
2014-04-14 00:00:00 UTC,216130
2014-04-15 00:00:00 UTC,241621
2014-04-16 00:00:00 UTC,271066
2014-04-17 00:00:00 UTC,223713
2014-04-18 00:00:00 UTC,205560
2014-04-19 00:00:00 UTC,193319
2014-04-20 00:00:00 UTC,169593
2014-04-21 00:00:00 UTC,190698
2014-04-22 00:00:00 UTC,288123
2014-04-23 00:00:00 UTC,242035
2014-04-24 00:00:00 UTC,279837
2014-04-25 00:00:00 UTC,226679
2014-04-26 00:00:00 UTC,180043
2014-04-27 00:00:00 UTC,181006
2014-04-28 00:00:00 UTC,238974
2014-04-29 00:00:00 UTC,227227
2014-04-30 00:00:00 UTC,270333
2014-05-01 00:00:00 UTC,191979
2014-05-02 00:00:00 UTC,211548
2014-05-03 00:00:00 UTC,203527
2014-05-04 00:00:00 UTC,201563
2014-05-05 00:00:00 UTC,299040
2014-05-06 00:00:00 UTC,219220
2014-05-07 00:00:00 UTC,244229
2014-05-08 00:00:00 UTC,231275
2014-05-09 00:00:00 UTC,217088
2014-05-10 00:00:00 UTC,170755
2014-05-11 00:00:00 UTC,217980
2014-05-12 00:00:00 UTC,256592
2014-05-13 00:00:00 UTC,231819
2014-05-14 00:00:00 UTC,263312
2014-05-15 00:00:00 UTC,247334
2014-05-16 00:00:00 UTC,210023
2014-05-17 00:00:00 UTC,189017
2014-05-18 00:00:00 UTC,185464
2014-05-19 00:00:00 UTC,240639
2014-05-20 00:00:00 UTC,248944
2014-05-21 00:00:00 UTC,236798
2014-05-22 00:00:00 UTC,244775
2014-05-23 00:00:00 UTC,251025
2014-05-24 00:00:00 UTC,192924
2014-05-25 00:00:00 UTC,219349
2014-05-26 00:00:00 UTC,249870
2014-05-27 00:00:00 UTC,296761
2014-05-28 00:00:00 UTC,249081
2014-05-29 00:00:00 UTC,271798
2014-05-30 00:00:00 UTC,220130
2014-05-31 00:00:00 UTC,208396
2014-06-01 00:00:00 UTC,205034
2014-06-02 00:00:00 UTC,199627
2014-06-03 00:00:00 UTC,234822
2014-06-04 00:00:00 UTC,204431
2014-06-05 00:00:00 UTC,262958
2014-06-06 00:00:00 UTC,273251
2014-06-07 00:00:00 UTC,184430
2014-06-08 00:00:00 UTC,228370
2014-06-09 00:00:00 UTC,232622
2014-06-10 00:00:00 UTC,239050
2014-06-11 00:00:00 UTC,251776
2014-06-12 00:00:00 UTC,230418
2014-06-13 00:00:00 UTC,231058
2014-06-14 00:00:00 UTC,175539
2014-06-15 00:00:00 UTC,171802
2014-06-16 00:00:00 UTC,216450
2014-06-17 00:00:00 UTC,214620
2014-06-18 00:00:00 UTC,234857
2014-06-19 00:00:00 UTC,226365
2014-06-20 00:00:00 UTC,178435
2014-06-21 00:00:00 UTC,168138
2014-06-22 00:00:00 UTC,176881
2014-06-23 00:00:00 UTC,204361
2014-06-24 00:00:00 UTC,202053
2014-06-25 00:00:00 UTC,203568
2014-06-26 00:00:00 UTC,205765
2014-06-27 00:00:00 UTC,184047
2014-06-28 00:00:00 UTC,178339
2014-06-29 00:00:00 UTC,196856
2014-06-30 00:00:00 UTC,325751
2014-07-01 00:00:00 UTC,329402
2014-07-02 00:00:00 UTC,291681
2014-07-03 00:00:00 UTC,267268
2014-07-04 00:00:00 UTC,197774
2014-07-05 00:00:00 UTC,184143
2014-07-06 00:00:00 UTC,232487
2014-07-07 00:00:00 UTC,254280
2014-07-08 00:00:00 UTC,285394
2014-07-09 00:00:00 UTC,256588
2014-07-10 00:00:00 UTC,253823
2014-07-11 00:00:00 UTC,233474
2014-07-12 00:00:00 UTC,193903
2014-07-13 00:00:00 UTC,212886
2014-07-14 00:00:00 UTC,263035
2014-07-15 00:00:00 UTC,258661
2014-07-16 00:00:00 UTC,259492
2014-07-17 00:00:00 UTC,226245
2014-07-18 00:00:00 UTC,224514
2014-07-19 00:00:00 UTC,191395
2014-07-20 00:00:00 UTC,214038
2014-07-21 00:00:00 UTC,243838
2014-07-22 00:00:00 UTC,271551
2014-07-23 00:00:00 UTC,260616
2014-07-24 00:00:00 UTC,270031
2014-07-25 00:00:00 UTC,230668
2014-07-26 00:00:00 UTC,228282
2014-07-27 00:00:00 UTC,218658
2014-07-28 00:00:00 UTC,254153
2014-07-29 00:00:00 UTC,241563
2014-07-30 00:00:00 UTC,230701
2014-07-31 00:00:00 UTC,265432
2014-08-01 00:00:00 UTC,243289
2014-08-02 00:00:00 UTC,190202
2014-08-03 00:00:00 UTC,198485
2014-08-04 00:00:00 UTC,301306
2014-08-05 00:00:00 UTC,323926
2014-08-06 00:00:00 UTC,287598
2014-08-07 00:00:00 UTC,249787
2014-08-08 00:00:00 UTC,252675
2014-08-09 00:00:00 UTC,191162
2014-08-10 00:00:00 UTC,206576
2014-08-11 00:00:00 UTC,247431
2014-08-12 00:00:00 UTC,256544
2014-08-13 00:00:00 UTC,316761
2014-08-14 00:00:00 UTC,259323
2014-08-15 00:00:00 UTC,258699
2014-08-16 00:00:00 UTC,310692
2014-08-17 00:00:00 UTC,212324
2014-08-18 00:00:00 UTC,210610
2014-08-19 00:00:00 UTC,221731
2014-08-20 00:00:00 UTC,243004
2014-08-21 00:00:00 UTC,251584
2014-08-22 00:00:00 UTC,247983
2014-08-23 00:00:00 UTC,195526
2014-08-24 00:00:00 UTC,242154
2014-08-25 00:00:00 UTC,290532
2014-08-26 00:00:00 UTC,244667
2014-08-27 00:00:00 UTC,253810
2014-08-28 00:00:00 UTC,224508
2014-08-29 00:00:00 UTC,211672
2014-08-30 00:00:00 UTC,186332
2014-08-31 00:00:00 UTC,179603
2014-09-01 00:00:00 UTC,296363
2014-09-02 00:00:00 UTC,282462
2014-09-03 00:00:00 UTC,238546
2014-09-04 00:00:00 UTC,249914
2014-09-05 00:00:00 UTC,272766
2014-09-06 00:00:00 UTC,195682
2014-09-07 00:00:00 UTC,252389
2014-09-08 00:00:00 UTC,296770
2014-09-09 00:00:00 UTC,352553
2014-09-10 00:00:00 UTC,307049
2014-09-11 00:00:00 UTC,216341
2014-09-12 00:00:00 UTC,242385
2014-09-13 00:00:00 UTC,181350
2014-09-14 00:00:00 UTC,274822
2014-09-15 00:00:00 UTC,289002
2014-09-16 00:00:00 UTC,296313
2014-09-17 00:00:00 UTC,240645
2014-09-18 00:00:00 UTC,236703
2014-09-19 00:00:00 UTC,221353
2014-09-20 00:00:00 UTC,208402
2014-09-21 00:00:00 UTC,217996
2014-09-22 00:00:00 UTC,260388
2014-09-23 00:00:00 UTC,309576
2014-09-24 00:00:00 UTC,285509
2014-09-25 00:00:00 UTC,283577
2014-09-26 00:00:00 UTC,310115
2014-09-27 00:00:00 UTC,292426
2014-09-28 00:00:00 UTC,328592
2014-09-29 00:00:00 UTC,322686
2014-09-30 00:00:00 UTC,297151
2014-10-01 00:00:00 UTC,300234
2014-10-02 00:00:00 UTC,298949
2014-10-03 00:00:00 UTC,290937
2014-10-04 00:00:00 UTC,276823
2014-10-05 00:00:00 UTC,268188
2014-10-06 00:00:00 UTC,280037
2014-10-07 00:00:00 UTC,337277
2014-10-08 00:00:00 UTC,308250
2014-10-09 00:00:00 UTC,300560
2014-10-10 00:00:00 UTC,285419
2014-10-11 00:00:00 UTC,248888
2014-10-12 00:00:00 UTC,286207
2014-10-13 00:00:00 UTC,296388
2014-10-14 00:00:00 UTC,368183
2014-10-15 00:00:00 UTC,297119
2014-10-16 00:00:00 UTC,284945
2014-10-17 00:00:00 UTC,290465
2014-10-18 00:00:00 UTC,225046
2014-10-19 00:00:00 UTC,312005
2014-10-20 00:00:00 UTC,338067
2014-10-21 00:00:00 UTC,312191
2014-10-22 00:00:00 UTC,289547
2014-10-23 00:00:00 UTC,308030
2014-10-24 00:00:00 UTC,269695
2014-10-25 00:00:00 UTC,265845
2014-10-26 00:00:00 UTC,333230
2014-10-27 00:00:00 UTC,315267
2014-10-28 00:00:00 UTC,353805
2014-10-29 00:00:00 UTC,319597
2014-10-30 00:00:00 UTC,298693
2014-10-31 00:00:00 UTC,254221
2014-11-01 00:00:00 UTC,242736
2014-11-02 00:00:00 UTC,315693
2014-11-03 00:00:00 UTC,303758
2014-11-04 00:00:00 UTC,303959
2014-11-05 00:00:00 UTC,350468
2014-11-06 00:00:00 UTC,349832
2014-11-07 00:00:00 UTC,338618
2014-11-08 00:00:00 UTC,265582
2014-11-09 00:00:00 UTC,316057
2014-11-10 00:00:00 UTC,346647
2014-11-11 00:00:00 UTC,385816
2014-11-12 00:00:00 UTC,371572
2014-11-13 00:00:00 UTC,381122
2014-11-14 00:00:00 UTC,324487
2014-11-15 00:00:00 UTC,288057
2014-11-16 00:00:00 UTC,316553
2014-11-17 00:00:00 UTC,367715
2014-11-18 00:00:00 UTC,324235
2014-11-19 00:00:00 UTC,338610
2014-11-20 00:00:00 UTC,360704
2014-11-21 00:00:00 UTC,367333
2014-11-22 00:00:00 UTC,265635
2014-11-23 00:00:00 UTC,333664
2014-11-24 00:00:00 UTC,346860
2014-11-25 00:00:00 UTC,378574
2014-11-26 00:00:00 UTC,342085
2014-11-27 00:00:00 UTC,346226
2014-11-28 00:00:00 UTC,328049
2014-11-29 00:00:00 UTC,273658
2014-11-30 00:00:00 UTC,361433
2014-12-01 00:00:00 UTC,415373
2014-12-02 00:00:00 UTC,391369
2014-12-03 00:00:00 UTC,474029
2014-12-04 00:00:00 UTC,378690
2014-12-05 00:00:00 UTC,324024
2014-12-06 00:00:00 UTC,326682
2014-12-07 00:00:00 UTC,350832
2014-12-08 00:00:00 UTC,352165
2014-12-09 00:00:00 UTC,359034
2014-12-10 00:00:00 UTC,348320
2014-12-11 00:00:00 UTC,327351
2014-12-12 00:00:00 UTC,333217
2014-12-13 00:00:00 UTC,284367
2014-12-14 00:00:00 UTC,367710
2014-12-15 00:00:00 UTC,410678
2014-12-16 00:00:00 UTC,433899
2014-12-17 00:00:00 UTC,461817
2014-12-18 00:00:00 UTC,426958
2014-12-19 00:00:00 UTC,398502
2014-12-20 00:00:00 UTC,384144
2014-12-21 00:00:00 UTC,352555
2014-12-22 00:00:00 UTC,352498
2014-12-23 00:00:00 UTC,391735
2014-12-24 00:00:00 UTC,291175
2014-12-25 00:00:00 UTC,235350
2014-12-26 00:00:00 UTC,274922
2014-12-27 00:00:00 UTC,290968
2014-12-28 00:00:00 UTC,280020
2014-12-29 00:00:00 UTC,284166
2014-12-30 00:00:00 UTC,301215
2014-12-31 00:00:00 UTC,269748
2015-01-01 00:00:00 UTC,187484
2015-01-02 00:00:00 UTC,265137
2015-01-03 00:00:00 UTC,295149
2015-01-04 00:00:00 UTC,282243
2015-01-05 00:00:00 UTC,360961
2015-01-06 00:00:00 UTC,314166
2015-01-07 00:00:00 UTC,342806
2015-01-08 00:00:00 UTC,390777
2015-01-09 00:00:00 UTC,406356
2015-01-10 00:00:00 UTC,398392
2015-01-11 00:00:00 UTC,333322
2015-01-12 00:00:00 UTC,388421
2015-01-13 00:00:00 UTC,473649
2015-01-14 00:00:00 UTC,420507
2015-01-15 00:00:00 UTC,422706
2015-01-16 00:00:00 UTC,394175
2015-01-17 00:00:00 UTC,391076
2015-01-18 00:00:00 UTC,320820
2015-01-19 00:00:00 UTC,402776
2015-01-20 00:00:00 UTC,450219
2015-01-21 00:00:00 UTC,354153
2015-01-22 00:00:00 UTC,396514
2015-01-23 00:00:00 UTC,390417
2015-01-24 00:00:00 UTC,372340
2015-01-25 00:00:00 UTC,457590
2015-01-26 00:00:00 UTC,491456
2015-01-27 00:00:00 UTC,384687
2015-01-28 00:00:00 UTC,273634
2015-01-29 00:00:00 UTC,282345
2015-01-30 00:00:00 UTC,312747
2015-01-31 00:00:00 UTC,314858
2015-02-01 00:00:00 UTC,300458
2015-02-02 00:00:00 UTC,308428
2015-02-03 00:00:00 UTC,404065
2015-02-04 00:00:00 UTC,311073
2015-02-05 00:00:00 UTC,298086
2015-02-06 00:00:00 UTC,260909
2015-02-07 00:00:00 UTC,284946
2015-02-08 00:00:00 UTC,406655
2015-02-09 00:00:00 UTC,366250
2015-02-10 00:00:00 UTC,397552
2015-02-11 00:00:00 UTC,347812
2015-02-12 00:00:00 UTC,421358
2015-02-13 00:00:00 UTC,501243
2015-02-14 00:00:00 UTC,416031
2015-02-15 00:00:00 UTC,468847
2015-02-16 00:00:00 UTC,414954
2015-02-17 00:00:00 UTC,445682
2015-02-18 00:00:00 UTC,361059
2015-02-19 00:00:00 UTC,315927
2015-02-20 00:00:00 UTC,382550
2015-02-21 00:00:00 UTC,401512
2015-02-22 00:00:00 UTC,356274
2015-02-23 00:00:00 UTC,404722
2015-02-24 00:00:00 UTC,435635
2015-02-25 00:00:00 UTC,355796
2015-02-26 00:00:00 UTC,364037
2015-02-27 00:00:00 UTC,375609
2015-02-28 00:00:00 UTC,442107
2015-03-01 00:00:00 UTC,394733
2015-03-02 00:00:00 UTC,408546
2015-03-03 00:00:00 UTC,406339
2015-03-04 00:00:00 UTC,401708
2015-03-05 00:00:00 UTC,476900
2015-03-06 00:00:00 UTC,391680
2015-03-07 00:00:00 UTC,387501
2015-03-08 00:00:00 UTC,351908
2015-03-09 00:00:00 UTC,446214
2015-03-10 00:00:00 UTC,400507
2015-03-11 00:00:00 UTC,407319
2015-03-12 00:00:00 UTC,461841
2015-03-13 00:00:00 UTC,373348
2015-03-14 00:00:00 UTC,394161
2015-03-15 00:00:00 UTC,350268
2015-03-16 00:00:00 UTC,430460
2015-03-17 00:00:00 UTC,411492
2015-03-18 00:00:00 UTC,377622
2015-03-19 00:00:00 UTC,457138
2015-03-20 00:00:00 UTC,408022
2015-03-21 00:00:00 UTC,345467
2015-03-22 00:00:00 UTC,390492
2015-03-23 00:00:00 UTC,416136
2015-03-24 00:00:00 UTC,292805
2015-03-25 00:00:00 UTC,312554
2015-03-26 00:00:00 UTC,368037
2015-03-27 00:00:00 UTC,301105
2015-03-28 00:00:00 UTC,341894
2015-03-29 00:00:00 UTC,352724
2015-03-30 00:00:00 UTC,415471
2015-03-31 00:00:00 UTC,400421
2015-04-01 00:00:00 UTC,469370
2015-04-02 00:00:00 UTC,367188
2015-04-03 00:00:00 UTC,409841
2015-04-04 00:00:00 UTC,340018
2015-04-05 00:00:00 UTC,377984
2015-04-06 00:00:00 UTC,468922
2015-04-07 00:00:00 UTC,394002
2015-04-08 00:00:00 UTC,462383
2015-04-09 00:00:00 UTC,439197
2015-04-10 00:00:00 UTC,375338
2015-04-11 00:00:00 UTC,392245
2015-04-12 00:00:00 UTC,371313
2015-04-13 00:00:00 UTC,414068
2015-04-14 00:00:00 UTC,396372
2015-04-15 00:00:00 UTC,448383
2015-04-16 00:00:00 UTC,365164
2015-04-17 00:00:00 UTC,422755
2015-04-18 00:00:00 UTC,368047
2015-04-19 00:00:00 UTC,367780
2015-04-20 00:00:00 UTC,392346
2015-04-21 00:00:00 UTC,381147
2015-04-22 00:00:00 UTC,393257
2015-04-23 00:00:00 UTC,457809
2015-04-24 00:00:00 UTC,493347
2015-04-25 00:00:00 UTC,328687
2015-04-26 00:00:00 UTC,378717
2015-04-27 00:00:00 UTC,436452
2015-04-28 00:00:00 UTC,386088
2015-04-29 00:00:00 UTC,495054
2015-04-30 00:00:00 UTC,438464
2015-05-01 00:00:00 UTC,338625
2015-05-02 00:00:00 UTC,371400
2015-05-03 00:00:00 UTC,345819
2015-05-04 00:00:00 UTC,437795
2015-05-05 00:00:00 UTC,385759
2015-05-06 00:00:00 UTC,363294
2015-05-07 00:00:00 UTC,420890
2015-05-08 00:00:00 UTC,399740
2015-05-09 00:00:00 UTC,381327
2015-05-10 00:00:00 UTC,422315
2015-05-11 00:00:00 UTC,393459
2015-05-12 00:00:00 UTC,402724
2015-05-13 00:00:00 UTC,355236
2015-05-14 00:00:00 UTC,339279
2015-05-15 00:00:00 UTC,370003
2015-05-16 00:00:00 UTC,389019
2015-05-17 00:00:00 UTC,311851
2015-05-18 00:00:00 UTC,375255
2015-05-19 00:00:00 UTC,450350
2015-05-20 00:00:00 UTC,390349
2015-05-21 00:00:00 UTC,334344
2015-05-22 00:00:00 UTC,412173
2015-05-23 00:00:00 UTC,433590
2015-05-24 00:00:00 UTC,398880
2015-05-25 00:00:00 UTC,425769
2015-05-26 00:00:00 UTC,419111
2015-05-27 00:00:00 UTC,437908
2015-05-28 00:00:00 UTC,452908
2015-05-29 00:00:00 UTC,422255
2015-05-30 00:00:00 UTC,480065
2015-05-31 00:00:00 UTC,379710
2015-06-01 00:00:00 UTC,531085
2015-06-02 00:00:00 UTC,468842
2015-06-03 00:00:00 UTC,471854
2015-06-04 00:00:00 UTC,432630
2015-06-05 00:00:00 UTC,421891
2015-06-06 00:00:00 UTC,287493
2015-06-07 00:00:00 UTC,356153
2015-06-08 00:00:00 UTC,372259
2015-06-09 00:00:00 UTC,419617
2015-06-10 00:00:00 UTC,490487
2015-06-11 00:00:00 UTC,459192
2015-06-12 00:00:00 UTC,479208
2015-06-13 00:00:00 UTC,375147
2015-06-14 00:00:00 UTC,407007
2015-06-15 00:00:00 UTC,512932
2015-06-16 00:00:00 UTC,573776
2015-06-17 00:00:00 UTC,511237
2015-06-18 00:00:00 UTC,484418
2015-06-19 00:00:00 UTC,515909
2015-06-20 00:00:00 UTC,440191
2015-06-21 00:00:00 UTC,459852
2015-06-22 00:00:00 UTC,589238
2015-06-23 00:00:00 UTC,521623
2015-06-24 00:00:00 UTC,385565
2015-06-25 00:00:00 UTC,358829
2015-06-26 00:00:00 UTC,416877
2015-06-27 00:00:00 UTC,485408
2015-06-28 00:00:00 UTC,412737
2015-06-29 00:00:00 UTC,487113
2015-06-30 00:00:00 UTC,598434
2015-07-01 00:00:00 UTC,634471
2015-07-02 00:00:00 UTC,476935
2015-07-03 00:00:00 UTC,430265
2015-07-04 00:00:00 UTC,388086
2015-07-05 00:00:00 UTC,442218
2015-07-06 00:00:00 UTC,507758
2015-07-07 00:00:00 UTC,769014
2015-07-08 00:00:00 UTC,737151
2015-07-09 00:00:00 UTC,744733
2015-07-10 00:00:00 UTC,644446
2015-07-11 00:00:00 UTC,746483
2015-07-12 00:00:00 UTC,776860
2015-07-13 00:00:00 UTC,717928
2015-07-14 00:00:00 UTC,716007
2015-07-15 00:00:00 UTC,662800
2015-07-16 00:00:00 UTC,699366
2015-07-17 00:00:00 UTC,676602
2015-07-18 00:00:00 UTC,654658
2015-07-19 00:00:00 UTC,639914
2015-07-20 00:00:00 UTC,439029
2015-07-21 00:00:00 UTC,535470
2015-07-22 00:00:00 UTC,463089
2015-07-23 00:00:00 UTC,401368
2015-07-24 00:00:00 UTC,376293
2015-07-25 00:00:00 UTC,354706
2015-07-26 00:00:00 UTC,433771
2015-07-27 00:00:00 UTC,532105
2015-07-28 00:00:00 UTC,574468
2015-07-29 00:00:00 UTC,840224
2015-07-30 00:00:00 UTC,777653
2015-07-31 00:00:00 UTC,756097
2015-08-01 00:00:00 UTC,729844
2015-08-02 00:00:00 UTC,428182
2015-08-03 00:00:00 UTC,454973
2015-08-04 00:00:00 UTC,797580
2015-08-05 00:00:00 UTC,800967
2015-08-06 00:00:00 UTC,785167
2015-08-07 00:00:00 UTC,498201
2015-08-08 00:00:00 UTC,350409
2015-08-09 00:00:00 UTC,368554
2015-08-10 00:00:00 UTC,450406
2015-08-11 00:00:00 UTC,410415
2015-08-12 00:00:00 UTC,503204
2015-08-13 00:00:00 UTC,444049
2015-08-14 00:00:00 UTC,433369
2015-08-15 00:00:00 UTC,391478
2015-08-16 00:00:00 UTC,378583
2015-08-17 00:00:00 UTC,425368
2015-08-18 00:00:00 UTC,479367
2015-08-19 00:00:00 UTC,414436
2015-08-20 00:00:00 UTC,407439
2015-08-21 00:00:00 UTC,366045
2015-08-22 00:00:00 UTC,378242
2015-08-23 00:00:00 UTC,408777
2015-08-24 00:00:00 UTC,464596
2015-08-25 00:00:00 UTC,486048
2015-08-26 00:00:00 UTC,384750
2015-08-27 00:00:00 UTC,438590
2015-08-28 00:00:00 UTC,413005
2015-08-29 00:00:00 UTC,351047
2015-08-30 00:00:00 UTC,372107
2015-08-31 00:00:00 UTC,454286
2015-09-01 00:00:00 UTC,451844
2015-09-02 00:00:00 UTC,755694
2015-09-03 00:00:00 UTC,494698
2015-09-04 00:00:00 UTC,355467
2015-09-05 00:00:00 UTC,448417
2015-09-06 00:00:00 UTC,411318
2015-09-07 00:00:00 UTC,477578
2015-09-08 00:00:00 UTC,692283
2015-09-09 00:00:00 UTC,728355
2015-09-10 00:00:00 UTC,698637
2015-09-11 00:00:00 UTC,698082
2015-09-12 00:00:00 UTC,662131
2015-09-13 00:00:00 UTC,623393
2015-09-14 00:00:00 UTC,742593
2015-09-15 00:00:00 UTC,697781
2015-09-16 00:00:00 UTC,675849
2015-09-17 00:00:00 UTC,705268
2015-09-18 00:00:00 UTC,556746
2015-09-19 00:00:00 UTC,469263
2015-09-20 00:00:00 UTC,479239
2015-09-21 00:00:00 UTC,602382
2015-09-22 00:00:00 UTC,486307
2015-09-23 00:00:00 UTC,459781
2015-09-24 00:00:00 UTC,487709
2015-09-25 00:00:00 UTC,428839
2015-09-26 00:00:00 UTC,437718
2015-09-27 00:00:00 UTC,442062
2015-09-28 00:00:00 UTC,514718
2015-09-29 00:00:00 UTC,464740
2015-09-30 00:00:00 UTC,514060
2015-10-01 00:00:00 UTC,457236
2015-10-02 00:00:00 UTC,528039
2015-10-03 00:00:00 UTC,392751
2015-10-04 00:00:00 UTC,372705
2015-10-05 00:00:00 UTC,423255
2015-10-06 00:00:00 UTC,542647
2015-10-07 00:00:00 UTC,686500
2015-10-08 00:00:00 UTC,658225
2015-10-09 00:00:00 UTC,595056
2015-10-10 00:00:00 UTC,632632
2015-10-11 00:00:00 UTC,541174
2015-10-12 00:00:00 UTC,575100
2015-10-13 00:00:00 UTC,555197
2015-10-14 00:00:00 UTC,526126
2015-10-15 00:00:00 UTC,538090
2015-10-16 00:00:00 UTC,577965
2015-10-17 00:00:00 UTC,599780
2015-10-18 00:00:00 UTC,532675
2015-10-19 00:00:00 UTC,510530
2015-10-20 00:00:00 UTC,689353
2015-10-21 00:00:00 UTC,565292
2015-10-22 00:00:00 UTC,546734
2015-10-23 00:00:00 UTC,555678
2015-10-24 00:00:00 UTC,525397
2015-10-25 00:00:00 UTC,527246
2015-10-26 00:00:00 UTC,477430
2015-10-27 00:00:00 UTC,546608
2015-10-28 00:00:00 UTC,592793
2015-10-29 00:00:00 UTC,591662
2015-10-30 00:00:00 UTC,517576
2015-10-31 00:00:00 UTC,540261
2015-11-01 00:00:00 UTC,541944
2015-11-02 00:00:00 UTC,625830
2015-11-03 00:00:00 UTC,683602
2015-11-04 00:00:00 UTC,784127
2015-11-05 00:00:00 UTC,729977
2015-11-06 00:00:00 UTC,658057
2015-11-07 00:00:00 UTC,536131
2015-11-08 00:00:00 UTC,548015
2015-11-09 00:00:00 UTC,623500
2015-11-10 00:00:00 UTC,606812
2015-11-11 00:00:00 UTC,524536
2015-11-12 00:00:00 UTC,524627
2015-11-13 00:00:00 UTC,493297
2015-11-14 00:00:00 UTC,541817
2015-11-15 00:00:00 UTC,498394
2015-11-16 00:00:00 UTC,521452
2015-11-17 00:00:00 UTC,557605
2015-11-18 00:00:00 UTC,598408
2015-11-19 00:00:00 UTC,609871
2015-11-20 00:00:00 UTC,505331
2015-11-21 00:00:00 UTC,468868
2015-11-22 00:00:00 UTC,437165
2015-11-23 00:00:00 UTC,515722
2015-11-24 00:00:00 UTC,523032
2015-11-25 00:00:00 UTC,558613
2015-11-26 00:00:00 UTC,536884
2015-11-27 00:00:00 UTC,649564
2015-11-28 00:00:00 UTC,551229
2015-11-29 00:00:00 UTC,453507
2015-11-30 00:00:00 UTC,672512
2015-12-01 00:00:00 UTC,567074
2015-12-02 00:00:00 UTC,655985
2015-12-03 00:00:00 UTC,643186
2015-12-04 00:00:00 UTC,588732
2015-12-05 00:00:00 UTC,574139
2015-12-06 00:00:00 UTC,594406
2015-12-07 00:00:00 UTC,688185
2015-12-08 00:00:00 UTC,617038
2015-12-09 00:00:00 UTC,687724
2015-12-10 00:00:00 UTC,532228
2015-12-11 00:00:00 UTC,637256
2015-12-12 00:00:00 UTC,689175
2015-12-13 00:00:00 UTC,688831
2015-12-14 00:00:00 UTC,629964
2015-12-15 00:00:00 UTC,621392
2015-12-16 00:00:00 UTC,676313
2015-12-17 00:00:00 UTC,676608
2015-12-18 00:00:00 UTC,611859
2015-12-19 00:00:00 UTC,653255
2015-12-20 00:00:00 UTC,600066
2015-12-21 00:00:00 UTC,766528
2015-12-22 00:00:00 UTC,749793
2015-12-23 00:00:00 UTC,686931
2015-12-24 00:00:00 UTC,729632
2015-12-25 00:00:00 UTC,528244
2015-12-26 00:00:00 UTC,542835
2015-12-27 00:00:00 UTC,447306
2015-12-28 00:00:00 UTC,656116
2015-12-29 00:00:00 UTC,621074
2015-12-30 00:00:00 UTC,554078
2015-12-31 00:00:00 UTC,554895
2016-01-01 00:00:00 UTC,493407
2016-01-02 00:00:00 UTC,579744
2016-01-03 00:00:00 UTC,554656
2016-01-04 00:00:00 UTC,556970
2016-01-05 00:00:00 UTC,641779
2016-01-06 00:00:00 UTC,662380
2016-01-07 00:00:00 UTC,704716
2016-01-08 00:00:00 UTC,583649
2016-01-09 00:00:00 UTC,638665
2016-01-10 00:00:00 UTC,522422
2016-01-11 00:00:00 UTC,656381
2016-01-12 00:00:00 UTC,606917
2016-01-13 00:00:00 UTC,676356
2016-01-14 00:00:00 UTC,718566
2016-01-15 00:00:00 UTC,785504
2016-01-16 00:00:00 UTC,745876
2016-01-17 00:00:00 UTC,754066
2016-01-18 00:00:00 UTC,665509
2016-01-19 00:00:00 UTC,773838
2016-01-20 00:00:00 UTC,862095
2016-01-21 00:00:00 UTC,840199
2016-01-22 00:00:00 UTC,661856
2016-01-23 00:00:00 UTC,571502
2016-01-24 00:00:00 UTC,619085
2016-01-25 00:00:00 UTC,719356
2016-01-26 00:00:00 UTC,742776
2016-01-27 00:00:00 UTC,744017
2016-01-28 00:00:00 UTC,797069
2016-01-29 00:00:00 UTC,686997
2016-01-30 00:00:00 UTC,567548
2016-01-31 00:00:00 UTC,554537
2016-02-01 00:00:00 UTC,776970
2016-02-02 00:00:00 UTC,803891
2016-02-03 00:00:00 UTC,645764
2016-02-04 00:00:00 UTC,657827
2016-02-05 00:00:00 UTC,646794
2016-02-06 00:00:00 UTC,603150
2016-02-07 00:00:00 UTC,700185
2016-02-08 00:00:00 UTC,819056
2016-02-09 00:00:00 UTC,696157
2016-02-10 00:00:00 UTC,738433
2016-02-11 00:00:00 UTC,639298
2016-02-12 00:00:00 UTC,615091
2016-02-13 00:00:00 UTC,630543
2016-02-14 00:00:00 UTC,624712
2016-02-15 00:00:00 UTC,762568
2016-02-16 00:00:00 UTC,760435
2016-02-17 00:00:00 UTC,773961
2016-02-18 00:00:00 UTC,650895
2016-02-19 00:00:00 UTC,767116
2016-02-20 00:00:00 UTC,737770
2016-02-21 00:00:00 UTC,845762
2016-02-22 00:00:00 UTC,898240
2016-02-23 00:00:00 UTC,883190
2016-02-24 00:00:00 UTC,918164
2016-02-25 00:00:00 UTC,799025
2016-02-26 00:00:00 UTC,765235
2016-02-27 00:00:00 UTC,673899
2016-02-28 00:00:00 UTC,776567
2016-02-29 00:00:00 UTC,913299
2016-03-01 00:00:00 UTC,905036
2016-03-02 00:00:00 UTC,900280
2016-03-03 00:00:00 UTC,920833
2016-03-04 00:00:00 UTC,786572
2016-03-05 00:00:00 UTC,780037
2016-03-06 00:00:00 UTC,628856
2016-03-07 00:00:00 UTC,708340
2016-03-08 00:00:00 UTC,680367
2016-03-09 00:00:00 UTC,744127
2016-03-10 00:00:00 UTC,676987
2016-03-11 00:00:00 UTC,614321
2016-03-12 00:00:00 UTC,574049
2016-03-13 00:00:00 UTC,637965
2016-03-14 00:00:00 UTC,726220
2016-03-15 00:00:00 UTC,664198
2016-03-16 00:00:00 UTC,668880
2016-03-17 00:00:00 UTC,746762
2016-03-18 00:00:00 UTC,739599
2016-03-19 00:00:00 UTC,640091
2016-03-20 00:00:00 UTC,660703
2016-03-21 00:00:00 UTC,754279
2016-03-22 00:00:00 UTC,714048
2016-03-23 00:00:00 UTC,674794
2016-03-24 00:00:00 UTC,674120
2016-03-25 00:00:00 UTC,624015
2016-03-26 00:00:00 UTC,625294
2016-03-27 00:00:00 UTC,629457
2016-03-28 00:00:00 UTC,674533
2016-03-29 00:00:00 UTC,836449
2016-03-30 00:00:00 UTC,748907
2016-03-31 00:00:00 UTC,845192
2016-04-01 00:00:00 UTC,768427
2016-04-02 00:00:00 UTC,798859
2016-04-03 00:00:00 UTC,727053
2016-04-04 00:00:00 UTC,669686
2016-04-05 00:00:00 UTC,741679
2016-04-06 00:00:00 UTC,706437
2016-04-07 00:00:00 UTC,758243
2016-04-08 00:00:00 UTC,718056
2016-04-09 00:00:00 UTC,635265
2016-04-10 00:00:00 UTC,553300
2016-04-11 00:00:00 UTC,770971
2016-04-12 00:00:00 UTC,835680
2016-04-13 00:00:00 UTC,707265
2016-04-14 00:00:00 UTC,714272
2016-04-15 00:00:00 UTC,792579
2016-04-16 00:00:00 UTC,674732
2016-04-17 00:00:00 UTC,659291
2016-04-18 00:00:00 UTC,837629
2016-04-19 00:00:00 UTC,749867
2016-04-20 00:00:00 UTC,696926
2016-04-21 00:00:00 UTC,731790
2016-04-22 00:00:00 UTC,774912
2016-04-23 00:00:00 UTC,654661
2016-04-24 00:00:00 UTC,728040
2016-04-25 00:00:00 UTC,874485
2016-04-26 00:00:00 UTC,813180
2016-04-27 00:00:00 UTC,875343
2016-04-28 00:00:00 UTC,897480
2016-04-29 00:00:00 UTC,812847
2016-04-30 00:00:00 UTC,757549
2016-05-01 00:00:00 UTC,625718
2016-05-02 00:00:00 UTC,751085
2016-05-03 00:00:00 UTC,778230
2016-05-04 00:00:00 UTC,707049
2016-05-05 00:00:00 UTC,704525
2016-05-06 00:00:00 UTC,685889
2016-05-07 00:00:00 UTC,646523
2016-05-08 00:00:00 UTC,578155
2016-05-09 00:00:00 UTC,638243
2016-05-10 00:00:00 UTC,726909
2016-05-11 00:00:00 UTC,813016
2016-05-12 00:00:00 UTC,779994
2016-05-13 00:00:00 UTC,762694
2016-05-14 00:00:00 UTC,812343
2016-05-15 00:00:00 UTC,777697
2016-05-16 00:00:00 UTC,906764
2016-05-17 00:00:00 UTC,867933
2016-05-18 00:00:00 UTC,873732
2016-05-19 00:00:00 UTC,955482
2016-05-20 00:00:00 UTC,781658
2016-05-21 00:00:00 UTC,891297
2016-05-22 00:00:00 UTC,603582
2016-05-23 00:00:00 UTC,646270
2016-05-24 00:00:00 UTC,849967
2016-05-25 00:00:00 UTC,870538
2016-05-26 00:00:00 UTC,820479
2016-05-27 00:00:00 UTC,948131
2016-05-28 00:00:00 UTC,863365
2016-05-29 00:00:00 UTC,680078
2016-05-30 00:00:00 UTC,891743
2016-05-31 00:00:00 UTC,867020
2016-06-01 00:00:00 UTC,839312
2016-06-02 00:00:00 UTC,826838
2016-06-03 00:00:00 UTC,832558
2016-06-04 00:00:00 UTC,840556
2016-06-05 00:00:00 UTC,611226
2016-06-06 00:00:00 UTC,705457
2016-06-07 00:00:00 UTC,803603
2016-06-08 00:00:00 UTC,802240
2016-06-09 00:00:00 UTC,720621
2016-06-10 00:00:00 UTC,822653
2016-06-11 00:00:00 UTC,696121
2016-06-12 00:00:00 UTC,830048
2016-06-13 00:00:00 UTC,915603
2016-06-14 00:00:00 UTC,955200
2016-06-15 00:00:00 UTC,917150
2016-06-16 00:00:00 UTC,957704
2016-06-17 00:00:00 UTC,930754
2016-06-18 00:00:00 UTC,867728
2016-06-19 00:00:00 UTC,723108
2016-06-20 00:00:00 UTC,780293
2016-06-21 00:00:00 UTC,914910
2016-06-22 00:00:00 UTC,945644
2016-06-23 00:00:00 UTC,919796
2016-06-24 00:00:00 UTC,942677
2016-06-25 00:00:00 UTC,792598
2016-06-26 00:00:00 UTC,762232
2016-06-27 00:00:00 UTC,777207
2016-06-28 00:00:00 UTC,760032
2016-06-29 00:00:00 UTC,764559
2016-06-30 00:00:00 UTC,797510
2016-07-01 00:00:00 UTC,749351
2016-07-02 00:00:00 UTC,694817
2016-07-03 00:00:00 UTC,614649
2016-07-04 00:00:00 UTC,739326
2016-07-05 00:00:00 UTC,789159
2016-07-06 00:00:00 UTC,797548
2016-07-07 00:00:00 UTC,821500
2016-07-08 00:00:00 UTC,779845
2016-07-09 00:00:00 UTC,658053
2016-07-10 00:00:00 UTC,585814
2016-07-11 00:00:00 UTC,793287
2016-07-12 00:00:00 UTC,775826
2016-07-13 00:00:00 UTC,820023
2016-07-14 00:00:00 UTC,798437
2016-07-15 00:00:00 UTC,790217
2016-07-16 00:00:00 UTC,688478
2016-07-17 00:00:00 UTC,709356
2016-07-18 00:00:00 UTC,819096
2016-07-19 00:00:00 UTC,860789
2016-07-20 00:00:00 UTC,798784
2016-07-21 00:00:00 UTC,809273
2016-07-22 00:00:00 UTC,863989
2016-07-23 00:00:00 UTC,826302
2016-07-24 00:00:00 UTC,791551
2016-07-25 00:00:00 UTC,909995
2016-07-26 00:00:00 UTC,923046
2016-07-27 00:00:00 UTC,921787
2016-07-28 00:00:00 UTC,875244
2016-07-29 00:00:00 UTC,822372
2016-07-30 00:00:00 UTC,870160
2016-07-31 00:00:00 UTC,794572
2016-08-01 00:00:00 UTC,814183
2016-08-02 00:00:00 UTC,859342
2016-08-03 00:00:00 UTC,791053
2016-08-04 00:00:00 UTC,780743
2016-08-05 00:00:00 UTC,701046
2016-08-06 00:00:00 UTC,619245
2016-08-07 00:00:00 UTC,768321
2016-08-08 00:00:00 UTC,839246
2016-08-09 00:00:00 UTC,880535
2016-08-10 00:00:00 UTC,834622
2016-08-11 00:00:00 UTC,860473
2016-08-12 00:00:00 UTC,805274
2016-08-13 00:00:00 UTC,665115
2016-08-14 00:00:00 UTC,639753
2016-08-15 00:00:00 UTC,809770
2016-08-16 00:00:00 UTC,920075
2016-08-17 00:00:00 UTC,949801
2016-08-18 00:00:00 UTC,798859
2016-08-19 00:00:00 UTC,790802
2016-08-20 00:00:00 UTC,714049
2016-08-21 00:00:00 UTC,614910
2016-08-22 00:00:00 UTC,784879
2016-08-23 00:00:00 UTC,828972
2016-08-24 00:00:00 UTC,756289
2016-08-25 00:00:00 UTC,868056
2016-08-26 00:00:00 UTC,844412
2016-08-27 00:00:00 UTC,686903
2016-08-28 00:00:00 UTC,608528
2016-08-29 00:00:00 UTC,808922
2016-08-30 00:00:00 UTC,783228
2016-08-31 00:00:00 UTC,834746
2016-09-01 00:00:00 UTC,849245
2016-09-02 00:00:00 UTC,726651
2016-09-03 00:00:00 UTC,769942
2016-09-04 00:00:00 UTC,579355
2016-09-05 00:00:00 UTC,880299
2016-09-06 00:00:00 UTC,866950
2016-09-07 00:00:00 UTC,809332
2016-09-08 00:00:00 UTC,814107
2016-09-09 00:00:00 UTC,813034
2016-09-10 00:00:00 UTC,646603
2016-09-11 00:00:00 UTC,591717
2016-09-12 00:00:00 UTC,690828
2016-09-13 00:00:00 UTC,780871
2016-09-14 00:00:00 UTC,764207
2016-09-15 00:00:00 UTC,752979
2016-09-16 00:00:00 UTC,774627
2016-09-17 00:00:00 UTC,754384
2016-09-18 00:00:00 UTC,678307
2016-09-19 00:00:00 UTC,835041
2016-09-20 00:00:00 UTC,782657
2016-09-21 00:00:00 UTC,711352
2016-09-22 00:00:00 UTC,762582
2016-09-23 00:00:00 UTC,805261
2016-09-24 00:00:00 UTC,635887
2016-09-25 00:00:00 UTC,570906
2016-09-26 00:00:00 UTC,770834
2016-09-27 00:00:00 UTC,764239
2016-09-28 00:00:00 UTC,782306
2016-09-29 00:00:00 UTC,832816
2016-09-30 00:00:00 UTC,843357
2016-10-01 00:00:00 UTC,711277
2016-10-02 00:00:00 UTC,718532
2016-10-03 00:00:00 UTC,864554
2016-10-04 00:00:00 UTC,823939
2016-10-05 00:00:00 UTC,788912
2016-10-06 00:00:00 UTC,827401
2016-10-07 00:00:00 UTC,867495
2016-10-08 00:00:00 UTC,761242
2016-10-09 00:00:00 UTC,682253
2016-10-10 00:00:00 UTC,858422
2016-10-11 00:00:00 UTC,923089
2016-10-12 00:00:00 UTC,864546
2016-10-13 00:00:00 UTC,912040
2016-10-14 00:00:00 UTC,858695
2016-10-15 00:00:00 UTC,781652
2016-10-16 00:00:00 UTC,758898
2016-10-17 00:00:00 UTC,929673
2016-10-18 00:00:00 UTC,841849
2016-10-19 00:00:00 UTC,807402
2016-10-20 00:00:00 UTC,977432
2016-10-21 00:00:00 UTC,791086
2016-10-22 00:00:00 UTC,793873
2016-10-23 00:00:00 UTC,792337
2016-10-24 00:00:00 UTC,886370
2016-10-25 00:00:00 UTC,943928
2016-10-26 00:00:00 UTC,974398
2016-10-27 00:00:00 UTC,977626
2016-10-28 00:00:00 UTC,816514
2016-10-29 00:00:00 UTC,773040
2016-10-30 00:00:00 UTC,626404
2016-10-31 00:00:00 UTC,810984
2016-11-01 00:00:00 UTC,857052
2016-11-02 00:00:00 UTC,903709
2016-11-03 00:00:00 UTC,832613
2016-11-04 00:00:00 UTC,956108
2016-11-05 00:00:00 UTC,792454
2016-11-06 00:00:00 UTC,730789
2016-11-07 00:00:00 UTC,886719
2016-11-08 00:00:00 UTC,866266
2016-11-09 00:00:00 UTC,891799
2016-11-10 00:00:00 UTC,804537
2016-11-11 00:00:00 UTC,754813
2016-11-12 00:00:00 UTC,710403
2016-11-13 00:00:00 UTC,773399
2016-11-14 00:00:00 UTC,790228
2016-11-15 00:00:00 UTC,854412
2016-11-16 00:00:00 UTC,791348
2016-11-17 00:00:00 UTC,898399
2016-11-18 00:00:00 UTC,932393
2016-11-19 00:00:00 UTC,852874
2016-11-20 00:00:00 UTC,902306
2016-11-21 00:00:00 UTC,922493
2016-11-22 00:00:00 UTC,958885
2016-11-23 00:00:00 UTC,951077
2016-11-24 00:00:00 UTC,951714
2016-11-25 00:00:00 UTC,942783
2016-11-26 00:00:00 UTC,944998
2016-11-27 00:00:00 UTC,821504
2016-11-28 00:00:00 UTC,909111
2016-11-29 00:00:00 UTC,906176
2016-11-30 00:00:00 UTC,912247
2016-12-01 00:00:00 UTC,899509
2016-12-02 00:00:00 UTC,976569
2016-12-03 00:00:00 UTC,880862
2016-12-04 00:00:00 UTC,856999
2016-12-05 00:00:00 UTC,882688
2016-12-06 00:00:00 UTC,962761
2016-12-07 00:00:00 UTC,884193
2016-12-08 00:00:00 UTC,850178
2016-12-09 00:00:00 UTC,930324
2016-12-10 00:00:00 UTC,898482
2016-12-11 00:00:00 UTC,684040
2016-12-12 00:00:00 UTC,806015
2016-12-13 00:00:00 UTC,814901
2016-12-14 00:00:00 UTC,901628
2016-12-15 00:00:00 UTC,955426
2016-12-16 00:00:00 UTC,966617
2016-12-17 00:00:00 UTC,817034
2016-12-18 00:00:00 UTC,861416
2016-12-19 00:00:00 UTC,914775
2016-12-20 00:00:00 UTC,970380
2016-12-21 00:00:00 UTC,963966
2016-12-22 00:00:00 UTC,919836
2016-12-23 00:00:00 UTC,887990
2016-12-24 00:00:00 UTC,854890
2016-12-25 00:00:00 UTC,648126
2016-12-26 00:00:00 UTC,855863
2016-12-27 00:00:00 UTC,876639
2016-12-28 00:00:00 UTC,868480
2016-12-29 00:00:00 UTC,940398
2016-12-30 00:00:00 UTC,871708
2016-12-31 00:00:00 UTC,803916
2017-01-01 00:00:00 UTC,698540
2017-01-02 00:00:00 UTC,944878
2017-01-03 00:00:00 UTC,906574
2017-01-04 00:00:00 UTC,986063
2017-01-05 00:00:00 UTC,984197
2017-01-06 00:00:00 UTC,984331
2017-01-07 00:00:00 UTC,987246
2017-01-08 00:00:00 UTC,810419
2017-01-09 00:00:00 UTC,923003
2017-01-10 00:00:00 UTC,959720
2017-01-11 00:00:00 UTC,923016
2017-01-12 00:00:00 UTC,801678
2017-01-13 00:00:00 UTC,840488
2017-01-14 00:00:00 UTC,742767
2017-01-15 00:00:00 UTC,677068
2017-01-16 00:00:00 UTC,758335
2017-01-17 00:00:00 UTC,900242
2017-01-18 00:00:00 UTC,893843
2017-01-19 00:00:00 UTC,834369
2017-01-20 00:00:00 UTC,722273
2017-01-21 00:00:00 UTC,693089
2017-01-22 00:00:00 UTC,674560
2017-01-23 00:00:00 UTC,908684
2017-01-24 00:00:00 UTC,973658
2017-01-25 00:00:00 UTC,987840
2017-01-26 00:00:00 UTC,993138
2017-01-27 00:00:00 UTC,837680
2017-01-28 00:00:00 UTC,877466
2017-01-29 00:00:00 UTC,862492
2017-01-30 00:00:00 UTC,955112
2017-01-31 00:00:00 UTC,959546
2017-02-01 00:00:00 UTC,962289
2017-02-02 00:00:00 UTC,913957
2017-02-03 00:00:00 UTC,970819
2017-02-04 00:00:00 UTC,952156
2017-02-05 00:00:00 UTC,957945
2017-02-06 00:00:00 UTC,979201
2017-02-07 00:00:00 UTC,945681
2017-02-08 00:00:00 UTC,961129
2017-02-09 00:00:00 UTC,956030
2017-02-10 00:00:00 UTC,967545
2017-02-11 00:00:00 UTC,963661
2017-02-12 00:00:00 UTC,872459
2017-02-13 00:00:00 UTC,910462
2017-02-14 00:00:00 UTC,884733
2017-02-15 00:00:00 UTC,940088
2017-02-16 00:00:00 UTC,973948
2017-02-17 00:00:00 UTC,969075
2017-02-18 00:00:00 UTC,961979
2017-02-19 00:00:00 UTC,930882
2017-02-20 00:00:00 UTC,951329
2017-02-21 00:00:00 UTC,949667
2017-02-22 00:00:00 UTC,977160
2017-02-23 00:00:00 UTC,960712
2017-02-24 00:00:00 UTC,971179
2017-02-25 00:00:00 UTC,966332
2017-02-26 00:00:00 UTC,921751
2017-02-27 00:00:00 UTC,945149
2017-02-28 00:00:00 UTC,968234
2017-03-01 00:00:00 UTC,979146
2017-03-02 00:00:00 UTC,955612
2017-03-03 00:00:00 UTC,985290
2017-03-04 00:00:00 UTC,985904
2017-03-05 00:00:00 UTC,983301
2017-03-06 00:00:00 UTC,965533
2017-03-07 00:00:00 UTC,974862
2017-03-08 00:00:00 UTC,979427
2017-03-09 00:00:00 UTC,991798
2017-03-10 00:00:00 UTC,991821
2017-03-11 00:00:00 UTC,997576
2017-03-12 00:00:00 UTC,960146
2017-03-13 00:00:00 UTC,982872
2017-03-14 00:00:00 UTC,962449
2017-03-15 00:00:00 UTC,983984
2017-03-16 00:00:00 UTC,988260
2017-03-17 00:00:00 UTC,995549
2017-03-18 00:00:00 UTC,942046
2017-03-19 00:00:00 UTC,889056
2017-03-20 00:00:00 UTC,977387
2017-03-21 00:00:00 UTC,982004
2017-03-22 00:00:00 UTC,982097
2017-03-23 00:00:00 UTC,965089
2017-03-24 00:00:00 UTC,869938
2017-03-25 00:00:00 UTC,939925
2017-03-26 00:00:00 UTC,676743
2017-03-27 00:00:00 UTC,900950
2017-03-28 00:00:00 UTC,985684
2017-03-29 00:00:00 UTC,973170
2017-03-30 00:00:00 UTC,962550
2017-03-31 00:00:00 UTC,960528
2017-04-01 00:00:00 UTC,967155
2017-04-02 00:00:00 UTC,824274
2017-04-03 00:00:00 UTC,878287
2017-04-04 00:00:00 UTC,977861
2017-04-05 00:00:00 UTC,966858
2017-04-06 00:00:00 UTC,977745
2017-04-07 00:00:00 UTC,977586
2017-04-08 00:00:00 UTC,974429
2017-04-09 00:00:00 UTC,925462
2017-04-10 00:00:00 UTC,917566
2017-04-11 00:00:00 UTC,962832
2017-04-12 00:00:00 UTC,982567
2017-04-13 00:00:00 UTC,972980
2017-04-14 00:00:00 UTC,995109
2017-04-15 00:00:00 UTC,991701
2017-04-16 00:00:00 UTC,927419
2017-04-17 00:00:00 UTC,930786
2017-04-18 00:00:00 UTC,955540
2017-04-19 00:00:00 UTC,984213
2017-04-20 00:00:00 UTC,973990
2017-04-21 00:00:00 UTC,975939
2017-04-22 00:00:00 UTC,973033
2017-04-23 00:00:00 UTC,947631
2017-04-24 00:00:00 UTC,963090
2017-04-25 00:00:00 UTC,966010
2017-04-26 00:00:00 UTC,971855
2017-04-27 00:00:00 UTC,967618
2017-04-28 00:00:00 UTC,996675
2017-04-29 00:00:00 UTC,971570
2017-04-30 00:00:00 UTC,971894
2017-05-01 00:00:00 UTC,977421
2017-05-02 00:00:00 UTC,980238
2017-05-03 00:00:00 UTC,995291
2017-05-04 00:00:00 UTC,971047
2017-05-05 00:00:00 UTC,961246
2017-05-06 00:00:00 UTC,964933
2017-05-07 00:00:00 UTC,964836
2017-05-08 00:00:00 UTC,968144
2017-05-09 00:00:00 UTC,987787
2017-05-10 00:00:00 UTC,960166
2017-05-11 00:00:00 UTC,961243
2017-05-12 00:00:00 UTC,954581
2017-05-13 00:00:00 UTC,955090
2017-05-14 00:00:00 UTC,975086
2017-05-15 00:00:00 UTC,970712
2017-05-16 00:00:00 UTC,973961
2017-05-17 00:00:00 UTC,981882
2017-05-18 00:00:00 UTC,974609
2017-05-19 00:00:00 UTC,971261
2017-05-20 00:00:00 UTC,967213
2017-05-21 00:00:00 UTC,990364
2017-05-22 00:00:00 UTC,966800
2017-05-23 00:00:00 UTC,978685
2017-05-24 00:00:00 UTC,970548
2017-05-25 00:00:00 UTC,976876
2017-05-26 00:00:00 UTC,958775
2017-05-27 00:00:00 UTC,991461
2017-05-28 00:00:00 UTC,977982
2017-05-29 00:00:00 UTC,977901
2017-05-30 00:00:00 UTC,980603
2017-05-31 00:00:00 UTC,976696
2017-06-01 00:00:00 UTC,977747
2017-06-02 00:00:00 UTC,981989
2017-06-03 00:00:00 UTC,981052
2017-06-04 00:00:00 UTC,982359
2017-06-05 00:00:00 UTC,964430
2017-06-06 00:00:00 UTC,990044
2017-06-07 00:00:00 UTC,992123
2017-06-08 00:00:00 UTC,969814
2017-06-09 00:00:00 UTC,973540
2017-06-10 00:00:00 UTC,966455
2017-06-11 00:00:00 UTC,945475
2017-06-12 00:00:00 UTC,967595
2017-06-13 00:00:00 UTC,977148
2017-06-14 00:00:00 UTC,969356
2017-06-15 00:00:00 UTC,994384
2017-06-16 00:00:00 UTC,983088
2017-06-17 00:00:00 UTC,985705
2017-06-18 00:00:00 UTC,936637
2017-06-19 00:00:00 UTC,986316
2017-06-20 00:00:00 UTC,965675
2017-06-21 00:00:00 UTC,983058
2017-06-22 00:00:00 UTC,992578
2017-06-23 00:00:00 UTC,948880
2017-06-24 00:00:00 UTC,949839
2017-06-25 00:00:00 UTC,927725
2017-06-26 00:00:00 UTC,987224
2017-06-27 00:00:00 UTC,989949
2017-06-28 00:00:00 UTC,972587
2017-06-29 00:00:00 UTC,966837
2017-06-30 00:00:00 UTC,956314
2017-07-01 00:00:00 UTC,882733
2017-07-02 00:00:00 UTC,779583
2017-07-03 00:00:00 UTC,815770
2017-07-04 00:00:00 UTC,897030
2017-07-05 00:00:00 UTC,909540
2017-07-06 00:00:00 UTC,956305
2017-07-07 00:00:00 UTC,937060
2017-07-08 00:00:00 UTC,858895
2017-07-09 00:00:00 UTC,749617
2017-07-10 00:00:00 UTC,746658
2017-07-11 00:00:00 UTC,890108
2017-07-12 00:00:00 UTC,881564
2017-07-13 00:00:00 UTC,855335
2017-07-14 00:00:00 UTC,900209
2017-07-15 00:00:00 UTC,974987
2017-07-16 00:00:00 UTC,840270
2017-07-17 00:00:00 UTC,945288
2017-07-18 00:00:00 UTC,959428
2017-07-19 00:00:00 UTC,939300
2017-07-20 00:00:00 UTC,929456
2017-07-21 00:00:00 UTC,976517
2017-07-22 00:00:00 UTC,925754
2017-07-23 00:00:00 UTC,683352
2017-07-24 00:00:00 UTC,894424
2017-07-25 00:00:00 UTC,934254
2017-07-26 00:00:00 UTC,967339
2017-07-27 00:00:00 UTC,923607
2017-07-28 00:00:00 UTC,916863
2017-07-29 00:00:00 UTC,872203
2017-07-30 00:00:00 UTC,810337
2017-07-31 00:00:00 UTC,926722
2017-08-01 00:00:00 UTC,725292
2017-08-02 00:00:00 UTC,878083
2017-08-03 00:00:00 UTC,868855
2017-08-04 00:00:00 UTC,924148
2017-08-05 00:00:00 UTC,881232
2017-08-06 00:00:00 UTC,786434
2017-08-07 00:00:00 UTC,943698
2017-08-08 00:00:00 UTC,979248
2017-08-09 00:00:00 UTC,954166
2017-08-10 00:00:00 UTC,981282
2017-08-11 00:00:00 UTC,967171
2017-08-12 00:00:00 UTC,979915
2017-08-13 00:00:00 UTC,983320
2017-08-14 00:00:00 UTC,955263
2017-08-15 00:00:00 UTC,975070
2017-08-16 00:00:00 UTC,966728
2017-08-17 00:00:00 UTC,978682
2017-08-18 00:00:00 UTC,959987
2017-08-19 00:00:00 UTC,966455
2017-08-20 00:00:00 UTC,961449
2017-08-21 00:00:00 UTC,976487
2017-08-22 00:00:00 UTC,998175
2017-08-23 00:00:00 UTC,986511
2017-08-24 00:00:00 UTC,938315
2017-08-25 00:00:00 UTC,928083
2017-08-26 00:00:00 UTC,997789
2017-08-27 00:00:00 UTC,989424
2017-08-28 00:00:00 UTC,980057
2017-08-29 00:00:00 UTC,996302
2017-08-30 00:00:00 UTC,981010
2017-08-31 00:00:00 UTC,978515
2017-09-01 00:00:00 UTC,968934
2017-09-02 00:00:00 UTC,805765
2017-09-03 00:00:00 UTC,761110
2017-09-04 00:00:00 UTC,923106
2017-09-05 00:00:00 UTC,759022
2017-09-06 00:00:00 UTC,897746
2017-09-07 00:00:00 UTC,803167
2017-09-08 00:00:00 UTC,905585
2017-09-09 00:00:00 UTC,720328
2017-09-10 00:00:00 UTC,775694
2017-09-11 00:00:00 UTC,817828
2017-09-12 00:00:00 UTC,698838
2017-09-13 00:00:00 UTC,701072
2017-09-14 00:00:00 UTC,784510
2017-09-15 00:00:00 UTC,827894
2017-09-16 00:00:00 UTC,687695
2017-09-17 00:00:00 UTC,569085
2017-09-18 00:00:00 UTC,892532
2017-09-19 00:00:00 UTC,930014
2017-09-20 00:00:00 UTC,922533
2017-09-21 00:00:00 UTC,747889
2017-09-22 00:00:00 UTC,780192
2017-09-23 00:00:00 UTC,602921
2017-09-24 00:00:00 UTC,636486
2017-09-25 00:00:00 UTC,888327
2017-09-26 00:00:00 UTC,929642
2017-09-27 00:00:00 UTC,817589
2017-09-28 00:00:00 UTC,815689
2017-09-29 00:00:00 UTC,794582
2017-09-30 00:00:00 UTC,752659
2017-10-01 00:00:00 UTC,878514
2017-10-02 00:00:00 UTC,955191
2017-10-03 00:00:00 UTC,840334
2017-10-04 00:00:00 UTC,792090
2017-10-05 00:00:00 UTC,966756
2017-10-06 00:00:00 UTC,872108
2017-10-07 00:00:00 UTC,796951
2017-10-08 00:00:00 UTC,722102
2017-10-09 00:00:00 UTC,865000
2017-10-10 00:00:00 UTC,903051
2017-10-11 00:00:00 UTC,951934
2017-10-12 00:00:00 UTC,913589
2017-10-13 00:00:00 UTC,951668
2017-10-14 00:00:00 UTC,948577
2017-10-15 00:00:00 UTC,831307
2017-10-16 00:00:00 UTC,842648
2017-10-17 00:00:00 UTC,900580
2017-10-18 00:00:00 UTC,921476
2017-10-19 00:00:00 UTC,905913
2017-10-20 00:00:00 UTC,900102
2017-10-21 00:00:00 UTC,931460
2017-10-22 00:00:00 UTC,930611
2017-10-23 00:00:00 UTC,903732
2017-10-24 00:00:00 UTC,969916
2017-10-25 00:00:00 UTC,913114
2017-10-26 00:00:00 UTC,685359
2017-10-27 00:00:00 UTC,964755
2017-10-28 00:00:00 UTC,940830
2017-10-29 00:00:00 UTC,957249
2017-10-30 00:00:00 UTC,967438
2017-10-31 00:00:00 UTC,974787
2017-11-01 00:00:00 UTC,967296
2017-11-02 00:00:00 UTC,952625
2017-11-03 00:00:00 UTC,959973
2017-11-04 00:00:00 UTC,956613
2017-11-05 00:00:00 UTC,958976
2017-11-06 00:00:00 UTC,959111
2017-11-07 00:00:00 UTC,947532
2017-11-08 00:00:00 UTC,954052
2017-11-09 00:00:00 UTC,948798
2017-11-10 00:00:00 UTC,957980
2017-11-11 00:00:00 UTC,956050
2017-11-12 00:00:00 UTC,961507
2017-11-13 00:00:00 UTC,961311
2017-11-14 00:00:00 UTC,948024
2017-11-15 00:00:00 UTC,961402
2017-11-16 00:00:00 UTC,945372
2017-11-17 00:00:00 UTC,959576
2017-11-18 00:00:00 UTC,972122
2017-11-19 00:00:00 UTC,966068
2017-11-20 00:00:00 UTC,945945
2017-11-21 00:00:00 UTC,962169
2017-11-22 00:00:00 UTC,967896
2017-11-23 00:00:00 UTC,961840
2017-11-24 00:00:00 UTC,956843
2017-11-25 00:00:00 UTC,967078
2017-11-26 00:00:00 UTC,958027
2017-11-27 00:00:00 UTC,958535
2017-11-28 00:00:00 UTC,963834
2017-11-29 00:00:00 UTC,966574
2017-11-30 00:00:00 UTC,974995
2017-12-01 00:00:00 UTC,972769
2017-12-02 00:00:00 UTC,961668
2017-12-03 00:00:00 UTC,970304
2017-12-04 00:00:00 UTC,974964
2017-12-05 00:00:00 UTC,963132
2017-12-06 00:00:00 UTC,963936
2017-12-07 00:00:00 UTC,947706
2017-12-08 00:00:00 UTC,963550
2017-12-09 00:00:00 UTC,973080
2017-12-10 00:00:00 UTC,970799
2017-12-11 00:00:00 UTC,969902
2017-12-12 00:00:00 UTC,968832
2017-12-13 00:00:00 UTC,978836
2017-12-14 00:00:00 UTC,969312
2017-12-15 00:00:00 UTC,970524
2017-12-16 00:00:00 UTC,971179
2017-12-17 00:00:00 UTC,969628
2017-12-18 00:00:00 UTC,968849
2017-12-19 00:00:00 UTC,968123
2017-12-20 00:00:00 UTC,973537
2017-12-21 00:00:00 UTC,954397
2017-12-22 00:00:00 UTC,977019
2017-12-23 00:00:00 UTC,977712
2017-12-24 00:00:00 UTC,976447
2017-12-25 00:00:00 UTC,970928
2017-12-26 00:00:00 UTC,971626
2017-12-27 00:00:00 UTC,958157
2017-12-28 00:00:00 UTC,969992
2017-12-29 00:00:00 UTC,973811
2017-12-30 00:00:00 UTC,958233
2017-12-31 00:00:00 UTC,960859
2018-01-01 00:00:00 UTC,966405
2018-01-02 00:00:00 UTC,968415
2018-01-03 00:00:00 UTC,975965
2018-01-04 00:00:00 UTC,975796
2018-01-05 00:00:00 UTC,974977
2018-01-06 00:00:00 UTC,971615
2018-01-07 00:00:00 UTC,973572
2018-01-08 00:00:00 UTC,955574
2018-01-09 00:00:00 UTC,971381
2018-01-10 00:00:00 UTC,970393
2018-01-11 00:00:00 UTC,957525
2018-01-12 00:00:00 UTC,979535
2018-01-13 00:00:00 UTC,947867
2018-01-14 00:00:00 UTC,972181
2018-01-15 00:00:00 UTC,968552
2018-01-16 00:00:00 UTC,964294
2018-01-17 00:00:00 UTC,961088
2018-01-18 00:00:00 UTC,965377
2018-01-19 00:00:00 UTC,965508
2018-01-20 00:00:00 UTC,947238
2018-01-21 00:00:00 UTC,948413
2018-01-22 00:00:00 UTC,970685
2018-01-23 00:00:00 UTC,973306
2018-01-24 00:00:00 UTC,966852
2018-01-25 00:00:00 UTC,953344
2018-01-26 00:00:00 UTC,960539
2018-01-27 00:00:00 UTC,939921
2018-01-28 00:00:00 UTC,936005
2018-01-29 00:00:00 UTC,925474
2018-01-30 00:00:00 UTC,901146
2018-01-31 00:00:00 UTC,944788
2018-02-01 00:00:00 UTC,958757
2018-02-02 00:00:00 UTC,941325
2018-02-03 00:00:00 UTC,916728
2018-02-04 00:00:00 UTC,889889
2018-02-05 00:00:00 UTC,899268
2018-02-06 00:00:00 UTC,961193
2018-02-07 00:00:00 UTC,945613
2018-02-08 00:00:00 UTC,944797
2018-02-09 00:00:00 UTC,957368
2018-02-10 00:00:00 UTC,947548
2018-02-11 00:00:00 UTC,946878
2018-02-12 00:00:00 UTC,941809
2018-02-13 00:00:00 UTC,946300
2018-02-14 00:00:00 UTC,940585
2018-02-15 00:00:00 UTC,945717
2018-02-16 00:00:00 UTC,897025
2018-02-17 00:00:00 UTC,912881
2018-02-18 00:00:00 UTC,917159
2018-02-19 00:00:00 UTC,937598
2018-02-20 00:00:00 UTC,917243
2018-02-21 00:00:00 UTC,905638
2018-02-22 00:00:00 UTC,841015
2018-02-23 00:00:00 UTC,921333
2018-02-24 00:00:00 UTC,966018
2018-02-25 00:00:00 UTC,660636
2018-02-26 00:00:00 UTC,908995
2018-02-27 00:00:00 UTC,916735
2018-02-28 00:00:00 UTC,920774
2018-03-01 00:00:00 UTC,915327
2018-03-02 00:00:00 UTC,748270
2018-03-03 00:00:00 UTC,897183
2018-03-04 00:00:00 UTC,907332
2018-03-05 00:00:00 UTC,902495
2018-03-06 00:00:00 UTC,921074
2018-03-07 00:00:00 UTC,907718
2018-03-08 00:00:00 UTC,911830
2018-03-09 00:00:00 UTC,903895
2018-03-10 00:00:00 UTC,902186
2018-03-11 00:00:00 UTC,917610
2018-03-12 00:00:00 UTC,834192
2018-03-13 00:00:00 UTC,800785
2018-03-14 00:00:00 UTC,642780
2018-03-15 00:00:00 UTC,660904
2018-03-16 00:00:00 UTC,584183
2018-03-17 00:00:00 UTC,433524
2018-03-18 00:00:00 UTC,600391
2018-03-19 00:00:00 UTC,564909
2018-03-20 00:00:00 UTC,672696
2018-03-21 00:00:00 UTC,575539
2018-03-22 00:00:00 UTC,685307
2018-03-23 00:00:00 UTC,684599
2018-03-24 00:00:00 UTC,484064
2018-03-25 00:00:00 UTC,468752
2018-03-26 00:00:00 UTC,603896
2018-03-27 00:00:00 UTC,625491
2018-03-28 00:00:00 UTC,603325
2018-03-29 00:00:00 UTC,564631
2018-03-30 00:00:00 UTC,524204
2018-03-31 00:00:00 UTC,555614
2018-04-01 00:00:00 UTC,375330
2018-04-02 00:00:00 UTC,475056
2018-04-03 00:00:00 UTC,565588
2018-04-04 00:00:00 UTC,593140
2018-04-05 00:00:00 UTC,539736
2018-04-06 00:00:00 UTC,698854
2018-04-07 00:00:00 UTC,466773
2018-04-08 00:00:00 UTC,361941
2018-04-09 00:00:00 UTC,618453
2018-04-10 00:00:00 UTC,582982
2018-04-11 00:00:00 UTC,533480
2018-04-12 00:00:00 UTC,687972
2018-04-13 00:00:00 UTC,599525
2018-04-14 00:00:00 UTC,687896
2018-04-15 00:00:00 UTC,724288
2018-04-16 00:00:00 UTC,743005
2018-04-17 00:00:00 UTC,617060
2018-04-18 00:00:00 UTC,556198
2018-04-19 00:00:00 UTC,520208
2018-04-20 00:00:00 UTC,675227
2018-04-21 00:00:00 UTC,629956
2018-04-22 00:00:00 UTC,455695
2018-04-23 00:00:00 UTC,630297
2018-04-24 00:00:00 UTC,802139
2018-04-25 00:00:00 UTC,887176
2018-04-26 00:00:00 UTC,734195
2018-04-27 00:00:00 UTC,811917
2018-04-28 00:00:00 UTC,713110
2018-04-29 00:00:00 UTC,520843
2018-04-30 00:00:00 UTC,615830
2018-05-01 00:00:00 UTC,557528
2018-05-02 00:00:00 UTC,701230
2018-05-03 00:00:00 UTC,733213
2018-05-04 00:00:00 UTC,822657
2018-05-05 00:00:00 UTC,611906
2018-05-06 00:00:00 UTC,630682
2018-05-07 00:00:00 UTC,723693
2018-05-08 00:00:00 UTC,782189
2018-05-09 00:00:00 UTC,620150
2018-05-10 00:00:00 UTC,617936
2018-05-11 00:00:00 UTC,838357
2018-05-12 00:00:00 UTC,521723
2018-05-13 00:00:00 UTC,471554
2018-05-14 00:00:00 UTC,725659
2018-05-15 00:00:00 UTC,641075
2018-05-16 00:00:00 UTC,501609
2018-05-17 00:00:00 UTC,719248
2018-05-18 00:00:00 UTC,696166
2018-05-19 00:00:00 UTC,478502
2018-05-20 00:00:00 UTC,457310
2018-05-21 00:00:00 UTC,628268
2018-05-22 00:00:00 UTC,566567
2018-05-23 00:00:00 UTC,611117
2018-05-24 00:00:00 UTC,595684
2018-05-25 00:00:00 UTC,505682
2018-05-26 00:00:00 UTC,397055
2018-05-27 00:00:00 UTC,367762
2018-05-28 00:00:00 UTC,580648
2018-05-29 00:00:00 UTC,676532
2018-05-30 00:00:00 UTC,515857
2018-05-31 00:00:00 UTC,553538
2018-06-01 00:00:00 UTC,588535
2018-06-02 00:00:00 UTC,503806
2018-06-03 00:00:00 UTC,672386
2018-06-04 00:00:00 UTC,933240
2018-06-05 00:00:00 UTC,725488
2018-06-06 00:00:00 UTC,850983
2018-06-07 00:00:00 UTC,941532
2018-06-08 00:00:00 UTC,752634
2018-06-09 00:00:00 UTC,513345
2018-06-10 00:00:00 UTC,595395
2018-06-11 00:00:00 UTC,642353
2018-06-12 00:00:00 UTC,877213
2018-06-13 00:00:00 UTC,750788
2018-06-14 00:00:00 UTC,580405
2018-06-15 00:00:00 UTC,661960
2018-06-16 00:00:00 UTC,381833
2018-06-17 00:00:00 UTC,398623
2018-06-18 00:00:00 UTC,509056
2018-06-19 00:00:00 UTC,758651
2018-06-20 00:00:00 UTC,938434
2018-06-21 00:00:00 UTC,491479
2018-06-22 00:00:00 UTC,629788
2018-06-23 00:00:00 UTC,438661
2018-06-24 00:00:00 UTC,387540
2018-06-25 00:00:00 UTC,791276
2018-06-26 00:00:00 UTC,931203
2018-06-27 00:00:00 UTC,926960
2018-06-28 00:00:00 UTC,561772
2018-06-29 00:00:00 UTC,589908
2018-06-30 00:00:00 UTC,841934
2018-07-01 00:00:00 UTC,586946
2018-07-02 00:00:00 UTC,826984
2018-07-03 00:00:00 UTC,936231
2018-07-04 00:00:00 UTC,780003
2018-07-05 00:00:00 UTC,637509
2018-07-06 00:00:00 UTC,555029
2018-07-07 00:00:00 UTC,435067
2018-07-08 00:00:00 UTC,480767
2018-07-09 00:00:00 UTC,909521
2018-07-10 00:00:00 UTC,815460
2018-07-11 00:00:00 UTC,838058
2018-07-12 00:00:00 UTC,868300
2018-07-13 00:00:00 UTC,868353
2018-07-14 00:00:00 UTC,893014
2018-07-15 00:00:00 UTC,635256
2018-07-16 00:00:00 UTC,742467
2018-07-17 00:00:00 UTC,720761
2018-07-18 00:00:00 UTC,890976
2018-07-19 00:00:00 UTC,596325
2018-07-20 00:00:00 UTC,649343
2018-07-21 00:00:00 UTC,569547
2018-07-22 00:00:00 UTC,361627
2018-07-23 00:00:00 UTC,707777
2018-07-24 00:00:00 UTC,750731
2018-07-25 00:00:00 UTC,803530
2018-07-26 00:00:00 UTC,621509
2018-07-27 00:00:00 UTC,741261
2018-07-28 00:00:00 UTC,594521
2018-07-29 00:00:00 UTC,416650
2018-07-30 00:00:00 UTC,727349
2018-07-31 00:00:00 UTC,765695
2018-08-01 00:00:00 UTC,822070
2018-08-02 00:00:00 UTC,640956
2018-08-03 00:00:00 UTC,656122
2018-08-04 00:00:00 UTC,456584
2018-08-05 00:00:00 UTC,467703
2018-08-06 00:00:00 UTC,822882
2018-08-07 00:00:00 UTC,819273
2018-08-08 00:00:00 UTC,640898
2018-08-09 00:00:00 UTC,647505
2018-08-10 00:00:00 UTC,644668
2018-08-11 00:00:00 UTC,496767
2018-08-12 00:00:00 UTC,474671
2018-08-13 00:00:00 UTC,735713
2018-08-14 00:00:00 UTC,803302
2018-08-15 00:00:00 UTC,616539
2018-08-16 00:00:00 UTC,599017
2018-08-17 00:00:00 UTC,648257
2018-08-18 00:00:00 UTC,467642
2018-08-19 00:00:00 UTC,485180
2018-08-20 00:00:00 UTC,628369
2018-08-21 00:00:00 UTC,599256
2018-08-22 00:00:00 UTC,596203
2018-08-23 00:00:00 UTC,582759
2018-08-24 00:00:00 UTC,630245
2018-08-25 00:00:00 UTC,596320
2018-08-26 00:00:00 UTC,451004
2018-08-27 00:00:00 UTC,564913
2018-08-28 00:00:00 UTC,706877
2018-08-29 00:00:00 UTC,715081
2018-08-30 00:00:00 UTC,630931
2018-08-31 00:00:00 UTC,633803
2018-09-01 00:00:00 UTC,609337
2018-09-02 00:00:00 UTC,512226
2018-09-03 00:00:00 UTC,667559
2018-09-04 00:00:00 UTC,751995
2018-09-05 00:00:00 UTC,758576
2018-09-06 00:00:00 UTC,695658
2018-09-07 00:00:00 UTC,702911
2018-09-08 00:00:00 UTC,554538
2018-09-09 00:00:00 UTC,489099
2018-09-10 00:00:00 UTC,713519
2018-09-11 00:00:00 UTC,758177
2018-09-12 00:00:00 UTC,553195
2018-09-13 00:00:00 UTC,642640
2018-09-14 00:00:00 UTC,772459
2018-09-15 00:00:00 UTC,605590
2018-09-16 00:00:00 UTC,491998
2018-09-17 00:00:00 UTC,703193
2018-09-18 00:00:00 UTC,695645
2018-09-19 00:00:00 UTC,617431
2018-09-20 00:00:00 UTC,623138
2018-09-21 00:00:00 UTC,772972
2018-09-22 00:00:00 UTC,558263
2018-09-23 00:00:00 UTC,501595
2018-09-24 00:00:00 UTC,615028
2018-09-25 00:00:00 UTC,582969
2018-09-26 00:00:00 UTC,680862
2018-09-27 00:00:00 UTC,663174
2018-09-28 00:00:00 UTC,649866
2018-09-29 00:00:00 UTC,532222
2018-09-30 00:00:00 UTC,484179
2018-10-01 00:00:00 UTC,632203
2018-10-02 00:00:00 UTC,786999
2018-10-03 00:00:00 UTC,639723
2018-10-04 00:00:00 UTC,608672
2018-10-05 00:00:00 UTC,712139
2018-10-06 00:00:00 UTC,694308
2018-10-07 00:00:00 UTC,584360
2018-10-08 00:00:00 UTC,728604
2018-10-09 00:00:00 UTC,745064
2018-10-10 00:00:00 UTC,696431
2018-10-11 00:00:00 UTC,704010
2018-10-12 00:00:00 UTC,800574
2018-10-13 00:00:00 UTC,627954
2018-10-14 00:00:00 UTC,707592
2018-10-15 00:00:00 UTC,725832
2018-10-16 00:00:00 UTC,793523
2018-10-17 00:00:00 UTC,808886
2018-10-18 00:00:00 UTC,755877
2018-10-19 00:00:00 UTC,775650
2018-10-20 00:00:00 UTC,668791
2018-10-21 00:00:00 UTC,654482
2018-10-22 00:00:00 UTC,705036
2018-10-23 00:00:00 UTC,710504
2018-10-24 00:00:00 UTC,872025
2018-10-25 00:00:00 UTC,785563
2018-10-26 00:00:00 UTC,778355
2018-10-27 00:00:00 UTC,694061
2018-10-28 00:00:00 UTC,658091
2018-10-29 00:00:00 UTC,755754
2018-10-30 00:00:00 UTC,736246
2018-10-31 00:00:00 UTC,714064
2018-11-01 00:00:00 UTC,740441
2018-11-02 00:00:00 UTC,835104
2018-11-03 00:00:00 UTC,662455
2018-11-04 00:00:00 UTC,783320
2018-11-05 00:00:00 UTC,798916
2018-11-06 00:00:00 UTC,823320
2018-11-07 00:00:00 UTC,845616
2018-11-08 00:00:00 UTC,869336
2018-11-09 00:00:00 UTC,852381
2018-11-10 00:00:00 UTC,723809
2018-11-11 00:00:00 UTC,693691
2018-11-12 00:00:00 UTC,830249
2018-11-13 00:00:00 UTC,845109
2018-11-14 00:00:00 UTC,823986
2018-11-15 00:00:00 UTC,909164
2018-11-16 00:00:00 UTC,860507
2018-11-17 00:00:00 UTC,701335
2018-11-18 00:00:00 UTC,747239
2018-11-19 00:00:00 UTC,841876
2018-11-20 00:00:00 UTC,889533
2018-11-21 00:00:00 UTC,914012
2018-11-22 00:00:00 UTC,903135
2018-11-23 00:00:00 UTC,873069
2018-11-24 00:00:00 UTC,754031
2018-11-25 00:00:00 UTC,806801
2018-11-26 00:00:00 UTC,911146
2018-11-27 00:00:00 UTC,842221
2018-11-28 00:00:00 UTC,867835
2018-11-29 00:00:00 UTC,911899
2018-11-30 00:00:00 UTC,914728
2018-12-01 00:00:00 UTC,829919
2018-12-02 00:00:00 UTC,789748
2018-12-03 00:00:00 UTC,841099
2018-12-04 00:00:00 UTC,805990
2018-12-05 00:00:00 UTC,804772
2018-12-06 00:00:00 UTC,840881
2018-12-07 00:00:00 UTC,914013
2018-12-08 00:00:00 UTC,746652
2018-12-09 00:00:00 UTC,745338
2018-12-10 00:00:00 UTC,850678
2018-12-11 00:00:00 UTC,816184
2018-12-12 00:00:00 UTC,854512
2018-12-13 00:00:00 UTC,814318
2018-12-14 00:00:00 UTC,786244
2018-12-15 00:00:00 UTC,712047
2018-12-16 00:00:00 UTC,768834
2018-12-17 00:00:00 UTC,763802
2018-12-18 00:00:00 UTC,823496
2018-12-19 00:00:00 UTC,828848
2018-12-20 00:00:00 UTC,858256
2018-12-21 00:00:00 UTC,806147
2018-12-22 00:00:00 UTC,619587
2018-12-23 00:00:00 UTC,590875
2018-12-24 00:00:00 UTC,735839
2018-12-25 00:00:00 UTC,672945
2018-12-26 00:00:00 UTC,705717
2018-12-27 00:00:00 UTC,693321
2018-12-28 00:00:00 UTC,716733
2018-12-29 00:00:00 UTC,745427
2018-12-30 00:00:00 UTC,614434
2018-12-31 00:00:00 UTC,687887
2019-01-01 00:00:00 UTC,653129
2019-01-02 00:00:00 UTC,732894
2019-01-03 00:00:00 UTC,735628
2019-01-04 00:00:00 UTC,734585
2019-01-05 00:00:00 UTC,638389
2019-01-06 00:00:00 UTC,640808
2019-01-07 00:00:00 UTC,749974
2019-01-08 00:00:00 UTC,669590
2019-01-09 00:00:00 UTC,677653
2019-01-10 00:00:00 UTC,750826
2019-01-11 00:00:00 UTC,741867
2019-01-12 00:00:00 UTC,680361
2019-01-13 00:00:00 UTC,668123
2019-01-14 00:00:00 UTC,747719
2019-01-15 00:00:00 UTC,806287
2019-01-16 00:00:00 UTC,854399
2019-01-17 00:00:00 UTC,831574
2019-01-18 00:00:00 UTC,794728
2019-01-19 00:00:00 UTC,738127
2019-01-20 00:00:00 UTC,625095
2019-01-21 00:00:00 UTC,735053
2019-01-22 00:00:00 UTC,793769
2019-01-23 00:00:00 UTC,760073
2019-01-24 00:00:00 UTC,692269
2019-01-25 00:00:00 UTC,760603
2019-01-26 00:00:00 UTC,718298
2019-01-27 00:00:00 UTC,678953
2019-01-28 00:00:00 UTC,770208
2019-01-29 00:00:00 UTC,778264
2019-01-30 00:00:00 UTC,829624
2019-01-31 00:00:00 UTC,783779
2019-02-01 00:00:00 UTC,784155
2019-02-02 00:00:00 UTC,757479
2019-02-03 00:00:00 UTC,724243
2019-02-04 00:00:00 UTC,784546
2019-02-05 00:00:00 UTC,802648
2019-02-06 00:00:00 UTC,800220
2019-02-07 00:00:00 UTC,713243
2019-02-08 00:00:00 UTC,729343
2019-02-09 00:00:00 UTC,705435
2019-02-10 00:00:00 UTC,705429
2019-02-11 00:00:00 UTC,784273
2019-02-12 00:00:00 UTC,890041
2019-02-13 00:00:00 UTC,857700
2019-02-14 00:00:00 UTC,860084
2019-02-15 00:00:00 UTC,807956
2019-02-16 00:00:00 UTC,766840
2019-02-17 00:00:00 UTC,690356
2019-02-18 00:00:00 UTC,809514
2019-02-19 00:00:00 UTC,812732
2019-02-20 00:00:00 UTC,893278
2019-02-21 00:00:00 UTC,895187
2019-02-22 00:00:00 UTC,813948
2019-02-23 00:00:00 UTC,757345
2019-02-24 00:00:00 UTC,810281
2019-02-25 00:00:00 UTC,844086
2019-02-26 00:00:00 UTC,826224
2019-02-27 00:00:00 UTC,847960
2019-02-28 00:00:00 UTC,864363
2019-03-01 00:00:00 UTC,805935
2019-03-02 00:00:00 UTC,889395
2019-03-03 00:00:00 UTC,792667
2019-03-04 00:00:00 UTC,808612
2019-03-05 00:00:00 UTC,734089
2019-03-06 00:00:00 UTC,817213
2019-03-07 00:00:00 UTC,727680
2019-03-08 00:00:00 UTC,722204
2019-03-09 00:00:00 UTC,642365
2019-03-10 00:00:00 UTC,577528
2019-03-11 00:00:00 UTC,782713
2019-03-12 00:00:00 UTC,727810
2019-03-13 00:00:00 UTC,821455
2019-03-14 00:00:00 UTC,749934
2019-03-15 00:00:00 UTC,721918
2019-03-16 00:00:00 UTC,569215
2019-03-17 00:00:00 UTC,543961
2019-03-18 00:00:00 UTC,678316
2019-03-19 00:00:00 UTC,663740
2019-03-20 00:00:00 UTC,684346
2019-03-21 00:00:00 UTC,743027
2019-03-22 00:00:00 UTC,673022
2019-03-23 00:00:00 UTC,595807
2019-03-24 00:00:00 UTC,539068
2019-03-25 00:00:00 UTC,776172
2019-03-26 00:00:00 UTC,915082
2019-03-27 00:00:00 UTC,904488
2019-03-28 00:00:00 UTC,916332
2019-03-29 00:00:00 UTC,910809
2019-03-30 00:00:00 UTC,929609
2019-03-31 00:00:00 UTC,930407
2019-04-01 00:00:00 UTC,919545
2019-04-02 00:00:00 UTC,917591
2019-04-03 00:00:00 UTC,915050
2019-04-04 00:00:00 UTC,898333
2019-04-05 00:00:00 UTC,907954
2019-04-06 00:00:00 UTC,917701
2019-04-07 00:00:00 UTC,868206
2019-04-08 00:00:00 UTC,918419
2019-04-09 00:00:00 UTC,914124