DATE,CLOSING,OPEN,HIGH,LOW
3/31/2019 ,1292.88,1292.88,1292.88,1292.88
3/29/2019,1292.88,1291.15,1299.70,1287.20
3/28/2019,1291.20,1309.33,1312.33,1288.75
3/27/2019,1309.78,1316.73,1319.33,1308.43
3/26/2019,1316.38,1321.98,1323.28,1312.93
3/25/2019,1322.23,1312.33,1327.88,1311.13
3/24/2019,1313.08,1313.23,1314.03,1312.63
3/22/2019,1313.23,1309.33,1314.83,1307.13
3/21/2019,1309.53,1314.33,1320.43,1300.83
3/20/2019,1314.13,1306.78,1316.88,1299.63
3/19/2019,1306.73,1303.53,1310.98,1302.63
3/18/2019,1303.53,1302.33,1306.58,1298.53
3/17/2019,1302.13,1301.38,1302.93,1301.38
3/15/2019,1301.38,1296.33,1306.33,1294.23
3/14/2019,1296.53,1309.93,1310.48,1293.58
3/13/2019,1309.83,1301.03,1313.38,1301.03
3/12/2019,1301.08,1293.23,1307.88,1292.23
3/11/2019,1293.23,1297.03,1299.13,1290.68
3/10/2019,1296.68,1299.28,1299.28,1296.33
3/08/2019,1299.28,1285.93,1300.73,1285.33
3/07/2019,1280.13,1286.88,1288.83,1280.13
3/06/2019,1286.58,1287.48,1290.83,1283.83
3/05/2019,1287.78,1287.08,1289.53,1281.83
3/04/2019,1291.88,1295.58,1297.08,1283.33
3/03/2019,1292.78,1292.78,1292.78,1292.78
3/01/2019,1292.78,1314.48,1315.13,1290.38
2/28/2019,1313.58,1320.18,1327.13,1312.83
2/27/2019,1319.98,1329.28,1329.93,1317.13
2/26/2019,1328.93,1327.48,1330.23,1323.73
2/25/2019,1326.73,1327.78,1332.48,1325.73
2/24/2019,1327.63,1327.63,1327.63,1327.63
2/22/2019,1327.63,1324.48,1333.03,1322.08
2/21/2019,1323.28,1339.23,1341.28,1322.73
2/20/2019,1336.73,1340.13,1346.73,1336.73
2/19/2019,1322.63,1326.35,1341.73,1322.63
2/18/2019,1336.88,1321.63,1336.88,1320.83
2/17/2019,1323.38,1323.38,1323.38,1323.38
2/15/2019,1323.38,1312.78,1323.38,1311.53
2/14/2019,1305.93,1306.73,1314.33,1303.33
2/13/2019,1304.13,1311.33,1317.78,1304.13
2/12/2019,1310.73,1307.98,1314.73,1306.63
2/11/2019,1308.13,1313.68,1314.83,1303.98
2/10/2019,1314.93,1314.93,1314.93,1314.93
2/08/2019,1314.93,1310.18,1315.73,1308.03
2/07/2019,1300.13,1307.73,1311.88,1300.13
2/06/2019,1306.58,1314.83,1315.93,1305.83
2/05/2019,1322.38,1312.03,1322.38,1310.83
2/04/2019,1310.13,1318.28,1318.28,1309.13
2/03/2019,1318.63,1318.63,1318.63,1318.63
2/01/2019,1318.63,1321.03,1323.33,1316.38
1/31/2019,1321.03,1320.48,1326.28,1317.68
1/30/2019,1319.78,1311.68,1323.13,1309.63
1/29/2019,1312.18,1303.43,1312.18,1302.83
1/28/2019,1303.58,1302.43,1304.43,1297.88
1/27/2019,1309.88,1309.88,1309.88,1309.88
1/25/2019,1309.88,1280.83,1309.88,1280.08
1/24/2019,1281.13,1282.88,1284.73,1277.18
1/23/2019,1282.73,1284.98,1286.48,1279.03
1/22/2019,1285.18,1280.13,1285.48,1277.58
1/21/2019,1276.03,1282.88,1283.63,1275.93
1/20/2019,1281.23,1281.23,1281.23,1281.23
1/18/2019,1281.23,1292.40,1292.50,1280.75
1/17/2019,1291.95,1293.90,1295.40,1289.05
1/16/2019,1293.55,1289.80,1295.00,1288.00
1/15/2019,1276.25,1292.60,1294.60,1276.25
1/14/2019,1291.55,1288.15,1295.80,1288.05
1/13/2019,1291.75,1291.75,1291.75,1291.75
1/11/2019,1287.55,1286.90,1295.20,1286.90
1/10/2019,1286.25,1293.20,1297.05,1286.25
1/09/2019,1293.95,1284.80,1293.95,1280.35
1/08/2019,1285.55,1289.40,1290.20,1279.90
1/07/2019,1289.55,1286.05,1295.00,1282.80
1/06/2019,1284.95,1284.95,1284.95,1284.95
1/04/2019,1284.95,1293.90,1298.35,1276.90
1/03/2019,1294.05,1287.70,1294.70,1285.20
1/02/2019,1284.55,1281.60,1288.60,1278.90
12/31/2018,1279.45,1280.10,1284.10,1277.50
12/30/2018,1280.75,1280.75,1280.75,1280.75
12/28/2018,1280.75,1275.40,1281.90,1274.40
12/27/2018,1275.75,1267.85,1284.75,1266.85
12/26/2018,1267.05,1270.75,1279.10,1263.75
12/25/2018,1270.23,1270.23,1270.23,1270.23
12/24/2018,1269.13,1258.68,1272.83,1258.13
12/23/2018,1251.98,1251.98,1251.98,1251.98
12/21/2018,1251.98,1260.83,1262.73,1251.93
12/20/2018,1266.88,1244.43,1266.88,1242.93
12/19/2018,1243.13,1250.08,1258.13,1241.93
12/18/2018,1249.33,1245.73,1250.33,1245.18
12/17/2018,1245.88,1241.48,1248.13,1234.68
12/16/2018,1238.43,1238.43,1238.43,1238.43
12/14/2018,1238.43,1242.03,1243.08,1233.08
12/13/2018,1241.88,1246.18,1246.83,1240.48
12/12/2018,1239.83,1243.33,1247.28,1239.83
12/11/2018,1242.53,1245.13,1249.53,1241.18
12/10/2018,1244.33,1250.48,1250.78,1241.88
12/09/2018,1248.68,1248.68,1248.68,1248.68
12/07/2018,1248.68,1238.03,1250.13,1237.48
12/06/2018,1238.18,1238.23,1244.23,1234.98
12/05/2018,1232.83,1238.98,1239.33,1232.83
12/04/2018,1238.63,1230.83,1241.93,1230.63
12/03/2018,1237.38,1223.13,1237.38,1221.43
12/02/2018,1218.98,1218.98,1218.98,1218.98
11/30/2018,1218.98,1224.33,1225.63,1216.93
11/29/2018,1224.48,1220.73,1228.98,1220.53
11/28/2018,1221.18,1212.13,1225.38,1211.38
11/27/2018,1231.88,1222.53,1231.88,1212.08
11/26/2018,1231.88,1223.68,1231.88,1221.83
11/25/2018,1227.63,1227.63,1227.63,1227.63
11/23/2018,1227.63,1227.08,1228.63,1220.63
11/22/2018,1229.50,1225.53,1229.50,1225.03
11/21/2018,1226.08,1222.03,1230.13,1219.88
11/20/2018,1221.58,1224.08,1228.43,1220.23
11/19/2018,1233.88,1222.08,1233.88,1218.23
11/18/2018,1221.23,1221.23,1221.23,1221.23
11/16/2018,1221.23,1213.43,1225.13,1213.33
11/15/2018,1213.38,1210.93,1216.03,1208.28
11/14/2018,1214.73,1202.88,1216.03,1197.83
11/13/2018,1202.38,1201.38,1205.18,1196.63
11/12/2018,1200.13,1209.43,1211.48,1200.13
11/11/2018,1209.73,1209.73,1209.73,1209.73
11/09/2018,1209.73,1223.48,1223.58,1206.93
11/08/2018,1223.68,1226.68,1227.08,1220.43
11/07/2018,1224.83,1227.33,1235.93,1223.48
11/06/2018,1226.98,1231.53,1235.93,1223.78
11/05/2018,1231.63,1233.38,1235.03,1227.03
11/04/2018,1246.88,1246.88,1246.88,1246.88
11/02/2018,1233.08,1234.23,1236.33,1230.33
11/01/2018,1234.13,1215.48,1237.33,1215.48
10/31/2018,1215.33,1222.58,1223.13,1212.18
10/30/2018,1222.73,1229.43,1230.68,1220.08
10/29/2018,1230.18,1233.23,1235.38,1221.23
10/28/2018,1233.48,1223.53,1234.93,1223.53
10/26/2018,1223.53,1232.33,1242.98,1223.53
10/25/2018,1223.53,1233.98,1239.23,1223.53
10/24/2018,1234.68,1230.98,1234.78,1225.93
10/23/2018,1241.88,1222.28,1241.88,1221.83
10/22/2018,1223.53,1228.23,1229.63,1220.33
10/21/2018,1226.88,1226.88,1226.88,1226.88
10/19/2018,1226.88,1225.68,1230.63,1223.33
10/18/2018,1230.18,1222.28,1230.18,1218.78
10/17/2018,1221.33,1225.03,1229.53,1220.78
10/16/2018,1224.43,1227.48,1232.48,1223.73
10/15/2018,1234.88,1218.08,1234.88,1218.08
10/14/2018,1217.93,1217.93,1217.93,1217.93
10/12/2018,1217.93,1223.58,1223.83,1216.03
10/11/2018,1227.88,1194.38,1227.88,1191.43
10/10/2018,1194.33,1189.63,1194.83,1185.58
10/09/2018,1177.63,1188.38,1191.88,1177.63
10/08/2018,1196.88,1197.50,1197.88,1184.18
10/07/2018,1202.88,1202.88,1202.88,1202.88
10/05/2018,1202.88,1199.88,1205.73,1197.38
10/04/2018,1199.68,1198.08,1206.63,1196.13
10/03/2018,1197.18,1204.08,1208.33,1196.93
10/02/2018,1180.13,1188.88,1208.08,1180.13
10/01/2018,1212.88,1192.13,1212.88,1184.73
9/30/2018,1188.38,1188.38,1188.38,1188.38
9/28/2018,1188.38,1183.58,1193.53,1181.13
9/27/2018,1181.33,1195.08,1198.68,1181.33
9/26/2018,1200.88,1201.58,1202.53,1190.83
9/25/2018,1201.33,1199.13,1203.23,1197.23
9/24/2018,1195.23,1195.38,1204.08,1194.63
9/23/2018,1199.63,1199.63,1199.63,1199.63
9/21/2018,1199.63,1206.78,1211.08,1192.18
9/20/2018,1207.18,1203.88,1208.18,1201.53
9/19/2018,1203.98,1198.13,1206.23,1198.13
9/18/2018,1195.63,1201.73,1203.38,1195.63
9/17/2018,1200.93,1194.03,1204.83,1193.03
9/16/2018,1193.73,1193.73,1193.73,1193.73
9/14/2018,1193.73,1201.73,1208.63,1193.23
9/13/2018,1201.58,1206.73,1212.43,1200.43
9/12/2018,1205.98,1198.18,1208.53,1192.98
9/11/2018,1198.78,1195.63,1199.33,1188.03
9/10/2018,1195.93,1194.53,1198.23,1191.83
9/09/2018,1192.83,1192.83,1192.83,1192.83
9/07/2018,1192.83,1200.43,1203.33,1192.83
9/06/2018,1200.28,1197.23,1206.83,1195.98
9/05/2018,1201.88,1191.83,1201.88,1191.23
9/04/2018,1191.13,1200.78,1202.03,1189.98
9/03/2018,1201.15,1180.83,1203.93,1180.83
9/02/2018,1204.53,1204.53,1204.53,1204.53
8/31/2018,1204.53,1202.53,1208.83,1198.98
8/30/2018,1199.53,1206.98,1207.88,1196.38
8/29/2018,1196.63,1201.58,1207.18,1196.63
8/28/2018,1221.38,1210.88,1221.38,1200.13
8/27/2018,1214.78,1207.28,1214.78,1203.38
8/26/2018,1206.18,1206.18,1206.18,1206.18
8/24/2018,1206.18,1185.53,1208.48,1183.33
8/23/2018,1183.13,1196.13,1196.63,1183.13
8/22/2018,1195.53,1196.18,1201.53,1192.83
8/21/2018,1196.13,1190.58,1196.88,1187.83
8/20/2018,1191.88,1183.53,1191.88,1182.93
8/19/2018,1188.88,1188.88,1188.88,1188.88
8/17/2018,1188.88,1173.78,1188.88,1172.03
8/16/2018,1186.88,1175.78,1186.88,1160.88
8/15/2018,1170.13,1194.33,1194.68,1170.13
8/14/2018,1191.13,1194.18,1198.68,1191.13
8/13/2018,1188.13,1212.83,1213.93,1188.13
8/12/2018,1211.73,1211.73,1211.73,1211.73
8/10/2018,1211.73,1212.63,1216.88,1206.03
8/09/2018,1212.28,1213.68,1217.28,1210.98
8/08/2018,1223.88,1211.13,1223.88,1207.03
8/07/2018,1197.83,1208.43,1216.08,1197.83
8/06/2018,1203.33,1213.98,1217.93,1203.33
8/05/2018,1213.43,1213.43,1213.43,1213.43
8/03/2018,1213.43,1208.88,1219.73,1204.58
8/02/2018,1207.98,1216.68,1221.18,1207.23
8/01/2018,1224.88,1224.28,1224.88,1215.98
7/31/2018,1220.18,1221.73,1227.93,1215.03
7/30/2018,1226.88,1223.58,1226.88,1219.23
7/29/2018,1223.38,1223.38,1223.38,1223.38
7/27/2018,1223.38,1223.83,1227.03,1217.73
7/26/2018,1222.98,1231.78,1235.28,1222.58
7/25/2018,1227.83,1224.63,1234.78,1223.43
7/24/2018,1224.58,1224.93,1229.48,1218.48
7/23/2018,1238.88,1231.23,1238.88,1222.48
7/22/2018,1233.88,1232.08,1233.88,1232.08
7/20/2018,1232.08,1223.88,1232.18,1216.33
7/19/2018,1222.83,1227.28,1228.63,1211.98
7/18/2018,1227.63,1227.88,1229.13,1221.33
7/17/2018,1226.23,1240.78,1244.93,1226.23
7/16/2018,1238.13,1241.48,1245.43,1238.13
7/15/2018,1238.03,1238.03,1238.03,1238.03
7/13/2018,1238.03,1246.93,1248.08,1237.18
7/12/2018,1247.03,1242.73,1248.58,1241.43
7/11/2018,1242.18,1255.98,1256.83,1240.88
7/10/2018,1257.68,1257.93,1260.33,1247.48
7/09/2018,1257.78,1255.13,1265.98,1255.13
7/08/2018,1237.73,1254.73,1254.73,1237.73
7/06/2018,1254.73,1257.53,1258.78,1252.98
7/05/2018,1237.73,1256.38,1259.63,1237.73
7/04/2018,1240.10,1252.58,1261.13,1240.10
7/03/2018,1237.73,1242.08,1256.93,1237.73
7/02/2018,1237.73,1252.60,1254.25,1237.73
7/01/2018,1237.73,1253.18,1253.18,1237.73
6/29/2018,1253.18,1248.18,1255.58,1246.53
6/28/2018,1248.28,1252.38,1254.13,1246.13
6/27/2018,1252.03,1258.48,1259.68,1251.18
6/26/2018,1251.13,1266.28,1267.73,1251.13
6/25/2018,1255.13,1271.78,1272.63,1255.13
6/24/2018,1271.88,1269.63,1271.88,1269.63
6/22/2018,1269.63,1267.60,1271.13,1266.78
6/21/2018,1267.73,1268.25,1270.10,1261.70
6/20/2018,1277.50,1275.13,1277.50,1267.83
6/19/2018,1274.78,1279.03,1284.13,1270.73
6/18/2018,1275.50,1279.18,1282.53,1275.50
6/17/2018,1280.53,1280.53,1280.53,1280.53
6/15/2018,1280.53,1302.48,1303.18,1275.78
6/14/2018,1292.13,1300.08,1309.38,1292.13
6/13/2018,1299.73,1295.88,1301.08,1292.78
6/12/2018,1300.60,1300.23,1300.60,1293.53
6/11/2018,1300.13,1299.33,1302.13,1294.18
6/10/2018,1299.88,1329.58,1329.58,1299.88
6/08/2018,1329.58,1297.48,1329.58,1294.23
6/07/2018,1297.13,1296.88,1302.98,1295.63
6/06/2018,1294.00,1297.03,1301.68,1291.63
6/05/2018,1296.13,1292.28,1300.33,1290.23
6/04/2018,1291.98,1293.28,1297.78,1290.53
6/03/2018,1293.13,1293.13,1293.13,1293.13
6/01/2018,1293.13,1299.08,1300.58,1290.18
5/31/2018,1298.33,1301.83,1306.48,1298.13
5/30/2018,1309.88,1299.88,1309.88,1296.08
5/29/2018,1299.00,1297.78,1305.48,1294.23
5/28/2018,1298.10,1299.23,1300.03,1295.73
5/27/2018,1301.58,1301.58,1301.58,1301.58
5/25/2018,1301.58,1304.83,1307.73,1300.03
5/24/2018,1304.88,1294.18,1306.58,1293.13
5/23/2018,1293.13,1291.43,1297.73,1288.63
5/22/2018,1291.33,1292.73,1295.98,1288.33
5/21/2018,1294.68,1291.73,1294.68,1282.23
5/20/2018,1329.85,1329.85,1329.85,1329.85
5/18/2018,1329.85,1290.68,1329.85,1286.23
5/17/2018,1287.50,1291.03,1294.38,1285.83
5/16/2018,1297.40,1290.88,1297.40,1286.80
5/15/2018,1293.88,1314.33,1314.93,1288.73
5/14/2018,1312.83,1318.33,1322.33,1312.83
5/13/2018,1321.85,1321.85,1321.85,1321.85
5/11/2018,1321.85,1321.43,1325.98,1317.85
5/10/2018,1321.25,1312.03,1322.73,1311.08
5/09/2018,1312.63,1318.08,1318.08,1304.73
5/08/2018,1315.70,1314.53,1318.08,1306.28
5/07/2018,1316.40,1315.08,1318.93,1310.38
5/06/2018,1309.50,1315.05,1315.05,1304.50
5/04/2018,1315.05,1312.73,1315.23,1308.23
5/03/2018,1312.23,1305.68,1318.03,1305.58
5/02/2018,1302.13,1304.73,1313.38,1302.13
5/01/2018,1300.58,1316.38,1316.38,1300.58
4/30/2018,1315.38,1323.75,1324.98,1310.53
4/29/2018,1322.80,1322.80,1322.80,1322.80
4/27/2018,1322.80,1317.53,1325.23,1315.83
4/26/2018,1317.28,1323.88,1326.23,1315.48
4/25/2018,1326.88,1330.23,1332.08,1319.03
4/24/2018,1330.68,1325.05,1332.68,1322.88
4/23/2018,1321.20,1334.83,1335.23,1318.83
4/22/2018,1335.13,1335.13,1335.13,1335.13
4/20/2018,1335.13,1345.85,1346.23,1335.13
4/19/2018,1345.83,1349.28,1354.58,1341.38
4/18/2018,1349.33,1347.58,1355.48,1342.53
4/17/2018,1350.88,1346.08,1350.88,1338.03
4/16/2018,1348.20,1342.78,1350.53,1340.38
4/15/2018,1345.18,1345.18,1345.18,1345.18
4/13/2018,1345.18,1335.53,1346.73,1335.53
4/12/2018,1335.48,1352.78,1353.23,1333.98
4/11/2018,1353.38,1339.73,1365.13,1339.73
4/10/2018,1340.88,1336.73,1342.48,1331.53
4/09/2018,1336.38,1332.68,1337.88,1327.03
4/06/2018,1333.00,1327.43,1335.33,1321.78
4/05/2018,1318.55,,1318.55,1318.55
4/04/2018,1333.35,1332.83,1347.98,1331.68
4/03/2018,1332.80,1340.68,1342.43,1329.28
4/02/2018,1338.90,1325.78,1344.73,1324.98
4/01/2018,1320.83,1320.83,1320.83,1320.83
3/29/2018,1320.83,1324.85,1328.38,1320.83
3/28/2018,1325.00,1345.78,1347.08,1323.63
3/27/2018,1344.73,1353.73,1356.63,1340.23
3/26/2018,1353.50,1348.23,1355.88,1343.58
3/25/2018,1347.08,1347.08,1347.08,1347.08
3/23/2018,1347.08,1330.73,1350.23,1330.73
3/22/2018,1330.88,1331.93,1334.78,1325.13
3/21/2018,1331.73,1311.73,1336.23,1310.03
3/20/2018,1311.53,1317.43,1318.33,1306.13
3/19/2018,1317.13,1313.33,1319.58,1308.03
3/18/2018,1313.88,1313.93,1314.48,1313.83
3/16/2018,1313.85,1316.03,1321.53,1309.73
3/15/2018,1316.43,1323.93,1327.98,1313.13
3/14/2018,1323.83,1326.43,1330.13,1321.98
3/13/2018,1326.13,1323.78,1331.50,1314.23
3/12/2018,1323.43,1322.93,1324.08,1315.53
3/11/2018,1322.83,1323.50,1324.33,1322.83
3/09/2018,1323.50,1321.48,1325.03,1313.13
3/08/2018,1322.10,1325.68,1328.93,1319.33
3/07/2018,1324.50,1339.23,1340.43,1322.63
3/06/2018,1338.58,1320.78,1338.58,1320.48
3/05/2018,1320.35,1323.73,1327.78,1317.78
3/04/2018,1324.50,1322.50,1324.50,1322.50
3/02/2018,1322.50,1316.63,1325.43,1315.38
3/01/2018,1317.18,1319.13,1320.78,1303.13
2/28/2018,1320.00,1318.58,1321.83,1315.93
2/27/2018,1311.13,1333.43,1336.63,1311.13
2/26/2018,1332.10,1329.98,1340.73,1326.78
2/25/2018,1328.95,1328.95,1328.95,1328.95
2/23/2018,1328.95,1331.93,1332.23,1326.03
2/22/2018,1331.98,1324.53,1332.23,1321.03
2/21/2018,1323.50,1329.78,1335.98,1322.63
2/20/2018,1325.05,1347.93,1347.93,1325.05
2/19/2018,1347.50,1349.58,1351.23,1346.38
2/18/2018,1345.50,1345.50,1345.50,1345.50
2/16/2018,1345.50,1353.78,1361.73,1345.43
2/15/2018,1359.88,1350.53,1359.88,1348.73
2/14/2018,1333.13,1329.63,1355.38,1321.03
2/13/2018,1329.18,1324.28,1330.73,1321.78
2/12/2018,1322.73,1315.58,1326.23,1315.33
2/11/2018,1316.25,1316.25,1316.25,1316.25
2/09/2018,1316.25,1319.63,1322.48,1311.53
2/08/2018,1313.78,1317.58,1321.68,1307.48
2/07/2018,1310.60,,1310.60,1310.60
2/06/2018,1316.65,,1316.65,1316.65
2/05/2018,1331.00,1331.58,1341.48,1329.33
2/04/2018,1335.50,1335.50,1335.50,1335.50
2/02/2018,1335.50,1347.68,1350.13,1327.58
2/01/2018,1348.63,1343.93,1351.03,1337.58
1/31/2018,1345.00,1337.53,1347.23,1333.53
1/30/2018,1338.73,1341.43,1348.53,1334.68
1/29/2018,1336.63,1350.73,1352.28,1335.63
1/28/2018,1351.88,1351.88,1351.88,1351.88
1/26/2018,1351.88,1347.43,1357.03,1344.93
1/25/2018,1347.50,1357.38,1366.08,1343.13
1/24/2018,1358.50,1341.18,1361.58,1339.63
1/23/2018,1341.00,1333.63,1341.68,1331.58
1/22/2018,1333.98,1333.93,1335.63,1328.83
1/21/2018,1331.60,1331.60,,
1/19/2018,1331.60,1327.63,1337.88,1327.18
1/18/2018,1324.70,1327.13,1333.23,1324.53
1/17/2018,1337.88,1343.38,1343.93,1326.43
1/16/2018,1338.70,1339.68,1342.38,1331.98
1/15/2018,1340.80,1336.38,1344.33,1336.38
1/12/2018,1335.50,1322.48,1339.43,1321.93
1/11/2018,1325.78,1317.33,1325.78,1316.03
1/10/2018,1310.33,1311.93,1327.78,1308.63
1/09/2018,1311.50,1319.73,1320.33,1309.38
1/08/2018,1320.98,1320.88,1322.23,1315.13
1/05/2018,1319.58,1322.08,1323.43,1313.93
1/04/2018,1327.88,1313.13,1327.88,1306.13
1/03/2018,1318.88,1318.38,1321.33,1307.73
1/02/2018,1316.50,1302.93,1318.93,1302.93
12/29/2017,1302.80,1294.53,1307.58,1294.03
12/28/2017,1292.60,1294.85,1295.05,1292.60
12/27/2017,1287.08,1282.43,1288.98,1281.53
12/26/2017,1282.50,1274.08,1283.78,1273.63
12/22/2017,1275.25,1266.43,1276.03,1265.18
12/21/2017,1266.68,1265.48,1268.93,1263.53
12/20/2017,1263.10,1261.78,1267.83,1261.63
12/19/2017,1259.30,1262.13,1265.23,1259.30
12/18/2017,1261.73,1256.50,1263.98,1252.93
12/15/2017,1245.30,1253.28,1261.93,1245.30
12/14/2017,1251.50,1255.08,1259.08,1243.03
12/13/2017,1255.70,1244.13,1258.08,1240.53
12/12/2017,1245.85,1242.28,1246.23,1236.73
12/11/2017,1242.18,1247.98,1251.63,1240.98
12/08/2017,1238.60,1247.88,1251.93,1238.60
12/07/2017,1244.50,1263.98,1264.53,1242.13
12/06/2017,1264.50,1266.23,1269.13,1262.83
12/05/2017,1262.50,1276.73,1277.13,1260.13
12/04/2017,1276.18,1274.08,1277.18,1272.33
12/03/2017,1280.53,1280.53,1280.53,1280.53
12/01/2017,1280.53,1275.28,1289.18,1272.13
11/30/2017,1274.83,1284.48,1285.43,1270.53
11/29/2017,1278.93,1293.78,1296.68,1278.93
11/28/2017,1298.98,1294.58,1298.98,1291.03
11/27/2017,1294.35,1288.33,1299.13,1286.93
11/26/2017,1280.38,1280.28,1280.38,1280.28
11/24/2017,1287.88,1291.13,1293.33,1286.18
11/23/2017,1288.90,1291.83,1293.08,1287.68
11/22/2017,1284.10,,1284.10,1284.10
11/21/2017,1280.53,1277.98,1284.48,1276.43
11/20/2017,1274.23,1293.58,1294.53,1274.23
11/17/2017,1294.20,1278.78,1296.88,1278.43
11/16/2017,1275.83,1278.58,1281.43,1275.48
11/15/2017,1278.40,1280.23,1289.48,1277.08
11/14/2017,1282.60,1278.03,1284.98,1271.13
11/13/2017,1278.25,1275.08,1279.83,1274.48
11/12/2017,1275.73,1275.73,1275.73,1275.73
11/10/2017,1275.73,1285.63,1287.13,1273.73
11/09/2017,1277.00,,1277.00,1277.00
11/08/2017,1281.45,1276.98,1287.23,1276.08
11/07/2017,1275.30,1281.48,1281.48,1272.23
11/06/2017,1283.50,1269.18,1283.70,1266.63
11/05/2017,1269.85,1269.85,1269.85,1269.85
11/03/2017,1269.85,1277.33,1279.13,1266.48
11/02/2017,1277.53,1275.58,1283.98,1274.03
11/01/2017,1276.03,1275.03,1276.08,1274.93
10/31/2017,1270.68,1276.23,1278.18,1268.43
10/30/2017,1276.33,1273.53,1278.68,1269.13
10/29/2017,1273.18,1274.08,1274.08,1272.23
10/27/2017,1275.10,1267.95,1275.10,1264.28
10/26/2017,1267.50,1278.23,1282.43,1265.13
10/25/2017,1281.50,1276.63,1283.88,1271.53
10/24/2017,1274.50,1281.78,1283.68,1272.13
10/23/2017,1282.50,1277.53,1283.33,1272.88
10/22/2017,1280.73,1280.73,1280.73,1280.73
10/20/2017,1280.73,1289.78,1291.08,1278.33
10/19/2017,1291.55,1281.28,1293.93,1276.88
10/18/2017,1281.18,1285.18,1288.73,1277.18
10/17/2017,1283.00,1296.18,1296.38,1282.33
10/16/2017,1295.10,1302.48,1306.13,1291.03
10/15/2017,1304.38,1304.88,1304.88,1304.38
10/13/2017,1304.88,1293.98,1304.88,1291.48
10/12/2017,1296.50,1291.98,1297.48,1290.23
10/11/2017,1298.88,1288.18,1298.88,1284.73
10/10/2017,1287.85,1283.88,1294.28,1282.33
10/09/2017,1286.60,1276.33,1286.60,1275.43
10/08/2017,1276.53,1276.53,1276.53,1276.53
10/06/2017,1276.53,1268.73,1276.58,1260.88
10/05/2017,1267.50,1275.33,1279.03,1265.13
10/04/2017,1274.70,1271.68,1282.03,1271.53
10/03/2017,1268.50,1270.98,1274.58,1266.13
10/02/2017,1273.50,1277.28,1277.33,1269.98
10/01/2017,1278.50,1278.50,1278.50,1278.50
9/29/2017,1278.50,1287.08,1290.03,1276.13
9/28/2017,1289.88,1283.48,1289.88,1277.93
9/27/2017,1283.50,1293.63,1296.13,1281.13
9/26/2017,1293.90,1309.88,1313.43,1293.73
9/25/2017,1310.55,1296.28,1311.53,1291.23
9/24/2017,1297.38,1297.38,1297.38,1297.38
9/22/2017,1297.38,1291.78,1298.83,1291.58
9/21/2017,1286.00,1301.53,1301.58,1283.63
9/20/2017,1302.00,1310.93,1315.93,1297.13
9/19/2017,1315.50,1307.90,1315.50,1305.68
9/18/2017,1307.65,1318.63,1319.68,1304.88
9/17/2017,1319.63,1319.63,1319.63,1319.63
9/15/2017,1319.63,1331.18,1334.33,1319.63
9/14/2017,1329.83,1323.33,1330.43,1316.03
9/13/2017,1323.25,1333.18,1334.73,1321.28
9/12/2017,1331.93,1327.95,1332.13,1323.13
9/11/2017,1327.50,1339.33,1339.43,1326.35
9/10/2017,1346.70,1346.70,1346.70,1346.70
9/08/2017,1346.70,1348.88,1357.38,1343.33
9/07/2017,1345.70,1334.10,1349.90,1332.88
9/06/2017,1333.50,1339.98,1342.43,1331.15
9/05/2017,1342.50,1333.23,1344.85,1328.78
9/04/2017,1333.43,1335.73,1338.73,1331.35
9/03/2017,1324.85,1324.85,1324.85,1324.85
9/01/2017,1324.85,1321.75,1328.43,1316.73
8/31/2017,1321.20,1308.40,1323.58,1301.23
8/30/2017,1304.50,1310.48,1313.48,1302.13
8/29/2017,1300.80,1314.03,1325.83,1298.43
8/28/2017,1312.30,1292.68,1312.30,1292.08
8/25/2017,1291.25,1286.23,1293.78,1280.23
8/24/2017,1287.50,1290.53,1291.28,1285.08
8/23/2017,1290.75,1284.78,1291.13,1282.98
8/22/2017,1284.73,1290.98,1292.38,1282.88
8/21/2017,1291.23,1283.23,1293.33,1281.13
8/18/2017,1284.50,1297.40,1300.53,1284.45
8/17/2017,1287.50,1283.83,1290.03,1282.68
8/16/2017,1282.80,1271.58,1283.88,1268.43
8/15/2017,1272.25,1281.20,1281.98,1267.83
8/14/2017,1281.50,1289.53,1289.63,1278.78
8/11/2017,1289.20,1286.28,1291.73,1281.58
8/10/2017,1285.20,1277.13,1287.95,1274.88
8/09/2017,1277.58,1261.23,1278.38,1260.98
8/08/2017,1261.50,1257.28,1265.23,1251.83
8/07/2017,1257.70,1257.68,1259.98,1255.93
8/06/2017,1258.60,1258.60,1258.60,1258.60
8/04/2017,1258.60,1268.63,1270.23,1254.78
8/03/2017,1268.65,1266.43,1270.93,1259.63
8/02/2017,1266.70,1269.13,1272.73,1263.33
8/01/2017,1269.05,1269.65,1273.98,1264.83
7/31/2017,1269.55,1270.53,1270.88,1265.98
7/28/2017,1269.25,1259.38,1270.78,1257.63
7/27/2017,1259.00,1260.38,1264.93,1255.13
7/26/2017,1261.10,1249.93,1263.13,1244.18
7/25/2017,1249.05,1254.78,1257.73,1249.05
7/24/2017,1262.75,1255.28,1262.85,1252.08
7/21/2017,1254.90,1244.53,1255.80,1243.63
7/20/2017,1247.75,1241.23,1247.75,1235.53
7/19/2017,1240.88,1242.98,1243.83,1236.33
7/18/2017,1249.75,1234.28,1249.75,1232.93
7/17/2017,1237.75,1229.78,1237.75,1228.58
7/16/2017,1234.75,1250.88,1250.88,1234.75
7/14/2017,1250.88,1217.93,1250.88,1215.58
7/13/2017,1209.45,,1209.45,1209.45
7/12/2017,1218.75,1216.88,1225.13,1214.93
7/11/2017,1217.70,1214.68,1217.70,1208.43
7/10/2017,1206.35,,1206.35,1206.35
7/09/2017,1207.25,1207.25,1207.25,1207.25
7/07/2017,1207.25,1225.13,1226.88,1207.13
7/06/2017,1225.15,1227.03,1229.03,1222.83
7/05/2017,1226.95,1224.33,1228.93,1217.73
7/04/2017,1220.40,1221.78,1226.23,1220.15
7/03/2017,1218.15,1242.03,1242.78,1218.03
7/02/2017,1249.80,1241.60,1249.80,1241.60
7/01/2017,1241.60,1241.60,1241.60,1241.60
6/30/2017,1241.60,1245.98,1248.28,1240.23
6/29/2017,1245.73,1249.63,1253.13,1239.93
6/28/2017,1249.33,1247.33,1254.33,1247.33
6/27/2017,1244.75,1244.68,1253.03,1241.53
6/26/2017,1244.45,1257.95,1258.25,1237.28
6/23/2017,1256.90,1251.18,1258.88,1250.08
6/22/2017,1259.93,1246.53,1259.93,1246.33
6/21/2017,1246.55,1244.03,1247.63,1241.53
6/20/2017,1240.25,1244.18,1247.98,1240.13
6/19/2017,1243.25,1253.78,1255.63,1243.13
6/16/2017,1253.63,1254.63,1257.23,1252.03
6/15/2017,1254.00,1260.38,1266.53,1251.83
6/14/2017,1281.45,1266.73,1281.45,1257.43
6/13/2017,1265.85,1265.78,1268.83,1259.83
6/12/2017,1263.25,1266.58,1270.23,1263.23
6/11/2017,1266.40,1266.40,1266.40,1266.40
6/09/2017,1266.40,1280.35,1280.68,1265.13
6/08/2017,1278.65,1286.83,1288.98,1271.75
6/07/2017,1286.93,1294.43,1294.48,1283.33
6/06/2017,1298.75,1280.38,1298.75,1279.78
6/05/2017,1279.95,1280.13,1283.28,1278.18
6/02/2017,1279.98,1265.70,1279.98,1259.88
6/01/2017,1265.65,1268.88,1270.33,1262.03
5/31/2017,1275.50,1262.88,1275.50,1259.73
5/30/2017,1269.50,1266.88,1270.70,1259.58
5/29/2017,1271.45,1267.68,1271.45,1265.53
5/28/2017,1267.05,1267.05,1267.05,1267.05
5/26/2017,1267.05,1255.88,1269.53,1253.93
5/25/2017,1249.00,1258.28,1259.73,1249.00
5/24/2017,1258.20,1251.78,1258.98,1248.13
5/23/2017,1251.15,1260.63,1263.83,1250.88
5/22/2017,1260.45,1255.48,1262.63,1251.93
5/21/2017,1255.55,1255.55,1255.55,1255.55
5/19/2017,1255.55,1246.83,1256.48,1246.83
5/18/2017,1245.95,1260.18,1264.98,1245.95
5/17/2017,1260.73,1236.83,1260.88,1236.73
5/16/2017,1241.75,1231.18,1241.88,1230.53
5/15/2017,1230.73,1230.03,1237.20,1227.23
5/14/2017,1226.25,1233.25,1233.25,1226.25
5/12/2017,1233.25,1225.33,1233.25,1224.63
5/11/2017,1213.05,1219.38,1227.08,1213.05
5/10/2017,1219.15,1210.58,1225.68,1210.58
5/09/2017,1210.70,1226.83,1228.78,1210.70
5/08/2017,1222.30,1225.58,1236.13,1222.30
5/05/2017,1221.20,1229.08,1235.53,1221.20
5/04/2017,1227.75,1238.33,1241.33,1225.83
5/03/2017,1238.38,1256.78,1256.88,1236.93
5/02/2017,1254.60,1256.13,1257.83,1252.18
5/01/2017,1256.80,1269.53,1271.18,1254.43
4/30/2017,1268.15,1268.15,1268.15,1268.15
4/28/2017,1268.15,1264.23,1268.53,1263.43
4/27/2017,1268.25,1269.10,1269.65,1261.53
4/26/2017,1272.25,1263.58,1272.38,1260.48
4/25/2017,1263.75,1276.03,1278.13,1262.43
4/24/2017,1278.00,1270.13,1278.88,1266.68
4/21/2017,1285.00,1281.78,1288.33,1278.78
4/20/2017,1286.75,1279.73,1286.75,1277.03
4/19/2017,1281.40,1289.78,1290.73,1276.83
4/18/2017,1289.65,1284.63,1292.23,1280.03
4/17/2017,1284.80,1291.08,1295.48,1281.88
4/14/2017,1285.68,1287.00,1287.00,1284.25
4/13/2017,1299.75,1285.53,1299.88,1282.23
4/12/2017,1286.60,1273.93,1286.78,1272.58
4/11/2017,1276.75,1255.20,1276.88,1253.58
4/10/2017,1254.73,1254.88,1257.03,1247.93
4/09/2017,1254.05,1254.05,1254.05,1254.05
4/08/2017,1254.05,1254.05,8.00,8.00
4/07/2017,1254.05,1251.93,1269.78,1250.78
4/06/2017,1253.55,1255.93,1259.03,1250.28
4/05/2017,1255.30,1256.18,1257.33,1244.13
4/04/2017,1253.75,1254.48,1261.23,1253.63
4/03/2017,1258.25,1249.58,1258.25,1244.63
4/02/2017,1249.13,1249.13,1249.13,1249.13
3/31/2017,1249.13,1243.98,1250.63,1240.33
3/30/2017,1256.25,1253.05,1256.38,1242.93
3/29/2017,1252.45,1251.08,1254.68,1247.78
3/28/2017,1256.15,1253.88,1258.38,1248.33
3/27/2017,1257.45,1248.53,1260.98,1248.53
3/26/2017,1254.98,1254.98,1254.98,1254.98
3/24/2017,1254.98,1244.98,1254.98,1241.23
3/23/2017,1244.88,1247.83,1252.88,1243.18
3/22/2017,1247.48,1245.53,1251.38,1244.33
3/21/2017,1245.88,1234.63,1247.58,1227.13
3/20/2017,1234.38,1230.73,1235.48,1229.58
3/19/2017,1230.83,1229.88,1231.03,1229.88
3/17/2017,1229.15,1226.88,1231.53,1224.93
3/16/2017,1227.08,1218.93,1233.13,1218.78
3/15/2017,1218.88,1199.33,1222.10,1197.93
3/14/2017,1199.03,1202.28,1207.43,1197.53
3/13/2017,1202.63,1203.98,1204.18,1202.18
3/12/2017,1206.35,1204.80,1207.05,1204.80
3/10/2017,1204.80,1200.88,1206.15,1195.38
3/09/2017,1200.90,1208.48,1209.08,1199.40
3/08/2017,1205.25,1216.18,1218.43,1205.13
3/07/2017,1212.95,1225.83,1227.18,1211.13
3/06/2017,1228.05,1233.58,1236.88,1225.13
3/05/2017,1234.78,1234.78,1234.78,1234.78
3/03/2017,1234.78,1234.33,1236.08,1223.63
3/02/2017,1234.65,1248.63,1248.78,1231.40
3/01/2017,1249.75,1248.58,1250.50,1236.15
2/28/2017,1248.38,1252.63,1258.23,1248.13
2/27/2017,1247.25,1256.18,1263.73,1247.13
2/26/2017,1256.98,1256.98,1256.98,1256.98
2/24/2017,1256.98,1249.38,1260.08,1247.83
2/23/2017,1249.30,1237.18,1250.75,1235.98
2/22/2017,1237.60,1236.18,1240.43,1232.08
2/21/2017,1235.95,1237.43,1238.83,1226.68
2/20/2017,1249.75,1235.78,1249.75,1233.03
2/19/2017,1230.25,1235.03,1235.03,1230.25
2/17/2017,1235.03,1238.83,1243.63,1234.68
2/16/2017,1239.35,1233.78,1242.33,1232.28
2/14/2017,1228.68,1225.48,1234.78,1222.18
2/13/2017,1226.95,1230.93,1232.33,1219.53
2/12/2017,1233.58,1233.58,1233.58,1233.58
2/10/2017,1233.58,1229.03,1236.68,1221.78
2/09/2017,1226.33,1241.08,1244.33,1226.33
2/08/2017,1242.38,1234.03,1244.43,1230.48
2/07/2017,1233.75,1234.48,1235.83,1228.08
2/06/2017,1235.83,1222.78,1235.83,1219.48
2/05/2017,1220.20,1220.20,1220.20,1220.20
2/03/2017,1220.20,1214.93,1221.33,1210.70
2/02/2017,1224.05,1209.13,1225.23,1208.58
2/01/2017,1214.75,1210.83,1214.75,1198.43
1/31/2017,1215.35,1195.58,1215.38,1194.28
1/30/2017,1197.75,1192.98,1199.15,1188.45
1/29/2017,1191.18,1191.18,1191.18,1191.18
1/27/2017,1191.18,1189.18,1191.78,1181.18
1/26/2017,1180.63,1200.98,1202.63,1180.63
1/25/2017,1203.75,1209.48,1209.88,1193.45
1/24/2017,1215.35,1219.20,1219.60,1206.98
1/23/2017,1219.45,1211.03,1219.53,1209.63
1/22/2017,1193.35,1193.35,1193.35,1193.35
1/19/2017,1213.75,1205.03,1213.88,1196.68
1/18/2017,1220.08,1216.68,1220.08,1202.73
1/17/2017,1216.85,1203.13,1218.53,1203.13
1/16/2017,1212.75,1198.48,1212.88,1198.48
1/13/2017,1197.45,1194.63,1200.33,1188.33
1/11/2017,1179.03,1187.73,1197.98,1177.33
1/10/2017,1189.25,1182.03,1190.18,1180.53
1/09/2017,1188.75,1188.75,1188.75,1188.75
1/06/2017,1169.75,1180.18,1181.33,1169.63
1/05/2017,1179.88,1163.53,1184.78,1163.33
1/04/2017,1168.88,1159.03,1168.88,1156.38
1/03/2017,1158.98,1151.98,1162.83,1146.48
1/02/2017,1152.15,1152.15,1152.15,1152.15
1/01/2017,1133.75,1133.75,1133.75,1133.75
12/30/2016,1141.25,1157.98,1163.28,1141.25
12/29/2016,1157.90,1142.53,1159.18,1141.98
12/28/2016,1141.58,1139.43,1144.48,1136.65
12/27/2016,1138.85,1134.85,1148.00,1131.85
12/26/2016,1142.00,,1142.00,1142.00
12/23/2016,1133.95,1128.58,1135.75,1128.43
12/22/2016,1128.78,1131.58,1134.00,1128.00
12/21/2016,1131.25,1132.53,1137.05,1129.58
12/20/2016,1132.05,1138.63,1139.78,1126.00
12/19/2016,1144.75,1135.23,1144.75,1135.08
12/16/2016,1131.25,1128.68,1141.25,1126.78
12/15/2016,1128.20,1142.13,1144.43,1123.20
12/14/2016,1140.25,1158.78,1165.00,1140.10
12/13/2016,1158.25,1163.38,1164.93,1154.75
12/12/2016,1162.45,1158.68,1165.70,1152.28
12/09/2016,1160.35,1170.43,1172.05,1156.80
12/08/2016,1170.75,1174.53,1178.53,1169.55
12/07/2016,1173.95,1169.53,1180.38,1166.13
12/06/2016,1178.75,1170.28,1178.75,1167.20
12/05/2016,1178.85,1186.18,1187.83,1157.50
12/02/2016,1177.50,1172.63,1177.93,1167.48
12/01/2016,1161.00,1174.18,1176.55,1161.00
11/30/2016,1168.55,1188.53,1195.03,1168.55
11/29/2016,1187.75,1193.68,1194.88,1181.63
11/28/2016,1194.75,1189.58,1194.88,1183.78
11/27/2016,1182.25,1182.25,1182.25,1182.25
11/25/2016,1182.25,1185.63,1193.03,1171.63
11/24/2016,1184.08,1188.30,1190.93,1181.85
11/23/2016,1193.38,1213.20,1214.95,1181.98
11/22/2016,1212.30,1213.70,1220.95,1206.88
11/21/2016,1207.25,1207.60,1217.63,1205.80
11/20/2016,1200.85,1200.85,1200.85,1200.85
11/18/2016,1208.55,1216.80,1217.80,1204.30
11/17/2016,1222.78,1225.50,1233.38,1211.78
11/16/2016,1224.15,1228.50,1232.70,1221.85
11/15/2016,1228.70,1221.65,1231.40,1219.40
11/14/2016,1221.10,1223.25,1228.53,1211.78
11/13/2016,1211.25,1227.60,1227.60,1211.25
11/11/2016,1227.60,1259.15,1265.50,1220.00
11/10/2016,1246.95,1278.85,1291.55,1246.95
11/09/2016,1270.55,1273.35,1336.70,1269.80
11/08/2016,1271.25,1271.25,1271.25,1271.25
11/07/2016,1279.25,1292.20,1295.85,1278.50
11/06/2016,1273.25,,1273.25,1273.25
11/04/2016,1304.25,1304.45,1306.00,1295.00
11/03/2016,1303.05,1298.50,1306.25,1286.13
11/02/2016,1298.10,1288.60,1307.28,1287.55
11/01/2016,1289.05,1276.95,1291.88,1275.85
10/31/2016,1276.70,1277.45,1279.50,1269.25
10/30/2016,1277.70,1277.90,1279.40,1276.55
10/28/2016,1284.25,1268.45,1284.25,1262.30
10/27/2016,1265.75,1266.80,1272.50,1265.35
10/26/2016,1265.75,1273.95,1276.40,1265.03
10/25/2016,1276.75,1264.75,1276.75,1262.35
10/24/2016,1255.55,1266.10,1271.78,1255.55
10/23/2016,1266.75,1266.75,1266.75,1266.75
10/21/2016,1266.75,1266.00,1267.93,1261.35
10/20/2016,1263.63,1269.60,1273.83,1263.63
10/19/2016,1272.25,1263.05,1273.33,1260.45
10/18/2016,1265.25,1254.90,1267.75,1254.30
10/17/2016,1254.00,1251.40,1257.20,1250.55
10/16/2016,1250.55,1250.55,1250.55,1250.55
10/14/2016,1250.55,1258.35,1259.38,1246.63
10/13/2016,1260.25,1255.90,1267.75,1253.20
10/12/2016,1262.35,1253.05,1262.35,1250.40
10/11/2016,1245.25,,1245.25,1245.25
10/10/2016,1253.10,1257.70,1334.73,1253.10
10/09/2016,1240.25,1240.25,1240.25,1240.25
10/07/2016,1240.25,1255.50,1264.85,1240.25
10/06/2016,1254.70,1267.95,1269.45,1250.25
10/05/2016,1263.00,1268.65,1276.80,1262.10
10/04/2016,1266.25,1312.15,1334.73,1266.10
10/03/2016,1311.88,1317.45,1319.50,1309.60
10/02/2016,1312.00,1312.00,1312.00,1312.00
9/30/2016,1312.00,1321.50,1328.03,1312.00
9/29/2016,1315.80,1322.00,1325.78,1315.80
9/28/2016,1321.95,1327.05,1327.63,1318.33
9/27/2016,1326.40,1338.55,1339.58,1325.38
9/26/2016,1337.95,1337.38,1338.68,1337.38
9/25/2016,1343.20,1343.20,1343.20,1343.20
9/23/2016,1343.20,1337.65,1343.20,1333.98
9/22/2016,1343.20,1334.20,1344.05,1331.53
9/21/2016,1342.20,1315.05,1342.20,1309.58
9/20/2016,1315.10,1313.50,1317.83,1312.43
9/19/2016,1314.20,1310.05,1318.25,1309.58
9/18/2016,1303.55,1303.55,1303.55,1303.55
9/16/2016,1303.55,1315.35,1318.08,1303.55
9/15/2016,1314.80,1323.00,1327.68,1306.95
9/14/2016,1320.30,1319.00,1325.68,1316.55
9/13/2016,1318.50,1327.70,1331.98,1315.95
9/12/2016,1337.10,1328.85,1337.10,1320.65
9/09/2016,1328.05,1338.45,1339.58,1327.75
9/08/2016,1337.75,1345.88,1348.98,1336.13
9/07/2016,1344.95,1348.45,1352.48,1342.93
9/06/2016,1350.30,1326.45,1351.83,1325.23
9/05/2016,1325.55,1225.25,1328.35,1224.95
9/04/2016,1327.75,1327.75,1327.75,1327.75
9/02/2016,1327.75,1314.05,1329.48,1308.08
9/01/2016,1315.25,1310.33,1319.85,1302.83
8/31/2016,1308.95,1311.60,1316.15,1306.18
8/30/2016,1311.15,1324.05,1325.03,1309.48
8/29/2016,1327.20,1319.75,1327.55,1315.58
8/28/2016,1317.25,1317.25,1317.25,1317.25
8/26/2016,1317.25,1322.05,1341.10,1317.15
8/25/2016,1321.70,1325.40,1327.13,1318.23
8/24/2016,1323.75,1337.95,1340.08,1323.65
8/23/2016,1338.10,1339.10,1344.78,1335.93
8/22/2016,1333.75,1337.35,1339.90,1332.40
8/21/2016,1341.50,1341.50,1341.50,1341.50
8/19/2016,1341.50,1352.50,1352.88,1338.15
8/18/2016,1354.20,1350.00,1355.98,1346.55
8/17/2016,1348.75,1345.90,1350.63,1337.78
8/16/2016,1346.55,1339.95,1357.48,1339.58
8/15/2016,1348.10,1337.70,1348.10,1335.90
8/14/2016,1336.20,1336.20,1336.20,1336.20
8/12/2016,1336.20,1338.30,1355.43,1334.23
8/11/2016,1337.00,1347.25,1353.43,1336.33
8/10/2016,1340.50,1340.30,1356.88,1340.30
8/09/2016,1340.70,1335.25,1342.53,1330.78
8/08/2016,1333.00,1332.80,1338.43,1330.23
8/07/2016,1336.60,1336.60,1336.60,1336.60
8/05/2016,1336.60,1361.35,1364.73,1335.00
8/04/2016,1343.50,1358.00,1364.70,1343.40
8/03/2016,1357.90,1363.50,1366.08,1354.63
8/02/2016,1363.68,1353.30,1366.98,1347.43
8/01/2016,1352.78,1352.90,1354.93,1346.63
7/31/2016,1351.10,1351.10,1351.10,1351.10
7/29/2016,1351.10,1335.75,1355.08,1328.78
7/28/2016,1335.50,1338.55,1345.13,1332.83
7/27/2016,1347.50,1319.60,1347.50,1316.68
7/26/2016,1316.00,1315.40,1323.98,1314.23
7/25/2016,1315.70,1322.30,1323.83,1312.70
7/24/2016,1323.18,1323.18,1323.18,1323.18
7/22/2016,1323.18,1331.00,1333.73,1320.18
7/21/2016,1339.00,1313.80,1339.00,1310.98
7/20/2016,1310.50,1332.40,1335.68,1310.50
7/19/2016,1334.80,1328.70,1334.80,1325.95
7/18/2016,1326.00,1333.25,1334.90,1324.00
7/17/2016,1337.85,1337.85,1337.85,1337.85
7/15/2016,1337.85,1335.95,1338.70,1322.88
7/14/2016,1335.10,1343.50,1347.05,1320.58
7/13/2016,1347.50,1332.15,1347.50,1328.10
7/12/2016,1332.50,1355.70,1357.70,1331.08
7/11/2016,1355.25,1368.80,1374.28,1352.13
7/08/2016,1366.80,1359.45,1367.35,1336.18
7/07/2016,1363.00,1363.00,1370.08,1351.48
7/06/2016,1363.90,1357.05,1375.08,1356.30
7/05/2016,1360.00,1349.25,1360.00,1338.38
7/04/2016,1351.10,1340.45,1357.23,1340.05
7/03/2016,1342.65,1342.65,1342.65,1342.65
7/01/2016,1342.65,1323.05,1344.48,1320.98
6/30/2016,1322.18,1317.90,1323.98,1313.33
6/29/2016,1328.70,1312.10,1328.70,1311.85
6/28/2016,1317.50,1324.50,1326.13,1306.13
6/27/2016,1324.80,1326.25,1335.13,1318.53
6/26/2016,1305.25,1333.75,1333.75,1305.25
6/24/2016,1333.75,1253.10,1358.25,1251.35
6/23/2016,1236.30,1263.80,1270.73,1236.30
6/22/2016,1266.33,1269.80,1270.70,1261.70
6/21/2016,1264.70,1290.20,1293.78,1263.15
6/20/2016,1290.15,1286.03,1292.28,1278.10
6/19/2016,1301.35,1301.35,1301.35,1301.35
6/17/2016,1301.35,1279.25,1301.35,1278.18
6/16/2016,1277.50,1293.45,1314.63,1277.40
6/15/2016,1291.45,1285.00,1296.53,1278.68
6/14/2016,1294.50,1283.45,1294.50,1276.68
6/13/2016,1294.50,1270.15,1294.50,1269.15
6/12/2016,1274.05,1274.05,1274.05,1274.05
6/10/2016,1274.05,1269.50,1277.58,1264.78
6/09/2016,1269.15,1261.80,1271.60,1257.35
6/08/2016,1265.50,1245.10,1265.50,1243.30
6/07/2016,1247.00,1245.25,1247.00,1235.10
6/06/2016,1248.00,1244.30,1248.63,1240.23
6/05/2016,1244.55,1244.55,1244.55,1244.55
6/03/2016,1244.55,1210.60,1244.90,1207.28
6/02/2016,1212.50,1213.05,1217.73,1209.40
6/01/2016,1214.30,1216.15,1220.08,1206.43
5/31/2016,1215.85,1207.40,1218.23,1207.35
5/30/2016,1205.05,1213.05,1213.50,1200.38
5/29/2016,1207.05,1207.05,1207.05,1207.05
5/27/2016,1207.05,1220.20,1223.28,1207.05
5/26/2016,1221.60,1219.65,1233.25,1218.78
5/25/2016,1223.50,1227.60,1230.03,1217.98
5/24/2016,1226.50,1249.25,1252.03,1226.50
5/23/2016,1250.90,1250.85,1255.83,1243.35
5/22/2016,1252.15,1252.15,1252.15,1252.15
5/20/2016,1252.15,1255.80,1259.73,1249.08
5/19/2016,1256.10,1258.85,1261.33,1244.93
5/18/2016,1258.30,1280.60,1281.43,1255.18
5/17/2016,1280.00,1274.30,1282.08,1270.00
5/16/2016,1277.00,1273.10,1288.13,1271.53
5/15/2016,1278.00,1278.00,1278.00,1278.00
5/13/2016,1278.00,1264.30,1278.85,1264.13
5/12/2016,1277.30,1278.00,1280.70,1263.65
5/11/2016,1272.60,1266.30,1278.93,1265.03
5/10/2016,1266.40,1264.30,1269.53,1257.83
5/09/2016,1263.80,1284.83,1287.38,1261.63
5/08/2016,1288.70,1288.70,1288.70,1288.70
5/06/2016,1288.70,1277.80,1295.20,1274.70
5/05/2016,1278.50,1279.95,1286.00,1269.33
5/04/2016,1270.00,1285.83,1289.48,1270.00
5/03/2016,1286.00,1292.33,1301.73,1283.03
5/02/2016,1298.70,1292.70,1303.68,1288.03
5/01/2016,1279.50,1279.50,1279.50,1279.50
4/29/2016,1279.50,1266.20,1296.03,1265.18
4/28/2016,1266.28,1245.60,1269.73,1238.48
4/27/2016,1246.58,1243.05,1250.70,1240.73
4/26/2016,1242.60,1238.15,1244.18,1231.65
4/25/2016,1234.80,1232.33,1242.08,1230.40
4/24/2016,1227.50,1227.50,1227.50,1227.50
4/22/2016,1227.50,1248.30,1252.03,1227.50
4/21/2016,1248.85,1244.10,1270.23,1243.50
4/20/2016,1244.30,1249.88,1257.63,1242.75
4/19/2016,1250.50,1232.03,1256.68,1227.93
4/18/2016,1231.55,1235.20,1241.73,1230.73
4/17/2016,1237.35,1237.35,1237.35,1237.35
4/15/2016,1237.35,1227.30,1237.35,1225.48
4/14/2016,1223.88,1242.73,1243.63,1221.55
4/13/2016,1240.00,1255.85,1256.73,1239.15
4/12/2016,1253.20,1256.80,1262.13,1251.73
4/11/2016,1257.95,1245.35,1258.45,1244.15
4/08/2016,1240.60,1239.50,1242.63,1229.83
4/07/2016,1240.85,1223.20,1243.28,1222.88
4/06/2016,1226.00,1230.50,1232.13,1217.88
4/05/2016,1221.60,1215.95,1236.23,1214.93
4/04/2016,1213.90,1220.20,1222.68,1213.90
4/03/2016,1222.45,1222.45,1222.45,1222.45
4/01/2016,1222.45,1231.78,1235.08,1209.28
3/31/2016,1232.70,1226.15,1240.28,1224.40
3/30/2016,1224.00,1241.63,1243.03,1224.00
3/29/2016,1243.30,1221.48,1244.00,1215.58
3/28/2016,1221.05,1216.65,1222.95,1208.93
3/27/2016,1217.25,1217.25,1217.25,1217.25
3/24/2016,1217.25,1222.85,1223.83,1213.13
3/23/2016,1223.23,1248.20,1249.48,1214.45
3/22/2016,1247.68,1243.83,1259.43,1242.68
3/21/2016,1243.73,1254.80,1255.30,1241.13
3/20/2016,1255.65,1255.33,1256.08,1255.08
3/18/2016,1255.38,1258.88,1266.85,1248.03
3/17/2016,1259.48,1259.90,1270.93,1254.73
3/16/2016,1259.90,1233.08,1264.03,1227.28
3/15/2016,1233.03,1235.40,1237.53,1226.78
3/14/2016,1235.60,1251.65,1260.45,1229.48
3/13/2016,1250.85,1248.15,1250.98,1248.15
3/11/2016,1245.75,1270.40,1282.88,1245.75
3/10/2016,1279.50,1252.95,1279.50,1237.55
3/09/2016,1253.00,1261.90,1264.80,1243.88
3/08/2016,1260.00,1266.43,1277.80,1260.00
3/07/2016,1267.75,1259.88,1272.73,1257.33
3/04/2016,1258.05,1262.58,1279.43,1251.88
3/03/2016,1270.10,1241.83,1270.10,1237.68
3/02/2016,1240.10,1231.58,1243.88,1225.00
3/01/2016,1223.45,1239.50,1248.38,1223.25
2/29/2016,1228.03,1218.40,1241.13,1218.18
2/28/2016,1222.75,1222.75,1222.75,1222.75
2/26/2016,1222.75,1232.55,1239.98,1212.43
2/25/2016,1245.80,1226.98,1245.80,1221.80
2/24/2016,1229.55,1227.05,1253.08,1222.13
2/23/2016,1227.28,1209.08,1227.58,1207.58
2/22/2016,1207.00,1225.13,1226.28,1202.20
2/21/2016,1224.10,1224.10,1224.10,1224.10
2/19/2016,1227.85,1231.28,1234.53,1220.18
2/18/2016,1231.50,1208.40,1239.48,1201.08
2/17/2016,1233.50,1203.13,1233.50,1196.00
2/16/2016,1197.95,1208.78,1216.73,1191.40
2/15/2016,1200.90,1232.38,1234.58,1200.90
2/12/2016,1237.10,1248.25,1248.33,1232.63
2/11/2016,1246.60,1197.30,1261.08,1197.25
2/10/2016,1197.80,1189.68,1197.83,1181.68
2/09/2016,1188.95,1190.88,1198.98,1185.83
2/08/2016,1189.23,1168.83,1200.13,1164.58
2/05/2016,1173.40,1155.70,1174.48,1145.73
2/04/2016,1160.00,1141.75,1160.88,1139.88
2/03/2016,1142.50,1128.28,1145.28,1124.68
2/02/2016,1128.98,1128.33,1130.58,1122.93
2/01/2016,1129.00,1116.03,1131.88,1116.03
1/29/2016,1118.18,1115.58,1118.33,1108.95
1/28/2016,1120.00,1125.73,1125.98,1112.08
1/27/2016,1124.20,1120.43,1129.85,1115.13
1/26/2016,1120.05,1108.53,1123.03,1107.18
1/25/2016,1108.10,1097.90,1109.08,1097.38
1/24/2016,1097.68,1097.68,1097.68,1097.68
1/22/2016,1097.68,1101.35,1102.68,1094.48
1/21/2016,1106.20,1101.20,1107.18,1092.93
1/20/2016,1100.50,1088.13,1109.08,1087.73
1/19/2016,1082.20,1089.55,1094.45,1082.20
1/18/2016,1086.50,1090.35,1092.95,1086.50
1/15/2016,1088.95,1078.70,1097.08,1076.50
1/14/2016,1078.30,1093.50,1095.33,1071.63
1/13/2016,1096.00,1087.68,1096.75,1079.93
1/12/2016,1087.20,1095.38,1098.78,1083.68
1/11/2016,1092.80,1107.90,1108.38,1092.80
1/08/2016,1104.10,1108.93,1111.78,1094.28
1/07/2016,1108.40,1093.90,1110.08,1091.68
1/06/2016,1093.58,1077.98,1095.18,1075.48
1/05/2016,1077.35,1073.63,1081.98,1073.18
1/04/2016,1074.20,1065.10,1083.28,1061.98
12/31/2015,1060.83,1061.75,1063.48,1058.58
12/30/2015,1063.20,1069.28,1072.03,1059.55
12/29/2015,1067.30,1069.03,1075.08,1067.30
12/28/2015,1065.90,1076.15,1077.15,1065.90
12/24/2015,1076.05,1070.70,1076.93,1070.43
12/23/2015,1067.80,1073.08,1075.53,1067.80
12/22/2015,1072.40,1078.40,1080.58,1071.95
12/21/2015,1079.80,1066.35,1081.20,1064.05
12/20/2015,1070.30,1070.30,1070.30,1070.30
12/18/2015,1066.00,1051.40,1070.50,1051.20
12/17/2015,1048.30,1072.05,1072.93,1047.45
12/16/2015,1069.00,1061.40,1078.28,1061.33
12/15/2015,1058.10,1061.45,1068.53,1057.25
12/14/2015,1060.50,1073.85,1077.28,1060.43
12/11/2015,1074.10,1071.95,1079.58,1062.73
12/10/2015,1071.68,1072.43,1076.38,1070.08
12/09/2015,1073.50,1074.85,1085.38,1069.83
12/08/2015,1074.88,1071.25,1078.48,1068.08
12/07/2015,1071.30,1084.85,1086.58,1067.93
12/04/2015,1086.98,1063.70,1088.68,1058.63
12/03/2015,1054.00,1054.05,1065.43,1046.43
12/02/2015,1063.95,1069.08,1071.48,1051.03
12/01/2015,1068.80,1064.98,1074.73,1063.38
11/30/2015,1064.75,1058.50,1069.48,1053.48
11/27/2015,1058.20,1072.00,1073.48,1053.23
11/26/2015,1073.10,1071.35,1074.83,1070.30
11/25/2015,1080.00,1075.83,1080.63,1068.13
11/24/2015,1075.78,1069.30,1081.10,1069.15
11/23/2015,1065.00,1074.65,1076.73,1065.00
11/20/2015,1078.80,1082.25,1087.28,1076.05
11/19/2015,1082.20,1071.80,1086.28,1070.03
11/18/2015,1070.80,1071.85,1074.80,1065.88
11/17/2015,1070.25,1083.88,1084.63,1066.03
11/16/2015,1083.03,1088.15,1098.08,1081.63
11/13/2015,1083.70,1083.40,1088.13,1080.73
11/12/2015,1086.60,1087.75,1089.40,1075.35
11/11/2015,1086.23,1090.00,1093.60,1084.23
11/10/2015,1089.90,1092.35,1094.43,1085.68
11/09/2015,1092.13,1090.70,1095.33,1088.73
11/06/2015,1089.85,1104.85,1112.55,1085.70
11/05/2015,1103.95,1108.10,1111.55,1103.10
11/04/2015,1102.00,1118.30,1122.80,1102.00
11/03/2015,1114.20,1134.05,1138.28,1114.20
11/02/2015,1133.55,1141.50,1142.90,1133.18
11/01/2015,1142.05,1142.05,1142.05,1142.05
10/30/2015,1142.05,1145.88,1150.05,1139.58
10/29/2015,1146.78,1157.55,1162.75,1144.78
10/28/2015,1157.50,1167.45,1182.80,1153.05
10/27/2015,1167.25,1164.10,1168.40,1161.28
10/26/2015,1163.50,1163.15,1169.03,1162.55
10/25/2015,1163.05,1163.95,1163.95,1162.50
10/23/2015,1164.45,1166.40,1179.38,1159.63
10/22/2015,1168.50,1167.70,1171.78,1163.23
10/21/2015,1167.10,1176.55,1179.28,1164.23
10/20/2015,1173.50,1170.15,1180.33,1167.50
10/19/2015,1170.75,1176.65,1178.15,1168.75
10/16/2015,1177.55,1182.30,1184.48,1175.08
10/15/2015,1181.30,1184.75,1191.03,1176.63
10/14/2015,1185.73,1168.20,1189.78,1164.58
10/13/2015,1168.90,1168.90,1168.90,1168.90
10/12/2015,1169.90,1155.70,1169.90,1154.95
10/09/2015,1157.53,1139.25,1159.78,1139.25
10/08/2015,1154.00,1143.95,1154.00,1136.73
10/07/2015,1155.00,1147.05,1155.00,1142.63
10/06/2015,1153.90,1135.95,1153.90,1135.25
10/05/2015,1135.75,1137.20,1141.58,1130.38
10/04/2015,1138.13,1138.13,1138.13,1138.13
10/02/2015,1138.13,1113.95,1141.50,1105.30
10/01/2015,1114.08,1115.70,1118.78,1111.58
9/30/2015,1115.00,1127.45,1128.10,1112.23
9/29/2015,1127.25,1132.25,1134.33,1124.63
9/28/2015,1132.05,1145.50,1148.15,1128.33
9/25/2015,1145.80,1150.15,1151.15,1141.28
9/24/2015,1153.05,1132.10,1156.48,1131.95
9/23/2015,1130.40,1124.75,1133.98,1123.55
9/22/2015,1124.65,1132.55,1136.25,1121.73
9/21/2015,1133.40,1139.45,1140.05,1130.68
9/18/2015,1139.40,1131.15,1141.53,1127.65
9/17/2015,1130.85,1119.50,1133.85,1115.88
9/16/2015,1119.55,1105.50,1124.23,1104.15
9/15/2015,1105.40,1109.30,1109.30,1103.48
9/14/2015,1108.80,1107.65,1110.33,1103.75
9/13/2015,1107.90,1107.90,1107.90,1107.90
9/11/2015,1107.90,1111.15,1112.75,1098.75
9/10/2015,1111.65,1107.10,1114.68,1104.40
9/09/2015,1106.10,1122.00,1125.25,1101.73
9/08/2015,1121.80,1120.05,1126.78,1118.80
9/07/2015,1119.30,1123.35,1124.85,1117.50
9/04/2015,1123.00,1125.30,1130.28,1117.73
9/03/2015,1122.00,1133.90,1134.25,1121.10
9/02/2015,1134.05,1139.60,1142.50,1132.75
9/01/2015,1140.00,1137.50,1147.28,1137.30
8/31/2015,1134.50,1134.00,1136.68,1125.93
8/28/2015,1133.98,1125.65,1140.98,1124.13
8/27/2015,1125.85,1126.30,1129.33,1118.73
8/26/2015,1125.55,1140.45,1146.35,1117.93
8/25/2015,1140.65,1153.40,1156.55,1134.95
8/24/2015,1155.15,1164.65,1169.88,1147.13
8/21/2015,1160.15,1153.90,1167.45,1149.18
8/20/2015,1163.00,1133.75,1163.00,1132.85
8/19/2015,1136.60,1118.15,1140.00,1116.55
8/18/2015,1118.00,1118.25,1121.38,1110.43
8/17/2015,1114.30,1114.90,1122.58,1113.75
8/14/2015,1113.70,1115.35,1120.98,1111.98
8/13/2015,1115.05,1125.35,1126.45,1113.73
8/12/2015,1126.60,1109.05,1127.48,1102.03
8/11/2015,1109.03,1104.60,1116.85,1094.65
8/10/2015,1096.50,,1096.50,1096.50
8/09/2015,1094.20,1094.20,1094.20,1094.20
8/07/2015,1094.20,1089.95,1099.53,1083.35
8/06/2015,1089.60,1085.10,1093.88,1083.65
8/05/2015,1083.20,1087.40,1091.63,1083.18
8/04/2015,1082.90,1084.95,1094.53,1081.30
8/03/2015,1086.13,1095.48,1097.50,1085.93
7/31/2015,1094.53,1086.90,1102.98,1080.25
7/30/2015,1087.90,1105.85,1105.85,1083.05
7/29/2015,1114.00,1095.35,1114.00,1090.93
7/28/2015,1100.20,1095.20,1100.20,1091.83
7/27/2015,1094.33,1098.65,1105.05,1089.63
7/26/2015,1099.00,1099.00,1099.00,1099.00
7/24/2015,1099.00,1090.50,1101.58,1077.75
7/23/2015,1090.80,1095.00,1105.63,1087.48
7/22/2015,1094.50,1101.70,1103.30,1087.48
7/21/2015,1101.45,1098.75,1109.88,1097.25
7/20/2015,1108.00,1132.70,1133.25,1089.05
7/17/2015,1134.10,1144.85,1145.75,1131.40
7/16/2015,1139.90,1148.75,1149.45,1139.90
7/15/2015,1149.65,1155.55,1156.95,1144.43
7/14/2015,1155.90,1158.00,1159.13,1153.08
7/13/2015,1158.00,1162.65,1164.30,1151.53
7/10/2015,1163.90,1159.40,1164.93,1157.90
7/09/2015,1159.65,1159.45,1167.03,1156.15
7/08/2015,1158.60,1153.70,1164.68,1147.45
7/07/2015,1164.70,1170.35,1170.35,1148.78
7/06/2015,1170.15,1173.20,1175.10,1163.25
7/03/2015,1168.90,1165.85,1169.93,1165.10
7/02/2015,1172.10,1168.70,1172.10,1157.68
7/01/2015,1168.80,1178.00,1179.30,1167.93