date, value
1999/1/4,1.1825
1999/1/5,1.1774
1999/1/6,1.1622
1999/1/7,1.1706
1999/1/8,1.1577
1999/1/11,1.1498
1999/1/12,1.1564
1999/1/13,1.1663
1999/1/14,1.17
1999/1/15,1.1553
1999/1/19,1.1605
1999/1/20,1.1557
1999/1/21,1.1591
1999/1/22,1.1585
1999/1/25,1.1549
1999/1/26,1.156
1999/1/27,1.1423
1999/1/28,1.1412
1999/1/29,1.1357
1999/2/1,1.1298
1999/2/2,1.1339
1999/2/3,1.13
1999/2/4,1.1328
1999/2/5,1.1259
1999/2/8,1.1324
1999/2/9,1.1303
1999/2/10,1.1326
1999/2/11,1.1233
1999/2/12,1.1275
1999/2/16,1.1205
1999/2/17,1.1245
1999/2/18,1.12
1999/2/19,1.1076
1999/2/22,1.103
1999/2/23,1.101
1999/2/24,1.1
1999/2/25,1.104
1999/2/26,1.1026
1999/3/1,1.0885
1999/3/2,1.0933
1999/3/3,1.0889
1999/3/4,1.0807
1999/3/5,1.0825
1999/3/8,1.0883
1999/3/9,1.0885
1999/3/10,1.0946
1999/3/11,1.103
1999/3/12,1.0907
1999/3/15,1.0933
1999/3/16,1.0996
1999/3/17,1.0994
1999/3/18,1.0966
1999/3/19,1.0893
1999/3/22,1.0911
1999/3/23,1.0911
1999/3/24,1.0888
1999/3/25,1.0841
1999/3/26,1.0765
1999/3/29,1.073
1999/3/30,1.0713
1999/3/31,1.0766
1999/4/1,1.078
1999/4/5,1.0713
1999/4/6,1.0835
1999/4/7,1.0773
1999/4/8,1.0743
1999/4/9,1.0791
1999/4/12,1.0813
1999/4/13,1.0769
1999/4/14,1.08
1999/4/15,1.0703
1999/4/16,1.07
1999/4/19,1.0658
1999/4/20,1.0631
1999/4/21,1.061
1999/4/22,1.0642
1999/4/23,1.0613
1999/4/26,1.0585
1999/4/27,1.0664
1999/4/28,1.0633
1999/4/29,1.0587
1999/4/30,1.058
1999/5/3,1.0571
1999/5/4,1.0623
1999/5/5,1.0755
1999/5/6,1.0799
1999/5/7,1.0756
1999/5/10,1.0785
1999/5/11,1.0714
1999/5/12,1.065
1999/5/13,1.0661
1999/5/14,1.0661
1999/5/17,1.0669
1999/5/18,1.0672
1999/5/19,1.0661
1999/5/20,1.0623
1999/5/21,1.0575
1999/5/24,1.0594
1999/5/25,1.0603
1999/5/26,1.044
1999/5/27,1.0432
1999/5/28,1.041
1999/6/1,1.0452
1999/6/2,1.0355
1999/6/3,1.0324
1999/6/4,1.0372
1999/6/7,1.0288
1999/6/8,1.046
1999/6/9,1.047
1999/6/10,1.0479
1999/6/11,1.0535
1999/6/14,1.0421
1999/6/15,1.0426
1999/6/16,1.0298
1999/6/17,1.0335
1999/6/18,1.0388
1999/6/21,1.0348
1999/6/22,1.0323
1999/6/23,1.033
1999/6/24,1.0421
1999/6/25,1.043
1999/6/28,1.0349
1999/6/29,1.0328
1999/6/30,1.0338
1999/7/1,1.0233
1999/7/2,1.0255
1999/7/6,1.0236
1999/7/7,1.0215
1999/7/8,1.0217
1999/7/9,1.0176
1999/7/12,1.0145
1999/7/13,1.0165
1999/7/14,1.0204
1999/7/15,1.0191
1999/7/16,1.0196
1999/7/19,1.0295
1999/7/20,1.0408
1999/7/21,1.0537
1999/7/22,1.0514
1999/7/23,1.0495
1999/7/26,1.065
1999/7/27,1.0621
1999/7/28,1.0665
1999/7/29,1.0724
1999/7/30,1.0697
1999/8/2,1.0693
1999/8/3,1.0682
1999/8/4,1.0772
1999/8/5,1.0754
1999/8/6,1.0745
1999/8/9,1.0715
1999/8/10,1.0707
1999/8/11,1.0652
1999/8/12,1.0668
1999/8/13,1.0568
1999/8/16,1.058
1999/8/17,1.0512
1999/8/18,1.0519
1999/8/19,1.0638
1999/8/20,1.0665
1999/8/23,1.0493
1999/8/24,1.0531
1999/8/25,1.0416
1999/8/26,1.0435
1999/8/27,1.0457
1999/8/30,1.0466
1999/8/31,1.0573
1999/9/1,1.0586
1999/9/2,1.0679
1999/9/3,1.0613
1999/9/7,1.0586
1999/9/8,1.0592
1999/9/9,1.0541
1999/9/10,1.0363
1999/9/13,1.0417
1999/9/14,1.0352
1999/9/15,1.0392
1999/9/16,1.0378
1999/9/17,1.0408
1999/9/20,1.0352
1999/9/21,1.0488
1999/9/22,1.0436
1999/9/23,1.0485
1999/9/24,1.0442
1999/9/27,1.0469
1999/9/28,1.053
1999/9/29,1.0644
1999/9/30,1.0695
1999/10/1,1.0724
1999/10/4,1.0737
1999/10/5,1.0734
1999/10/6,1.0689
1999/10/7,1.0714
1999/10/8,1.063
1999/10/11,1.0643
1999/10/12,1.0759
1999/10/13,1.0802
1999/10/14,1.0785
1999/10/15,1.0887
1999/10/18,1.083
1999/10/19,1.0832
1999/10/20,1.0739
1999/10/21,1.0806
1999/10/22,1.0684
1999/10/25,1.0667
1999/10/26,1.0587
1999/10/27,1.0505
1999/10/28,1.0512
1999/10/29,1.0541
1999/11/1,1.0503
1999/11/2,1.0518
1999/11/3,1.0484
1999/11/4,1.0372
1999/11/5,1.0419
1999/11/8,1.0384
1999/11/9,1.0402
1999/11/10,1.0442
1999/11/11,1.0412
1999/11/12,1.0315
1999/11/15,1.033
1999/11/16,1.0309
1999/11/17,1.0407
1999/11/18,1.0294
1999/11/19,1.0304
1999/11/22,1.0315
1999/11/23,1.0279
1999/11/24,1.0188
1999/11/26,1.0162
1999/11/29,1.0095
1999/11/30,1.0089
1999/12/1,1.0081
1999/12/2,1.0012
1999/12/3,1.002
1999/12/6,1.0224
1999/12/7,1.0255
1999/12/8,1.0276
1999/12/9,1.0206
1999/12/10,1.0125
1999/12/13,1.0138
1999/12/14,1.0055
1999/12/15,1.0063
1999/12/16,1.0162
1999/12/17,1.0086
1999/12/20,1.0137
1999/12/21,1.0098
1999/12/22,1.0087
1999/12/23,1.0153
1999/12/27,1.0121
1999/12/28,1.0066
1999/12/29,1.004
1999/12/30,1.0066
1999/12/31,1.0088
2000/1/3,1.0088
2000/1/4,1.0301
2000/1/5,1.0315
2000/1/6,1.0315
2000/1/7,1.0296
2000/1/10,1.0254
2000/1/11,1.0331
2000/1/12,1.0308
2000/1/13,1.0252
2000/1/14,1.0142
2000/1/18,1.0135
2000/1/19,1.0125
2000/1/20,1.0175
2000/1/21,1.0085
2000/1/24,1.007
2000/1/25,1.0009
2000/1/26,1.0014
2000/1/27,0.9882
2000/1/28,0.9769
2000/1/31,0.9688
2000/2/1,0.9721
2000/2/2,0.9765
2000/2/3,0.99
2000/2/4,0.9821
2000/2/7,0.98
2000/2/8,0.986
2000/2/9,0.9927
2000/2/10,0.9851
2000/2/11,0.9866
2000/2/14,0.98
2000/2/15,0.981
2000/2/16,0.9865
2000/2/17,0.988
2000/2/18,0.9848
2000/2/22,1.0037
2000/2/23,1.0034
2000/2/24,0.9924
2000/2/25,0.9744
2000/2/28,0.9714
2000/2/29,0.9645
2000/3/1,0.9732
2000/3/2,0.9651
2000/3/3,0.9582
2000/3/6,0.9586
2000/3/7,0.9581
2000/3/8,0.9607
2000/3/9,0.9667
2000/3/10,0.9632
2000/3/13,0.9633
2000/3/14,0.9681
2000/3/15,0.9668
2000/3/16,0.969
2000/3/17,0.9718
2000/3/20,0.9729
2000/3/21,0.9608
2000/3/22,0.9606
2000/3/23,0.9715
2000/3/24,0.9753
2000/3/27,0.9671
2000/3/28,0.9594
2000/3/29,0.9512
2000/3/30,0.9615
2000/3/31,0.9554
2000/4/3,0.9555
2000/4/4,0.9592
2000/4/5,0.9623
2000/4/6,0.9583
2000/4/7,0.9545
2000/4/10,0.9623
2000/4/11,0.959
2000/4/12,0.9587
2000/4/13,0.9528
2000/4/14,0.962
2000/4/17,0.9523
2000/4/18,0.9453
2000/4/19,0.9401
2000/4/20,0.9383
2000/4/24,0.9378
2000/4/25,0.9203
2000/4/26,0.923
2000/4/27,0.9093
2000/4/28,0.9113
2000/5/1,0.9154
2000/5/2,0.9093
2000/5/3,0.8941
2000/5/4,0.8896
2000/5/5,0.8971
2000/5/8,0.8974
2000/5/9,0.9073
2000/5/10,0.9065
2000/5/11,0.9014
2000/5/12,0.918
2000/5/15,0.9112
2000/5/16,0.9003
2000/5/17,0.8948
2000/5/18,0.8945
2000/5/19,0.897
2000/5/22,0.9028
2000/5/23,0.9066
2000/5/24,0.9038
2000/5/25,0.9113
2000/5/26,0.9307
2000/5/30,0.9301
2000/5/31,0.9373
2000/6/1,0.9309
2000/6/2,0.9458
2000/6/5,0.9477
2000/6/6,0.9542
2000/6/7,0.9613
2000/6/8,0.9559
2000/6/9,0.953
2000/6/12,0.9532
2000/6/13,0.9594
2000/6/14,0.9577
2000/6/15,0.9544
2000/6/16,0.9645
2000/6/19,0.9564
2000/6/20,0.9545
2000/6/21,0.9443
2000/6/22,0.9354
2000/6/23,0.9351
2000/6/26,0.9365
2000/6/27,0.9452
2000/6/28,0.941
2000/6/29,0.9515
2000/6/30,0.9525
2000/7/3,0.95
2000/7/5,0.9527
2000/7/6,0.9507
2000/7/7,0.9481
2000/7/10,0.9549
2000/7/11,0.9524
2000/7/12,0.9423
2000/7/13,0.9371
2000/7/14,0.938
2000/7/17,0.9361
2000/7/18,0.9251
2000/7/19,0.9244
2000/7/20,0.933
2000/7/21,0.9369
2000/7/24,0.9332
2000/7/25,0.9382
2000/7/26,0.9429
2000/7/27,0.9314
2000/7/28,0.9231
2000/7/31,0.926
2000/8/1,0.9141
2000/8/2,0.9135
2000/8/3,0.9065
2000/8/4,0.9079
2000/8/7,0.9069
2000/8/8,0.902
2000/8/9,0.9006
2000/8/10,0.9083
2000/8/11,0.9034
2000/8/14,0.9056
2000/8/15,0.913
2000/8/16,0.9158
2000/8/17,0.9162
2000/8/18,0.9063
2000/8/21,0.9016
2000/8/22,0.8963
2000/8/23,0.9016
2000/8/24,0.9024
2000/8/25,0.902
2000/8/28,0.8997
2000/8/29,0.8921
2000/8/30,0.8938
2000/8/31,0.8877
2000/9/1,0.8996
2000/9/5,0.8895
2000/9/6,0.8701
2000/9/7,0.8712
2000/9/8,0.8666
2000/9/11,0.8574
2000/9/12,0.8637
2000/9/13,0.8592
2000/9/14,0.8643
2000/9/15,0.8538
2000/9/18,0.8534
2000/9/19,0.8505
2000/9/20,0.8488
2000/9/21,0.8595
2000/9/22,0.8764
2000/9/25,0.8743
2000/9/26,0.883
2000/9/27,0.8831
2000/9/28,0.8785
2000/9/29,0.8831
2000/10/2,0.8765
2000/10/3,0.8755
2000/10/4,0.8748
2000/10/5,0.869
2000/10/6,0.8683
2000/10/9,0.8683
2000/10/10,0.8717
2000/10/11,0.8682
2000/10/12,0.863
2000/10/13,0.855
2000/10/16,0.8495
2000/10/17,0.854
2000/10/18,0.8389
2000/10/19,0.8432
2000/10/20,0.8414
2000/10/23,0.8357
2000/10/24,0.8355
2000/10/25,0.8271
2000/10/26,0.8295
2000/10/27,0.8389
2000/10/30,0.8405
2000/10/31,0.8485
2000/11/1,0.8613
2000/11/2,0.858
2000/11/3,0.8668
2000/11/6,0.8619
2000/11/7,0.8603
2000/11/8,0.8552
2000/11/9,0.8672
2000/11/10,0.8596
2000/11/13,0.8568
2000/11/14,0.8582
2000/11/15,0.8576
2000/11/16,0.8533
2000/11/17,0.8481
2000/11/20,0.8508
2000/11/21,0.8432
2000/11/22,0.8448
2000/11/24,0.8383
2000/11/27,0.8523
2000/11/28,0.8561
2000/11/29,0.8569
2000/11/30,0.8726
2000/12/1,0.8793
2000/12/4,0.887
2000/12/5,0.8797
2000/12/6,0.8921
2000/12/7,0.8899
2000/12/8,0.8879
2000/12/11,0.8775
2000/12/12,0.8794
2000/12/13,0.8767
2000/12/14,0.8921
2000/12/15,0.8943
2000/12/18,0.8948
2000/12/19,0.8952
2000/12/20,0.9094
2000/12/21,0.9166
2000/12/22,0.9231
2000/12/26,0.9307
2000/12/27,0.9304
2000/12/28,0.9295
2000/12/29,0.9422
2001/1/2,0.951
2001/1/3,0.927
2001/1/4,0.9494
2001/1/5,0.9573
2001/1/8,0.9469
2001/1/9,0.9438
2001/1/10,0.9363
2001/1/11,0.9523
2001/1/12,0.9515
2001/1/16,0.942
2001/1/17,0.9356
2001/1/18,0.9429
2001/1/19,0.9338
2001/1/22,0.9384
2001/1/23,0.9364
2001/1/24,0.9215
2001/1/25,0.9239
2001/1/26,0.9238
2001/1/29,0.9165
2001/1/30,0.9263
2001/1/31,0.9368
2001/2/1,0.938
2001/2/2,0.9358
2001/2/5,0.9373
2001/2/6,0.9311
2001/2/7,0.9283
2001/2/8,0.9178
2001/2/9,0.9244
2001/2/12,0.9316
2001/2/13,0.9195
2001/2/14,0.9176
2001/2/15,0.9047
2001/2/16,0.9141
2001/2/20,0.9121
2001/2/21,0.9087
2001/2/22,0.9048
2001/2/23,0.9173
2001/2/26,0.9104
2001/2/27,0.9186
2001/2/28,0.9232
2001/3/1,0.9298
2001/3/2,0.9354
2001/3/5,0.9284
2001/3/6,0.934
2001/3/7,0.9294
2001/3/8,0.9324
2001/3/9,0.933
2001/3/12,0.9279
2001/3/13,0.9149
2001/3/14,0.9116
2001/3/15,0.8965
2001/3/16,0.8972
2001/3/19,0.899
2001/3/20,0.9093
2001/3/21,0.8956
2001/3/22,0.8886
2001/3/23,0.8901
2001/3/26,0.896
2001/3/27,0.893
2001/3/28,0.886
2001/3/29,0.883
2001/3/30,0.8759
2001/4/2,0.8794
2001/4/3,0.8976
2001/4/4,0.901
2001/4/5,0.8961
2001/4/6,0.9042
2001/4/9,0.8968
2001/4/10,0.8888
2001/4/11,0.888
2001/4/12,0.8915
2001/4/16,0.888
2001/4/17,0.8834
2001/4/18,0.8824
2001/4/19,0.898
2001/4/20,0.9018
2001/4/23,0.8976
2001/4/24,0.8939
2001/4/25,0.8968
2001/4/26,0.9029
2001/4/27,0.8918
2001/4/30,0.8868
2001/5/1,0.8933
2001/5/2,0.8939
2001/5/3,0.8896
2001/5/4,0.8924
2001/5/7,0.8905
2001/5/8,0.8846
2001/5/9,0.8853
2001/5/10,0.8813
2001/5/11,0.8752
2001/5/14,0.8742
2001/5/15,0.8785
2001/5/16,0.8833
2001/5/17,0.8828
2001/5/18,0.8804
2001/5/21,0.8772
2001/5/22,0.8647
2001/5/23,0.8568
2001/5/24,0.856
2001/5/25,0.8604
2001/5/29,0.8552
2001/5/30,0.8568
2001/5/31,0.8458
2001/6/1,0.846
2001/6/4,0.8462
2001/6/5,0.8542
2001/6/6,0.8482
2001/6/7,0.8502
2001/6/8,0.8504
2001/6/11,0.843
2001/6/12,0.8536
2001/6/13,0.8545
2001/6/14,0.8625
2001/6/15,0.861
2001/6/18,0.8612
2001/6/19,0.8535
2001/6/20,0.8547
2001/6/21,0.8548
2001/6/22,0.8571
2001/6/25,0.8591
2001/6/26,0.8631
2001/6/27,0.8593
2001/6/28,0.8439
2001/6/29,0.8493
2001/7/2,0.8471
2001/7/3,0.8477
2001/7/5,0.8369
2001/7/6,0.8469
2001/7/9,0.8512
2001/7/10,0.855
2001/7/11,0.8598
2001/7/12,0.8536
2001/7/13,0.8547
2001/7/16,0.8529
2001/7/17,0.8588
2001/7/18,0.8731
2001/7/19,0.8704
2001/7/20,0.8714
2001/7/23,0.8685
2001/7/24,0.8746
2001/7/25,0.8803
2001/7/26,0.878
2001/7/27,0.8777
2001/7/30,0.8742
2001/7/31,0.8756
2001/8/1,0.881
2001/8/2,0.8834
2001/8/3,0.8839
2001/8/6,0.8816
2001/8/7,0.8774
2001/8/8,0.8802
2001/8/9,0.8921
2001/8/10,0.893
2001/8/13,0.8959
2001/8/14,0.9029
2001/8/15,0.9148
2001/8/16,0.9119
2001/8/17,0.918
2001/8/20,0.9143
2001/8/21,0.9176
2001/8/22,0.9148
2001/8/23,0.9151
2001/8/24,0.9137
2001/8/27,0.9112
2001/8/28,0.9122
2001/8/29,0.909
2001/8/30,0.9161
2001/8/31,0.9125
2001/9/4,0.888
2001/9/5,0.885
2001/9/6,0.8964
2001/9/7,0.9071
2001/9/10,0.8977
2001/9/11,0.9146
2001/9/12,0.9069
2001/9/13,0.9113
2001/9/14,0.921
2001/9/17,0.9235
2001/9/18,0.9273
2001/9/19,0.9275
2001/9/20,0.9273
2001/9/21,0.9147
2001/9/24,0.9167
2001/9/25,0.9223
2001/9/26,0.923
2001/9/27,0.9178
2001/9/28,0.9112
2001/10/1,0.9171
2001/10/2,0.9188
2001/10/3,0.9143
2001/10/4,0.9181
2001/10/5,0.9181
2001/10/8,0.921
2001/10/9,0.9125
2001/10/10,0.9102
2001/10/11,0.9021
2001/10/12,0.911
2001/10/15,0.9086
2001/10/16,0.9082
2001/10/17,0.9035
2001/10/18,0.9039
2001/10/19,0.8987
2001/10/22,0.8919
2001/10/23,0.8903
2001/10/24,0.8936
2001/10/25,0.8923
2001/10/26,0.893
2001/10/29,0.9045
2001/10/30,0.9045
2001/10/31,0.8996
2001/11/1,0.9017
2001/11/2,0.9029
2001/11/5,0.8978
2001/11/6,0.8943
2001/11/7,0.8983
2001/11/8,0.8923
2001/11/9,0.8941
2001/11/12,0.8939
2001/11/13,0.8802
2001/11/14,0.8824
2001/11/15,0.8817
2001/11/16,0.8842
2001/11/19,0.8784
2001/11/20,0.8833
2001/11/21,0.8783
2001/11/23,0.8775
2001/11/26,0.88
2001/11/27,0.8831
2001/11/28,0.8877
2001/11/29,0.8872
2001/11/30,0.8964
2001/12/3,0.8913
2001/12/4,0.8901
2001/12/5,0.8883
2001/12/6,0.8948
2001/12/7,0.8897
2001/12/10,0.8906
2001/12/11,0.8927
2001/12/12,0.8983
2001/12/13,0.893
2001/12/14,0.9031
2001/12/17,0.9019
2001/12/18,0.9033
2001/12/19,0.9007
2001/12/20,0.8997
2001/12/21,0.8886
2001/12/24,0.8772
2001/12/26,0.8802
2001/12/27,0.8829
2001/12/28,0.8851
2001/12/31,0.8898
2002/1/2,0.9033
2002/1/3,0.8981
2002/1/4,0.8943
2002/1/7,0.8934
2002/1/8,0.893
2002/1/9,0.891
2002/1/10,0.8911
2002/1/11,0.8922
2002/1/14,0.8944
2002/1/15,0.8823
2002/1/16,0.8821
2002/1/17,0.8811
2002/1/18,0.8842
2002/1/22,0.8861
2002/1/23,0.8782
2002/1/24,0.8777
2002/1/25,0.8659
2002/1/28,0.8619
2002/1/29,0.8654
2002/1/30,0.8611
2002/1/31,0.8582
2002/2/1,0.8617
2002/2/4,0.8702
2002/2/5,0.8666
2002/2/6,0.8676
2002/2/7,0.8703
2002/2/8,0.8728
2002/2/11,0.8765
2002/2/12,0.877
2002/2/13,0.8712
2002/2/14,0.8737
2002/2/15,0.8734
2002/2/19,0.8766
2002/2/20,0.8691
2002/2/21,0.8698
2002/2/22,0.8756
2002/2/25,0.8689
2002/2/26,0.8638
2002/2/27,0.8654
2002/2/28,0.8688
2002/3/1,0.8652
2002/3/4,0.8694
2002/3/5,0.8716
2002/3/6,0.8764
2002/3/7,0.8814
2002/3/8,0.8739
2002/3/11,0.875
2002/3/12,0.876
2002/3/13,0.8756
2002/3/14,0.8824
2002/3/15,0.8824
2002/3/18,0.8825
2002/3/19,0.8823
2002/3/20,0.8854
2002/3/21,0.8821
2002/3/22,0.8772
2002/3/25,0.8769
2002/3/26,0.8769
2002/3/27,0.8724
2002/3/28,0.8704
2002/4/1,0.8804
2002/4/2,0.879
2002/4/3,0.8808
2002/4/4,0.8781
2002/4/5,0.878
2002/4/8,0.8748
2002/4/9,0.8804
2002/4/10,0.8799
2002/4/11,0.8826
2002/4/12,0.8791
2002/4/15,0.8792
2002/4/16,0.8828
2002/4/17,0.8904
2002/4/18,0.891
2002/4/19,0.8918
2002/4/22,0.8892
2002/4/23,0.8885
2002/4/24,0.8928
2002/4/25,0.8975
2002/4/26,0.9019
2002/4/29,0.9034
2002/4/30,0.8999
2002/5/1,0.9056
2002/5/2,0.9031
2002/5/3,0.9171
2002/5/6,0.9178
2002/5/7,0.9152
2002/5/8,0.9038
2002/5/9,0.9092
2002/5/10,0.9138
2002/5/13,0.9111
2002/5/14,0.9024
2002/5/15,0.9124
2002/5/16,0.9116
2002/5/17,0.9204
2002/5/20,0.9207
2002/5/21,0.9196
2002/5/22,0.9255
2002/5/23,0.9211
2002/5/24,0.9208
2002/5/28,0.9283
2002/5/29,0.9354
2002/5/30,0.937
2002/5/31,0.9338
2002/6/3,0.9404
2002/6/4,0.9392
2002/6/5,0.939
2002/6/6,0.9475
2002/6/7,0.9433
2002/6/10,0.9442
2002/6/11,0.948
2002/6/12,0.9435
2002/6/13,0.9431
2002/6/14,0.9455
2002/6/17,0.944
2002/6/18,0.9515
2002/6/19,0.957
2002/6/20,0.9649
2002/6/21,0.9713
2002/6/24,0.9702
2002/6/25,0.9792
2002/6/26,0.9799
2002/6/27,0.9886
2002/6/28,0.9916
2002/7/1,0.9913
2002/7/2,0.9859
2002/7/3,0.9801
2002/7/5,0.9728
2002/7/8,0.9895
2002/7/9,0.9933
2002/7/10,0.9888
2002/7/11,0.9893
2002/7/12,0.9912
2002/7/15,1.0036
2002/7/16,1.012
2002/7/17,1.007
2002/7/18,1.0112
2002/7/19,1.0117
2002/7/22,1.0082
2002/7/23,0.9885
2002/7/24,0.9951
2002/7/25,1.0044
2002/7/26,0.9869
2002/7/29,0.9806
2002/7/30,0.9832
2002/7/31,0.9771
2002/8/1,0.9844
2002/8/2,0.9864
2002/8/5,0.9799
2002/8/6,0.9662
2002/8/7,0.9749
2002/8/8,0.967
2002/8/9,0.9701
2002/8/12,0.9787
2002/8/13,0.984
2002/8/14,0.9797
2002/8/15,0.982
2002/8/16,0.9847
2002/8/19,0.9762
2002/8/20,0.9788
2002/8/21,0.9804
2002/8/22,0.9688
2002/8/23,0.973
2002/8/26,0.9715
2002/8/27,0.9829
2002/8/28,0.9791
2002/8/29,0.9847
2002/8/30,0.9821
2002/9/3,0.9969
2002/9/4,0.9929
2002/9/5,0.9916
2002/9/6,0.9816
2002/9/9,0.9793
2002/9/10,0.9752
2002/9/11,0.976
2002/9/12,0.9818
2002/9/13,0.9716
2002/9/16,0.9691
2002/9/17,0.9743
2002/9/18,0.9777
2002/9/19,0.9862
2002/9/20,0.9819
2002/9/23,0.9781
2002/9/24,0.9811
2002/9/25,0.9762
2002/9/26,0.976
2002/9/27,0.9802
2002/9/30,0.9874
2002/10/1,0.9825
2002/10/2,0.9865
2002/10/3,0.9876
2002/10/4,0.979
2002/10/7,0.9832
2002/10/8,0.9786
2002/10/9,0.9893
2002/10/10,0.9862
2002/10/11,0.9872
2002/10/14,0.9869
2002/10/15,0.9815
2002/10/16,0.9816
2002/10/17,0.9705
2002/10/18,0.9717
2002/10/21,0.9731
2002/10/22,0.9775
2002/10/23,0.9763
2002/10/24,0.9779
2002/10/25,0.9758
2002/10/28,0.9845
2002/10/29,0.983
2002/10/30,0.9837
2002/10/31,0.99
2002/11/1,0.9961
2002/11/4,0.9979
2002/11/5,0.9998
2002/11/6,1.0032
2002/11/7,1.009
2002/11/8,1.0137
2002/11/11,1.0107
2002/11/12,1.0126
2002/11/13,1.0081
2002/11/14,1.0041
2002/11/15,1.0095
2002/11/18,1.0088
2002/11/19,1.0037
2002/11/20,1.0017
2002/11/21,1.0018
2002/11/22,0.9963
2002/11/25,0.992
2002/11/26,0.9931
2002/11/27,0.9903
2002/11/29,0.9949
2002/12/2,0.9971
2002/12/3,0.9964
2002/12/4,1.0008
2002/12/5,1.0004
2002/12/6,1.0095
2002/12/9,1.0102
2002/12/10,1.0077
2002/12/11,1.0084
2002/12/12,1.0184
2002/12/13,1.0235
2002/12/16,1.0225
2002/12/17,1.028
2002/12/18,1.027
2002/12/19,1.0272
2002/12/20,1.0268
2002/12/23,1.0262
2002/12/24,1.03
2002/12/26,1.0375
2002/12/27,1.044
2002/12/30,1.049
2002/12/31,1.0487
2003/1/2,1.0353
2003/1/3,1.0422
2003/1/6,1.046
2003/1/7,1.041
2003/1/8,1.0494
2003/1/9,1.0487
2003/1/10,1.058
2003/1/13,1.0538
2003/1/14,1.0552
2003/1/15,1.0562
2003/1/16,1.0616
2003/1/17,1.0668
2003/1/21,1.0727
2003/1/22,1.0727
2003/1/23,1.0739
2003/1/24,1.0831
2003/1/27,1.0849
2003/1/28,1.0823
2003/1/29,1.0841
2003/1/30,1.0818
2003/1/31,1.0766
2003/2/3,1.0782
2003/2/4,1.0889
2003/2/5,1.0778
2003/2/6,1.0825
2003/2/7,1.0818
2003/2/10,1.0726
2003/2/11,1.0735
2003/2/12,1.0708
2003/2/13,1.0828
2003/2/14,1.0789
2003/2/18,1.0687
2003/2/19,1.0744
2003/2/20,1.0823
2003/2/21,1.0772
2003/2/24,1.0798
2003/2/25,1.0763
2003/2/26,1.0783
2003/2/27,1.0738
2003/2/28,1.0804
2003/3/3,1.0893
2003/3/4,1.0886
2003/3/5,1.0962
2003/3/6,1.0971
2003/3/7,1.1009
2003/3/10,1.1057
2003/3/11,1.1037
2003/3/12,1.0991
2003/3/13,1.0769
2003/3/14,1.0747
2003/3/17,1.0621
2003/3/18,1.0634
2003/3/19,1.0562
2003/3/20,1.0609
2003/3/21,1.0522
2003/3/24,1.0638
2003/3/25,1.0655
2003/3/26,1.0692
2003/3/27,1.0694
2003/3/28,1.0777
2003/3/31,1.0915
2003/4/1,1.0913
2003/4/2,1.0768
2003/4/3,1.0759
2003/4/4,1.0735
2003/4/7,1.0693
2003/4/8,1.0706
2003/4/9,1.0769
2003/4/10,1.0786
2003/4/11,1.0754
2003/4/14,1.0771
2003/4/15,1.0796
2003/4/16,1.0912
2003/4/17,1.0875
2003/4/21,1.0867
2003/4/22,1.0967
2003/4/23,1.097
2003/4/24,1.1028
2003/4/25,1.1035
2003/4/28,1.0984
2003/4/29,1.1075
2003/4/30,1.1171
2003/5/1,1.1235
2003/5/2,1.1227
2003/5/5,1.1288
2003/5/6,1.1424
2003/5/7,1.1354
2003/5/8,1.1493
2003/5/9,1.1487
2003/5/12,1.1557
2003/5/13,1.1528
2003/5/14,1.1491
2003/5/15,1.1381
2003/5/16,1.1582
2003/5/19,1.1652
2003/5/20,1.1705
2003/5/21,1.1631
2003/5/22,1.1694
2003/5/23,1.1833
2003/5/27,1.1812
2003/5/28,1.1762
2003/5/29,1.1903
2003/5/30,1.1782
2003/6/2,1.1752
2003/6/3,1.173
2003/6/4,1.1637
2003/6/5,1.1832
2003/6/6,1.1693
2003/6/9,1.1708
2003/6/10,1.1669
2003/6/11,1.1752
2003/6/12,1.1767
2003/6/13,1.1853
2003/6/16,1.1823
2003/6/17,1.1779
2003/6/18,1.1688
2003/6/19,1.1717
2003/6/20,1.1603
2003/6/23,1.1554
2003/6/24,1.1503
2003/6/25,1.1531
2003/6/26,1.1416
2003/6/27,1.1422
2003/6/30,1.1504
2003/7/1,1.1559
2003/7/2,1.1536
2003/7/3,1.1491
2003/7/7,1.1311
2003/7/8,1.1313
2003/7/9,1.1345
2003/7/10,1.1374
2003/7/11,1.1294
2003/7/14,1.1269
2003/7/15,1.1169
2003/7/16,1.1211
2003/7/17,1.1201
2003/7/18,1.1266
2003/7/21,1.1343
2003/7/22,1.1325
2003/7/23,1.1484
2003/7/24,1.1471
2003/7/25,1.1507
2003/7/28,1.1488
2003/7/29,1.1437
2003/7/30,1.1347
2003/7/31,1.1229
2003/8/1,1.1271
2003/8/4,1.1359
2003/8/5,1.1385
2003/8/6,1.1329
2003/8/7,1.137
2003/8/8,1.1306
2003/8/11,1.1349
2003/8/12,1.1279
2003/8/13,1.1321
2003/8/14,1.1265
2003/8/15,1.1264
2003/8/18,1.1142
2003/8/19,1.1133
2003/8/20,1.1118
2003/8/21,1.092
2003/8/22,1.0879
2003/8/25,1.087
2003/8/26,1.0853
2003/8/27,1.0878
2003/8/28,1.0878
2003/8/29,1.0979
2003/9/2,1.0807
2003/9/3,1.0845
2003/9/4,1.0943
2003/9/5,1.1102
2003/9/8,1.1062
2003/9/9,1.1224
2003/9/10,1.1209
2003/9/11,1.1205
2003/9/12,1.1286
2003/9/15,1.1279
2003/9/16,1.1172
2003/9/17,1.1283
2003/9/18,1.1253
2003/9/19,1.1372
2003/9/22,1.1455
2003/9/23,1.1437
2003/9/24,1.1493
2003/9/25,1.1484
2003/9/26,1.146
2003/9/29,1.1595
2003/9/30,1.1651
2003/10/1,1.1715
2003/10/2,1.1691
2003/10/3,1.1576
2003/10/6,1.1705
2003/10/7,1.1756
2003/10/8,1.1807
2003/10/9,1.1745
2003/10/10,1.1793
2003/10/13,1.1702
2003/10/14,1.1722
2003/10/15,1.163
2003/10/16,1.1583
2003/10/17,1.1672
2003/10/20,1.1631
2003/10/21,1.1664
2003/10/22,1.1797
2003/10/23,1.1787
2003/10/24,1.1783
2003/10/27,1.1743
2003/10/28,1.1666
2003/10/29,1.1658
2003/10/30,1.1621
2003/10/31,1.1581
2003/11/3,1.1456
2003/11/4,1.1484
2003/11/5,1.1434
2003/11/6,1.1412
2003/11/7,1.1526
2003/11/10,1.1477
2003/11/11,1.1519
2003/11/12,1.163
2003/11/13,1.1732
2003/11/14,1.1775
2003/11/17,1.1747
2003/11/18,1.1968
2003/11/19,1.1874
2003/11/20,1.1909
2003/11/21,1.1913
2003/11/24,1.1768
2003/11/25,1.179
2003/11/26,1.1938
2003/11/28,1.1994
2003/12/1,1.1976
2003/12/2,1.2078
2003/12/3,1.2108
2003/12/4,1.208
2003/12/5,1.2164
2003/12/8,1.2218
2003/12/9,1.2249
2003/12/10,1.2215
2003/12/11,1.2221
2003/12/12,1.2276
2003/12/15,1.2319
2003/12/16,1.2324
2003/12/17,1.2408
2003/12/18,1.2422
2003/12/19,1.2371
2003/12/22,1.2395
2003/12/23,1.2393
2003/12/24,1.2446
2003/12/26,1.2425
2003/12/29,1.2491
2003/12/30,1.2549
2003/12/31,1.2594
2004/1/2,1.2581
2004/1/5,1.2677
2004/1/6,1.2723
2004/1/7,1.2629
2004/1/8,1.2764
2004/1/9,1.2815
2004/1/12,1.2746
2004/1/13,1.2772
2004/1/14,1.2647
2004/1/15,1.2577
2004/1/16,1.2393
2004/1/20,1.2579
2004/1/21,1.2641
2004/1/22,1.2717
2004/1/23,1.2579
2004/1/26,1.2457
2004/1/27,1.2641
2004/1/28,1.2467
2004/1/29,1.2406
2004/1/30,1.2475
2004/2/2,1.2423
2004/2/3,1.254
2004/2/4,1.2535
2004/2/5,1.2546
2004/2/6,1.2704
2004/2/9,1.2697
2004/2/10,1.2669
2004/2/11,1.2831
2004/2/12,1.2808
2004/2/13,1.2733
2004/2/17,1.2841
2004/2/18,1.2685
2004/2/19,1.2714
2004/2/20,1.2537
2004/2/23,1.2552
2004/2/24,1.2682
2004/2/25,1.25
2004/2/26,1.2437
2004/2/27,1.2491
2004/3/1,1.2456
2004/3/2,1.2215
2004/3/3,1.2203
2004/3/4,1.2202
2004/3/5,1.2363
2004/3/8,1.2402
2004/3/9,1.2323
2004/3/10,1.2225
2004/3/11,1.2357
2004/3/12,1.2219
2004/3/15,1.2262
2004/3/16,1.2271
2004/3/17,1.2234
2004/3/18,1.2382
2004/3/19,1.2284
2004/3/22,1.233
2004/3/23,1.2334
2004/3/24,1.2133
2004/3/25,1.2126
2004/3/26,1.2128
2004/3/29,1.2155
2004/3/30,1.2169
2004/3/31,1.2313
2004/4/1,1.2362
2004/4/2,1.2121
2004/4/5,1.2016
2004/4/6,1.2116
2004/4/7,1.2172
2004/4/8,1.2086
2004/4/12,1.2074
2004/4/13,1.1945
2004/4/14,1.1959
2004/4/15,1.198
2004/4/16,1.1985
2004/4/19,1.2022
2004/4/20,1.1864
2004/4/21,1.1839
2004/4/22,1.1903
2004/4/23,1.1847
2004/4/26,1.1863
2004/4/27,1.1922
2004/4/28,1.1836
2004/4/29,1.1959
2004/4/30,1.1973
2004/5/3,1.1941
2004/5/4,1.2097
2004/5/5,1.2174
2004/5/6,1.208
2004/5/7,1.1877
2004/5/10,1.1847
2004/5/11,1.1872
2004/5/12,1.19
2004/5/13,1.1817
2004/5/14,1.1884
2004/5/17,1.2026
2004/5/18,1.1948
2004/5/19,1.2008
2004/5/20,1.196
2004/5/21,1.198
2004/5/24,1.2002
2004/5/25,1.2104
2004/5/26,1.2102
2004/5/27,1.2261
2004/5/28,1.222
2004/6/1,1.2244
2004/6/2,1.2212
2004/6/3,1.2227
2004/6/4,1.228
2004/6/7,1.2319
2004/6/8,1.2267
2004/6/9,1.2047
2004/6/10,1.2105
2004/6/14,1.2055
2004/6/15,1.2157
2004/6/16,1.2011
2004/6/17,1.205
2004/6/18,1.2135
2004/6/21,1.2112
2004/6/22,1.2105
2004/6/23,1.2091
2004/6/24,1.2166
2004/6/25,1.2175
2004/6/28,1.2182
2004/6/29,1.208
2004/6/30,1.2193
2004/7/1,1.2157
2004/7/2,1.2316
2004/7/6,1.2278
2004/7/7,1.237
2004/7/8,1.2382
2004/7/9,1.2413
2004/7/12,1.2404
2004/7/13,1.2326
2004/7/14,1.2378
2004/7/15,1.2354
2004/7/16,1.2451
2004/7/19,1.2439
2004/7/20,1.2329
2004/7/21,1.2257
2004/7/22,1.2255
2004/7/23,1.2092
2004/7/26,1.214
2004/7/27,1.2055
2004/7/28,1.2055
2004/7/29,1.2042
2004/7/30,1.2019
2004/8/2,1.2023
2004/8/3,1.2056
2004/8/4,1.2049
2004/8/5,1.2058
2004/8/6,1.2276
2004/8/9,1.2269
2004/8/10,1.2234
2004/8/11,1.2216
2004/8/12,1.2252
2004/8/13,1.237
2004/8/16,1.2361
2004/8/17,1.2352
2004/8/18,1.2335
2004/8/19,1.2363
2004/8/20,1.2317
2004/8/23,1.2138
2004/8/24,1.208
2004/8/25,1.208
2004/8/26,1.21
2004/8/27,1.2007
2004/8/30,1.2044
2004/8/31,1.2179
2004/9/1,1.2188
2004/9/2,1.2174
2004/9/3,1.2056
2004/9/7,1.2102
2004/9/8,1.2181
2004/9/9,1.2215
2004/9/10,1.2258
2004/9/13,1.2258
2004/9/14,1.2249
2004/9/15,1.2149
2004/9/16,1.2179
2004/9/17,1.2185
2004/9/20,1.2175
2004/9/21,1.2337
2004/9/22,1.2265
2004/9/23,1.2269
2004/9/24,1.2275
2004/9/27,1.2288
2004/9/28,1.2326
2004/9/29,1.2332
2004/9/30,1.2435
2004/10/1,1.2413
2004/10/4,1.2286
2004/10/5,1.2312
2004/10/6,1.2285
2004/10/7,1.2281
2004/10/8,1.2409
2004/10/11,1.2382
2004/10/12,1.2326
2004/10/13,1.2344
2004/10/14,1.2383
2004/10/15,1.2467
2004/10/18,1.2489
2004/10/19,1.2509
2004/10/20,1.2587
2004/10/21,1.2614
2004/10/22,1.268
2004/10/25,1.2804
2004/10/26,1.2764
2004/10/27,1.2709
2004/10/28,1.2744
2004/10/29,1.2794
2004/11/1,1.2751
2004/11/2,1.2741
2004/11/3,1.2821
2004/11/4,1.2868
2004/11/5,1.2963
2004/11/8,1.2917
2004/11/9,1.2897
2004/11/10,1.2887
2004/11/11,1.2904
2004/11/12,1.297
2004/11/15,1.2948
2004/11/16,1.2954
2004/11/17,1.3031
2004/11/18,1.2959
2004/11/19,1.3023
2004/11/22,1.3046
2004/11/23,1.3085
2004/11/24,1.3184
2004/11/26,1.3295
2004/11/29,1.3274
2004/11/30,1.3278
2004/12/1,1.3343
2004/12/2,1.3265
2004/12/3,1.3452
2004/12/6,1.3406
2004/12/7,1.3419
2004/12/8,1.3336
2004/12/9,1.3301
2004/12/10,1.3203
2004/12/13,1.3307
2004/12/14,1.3294
2004/12/15,1.339
2004/12/16,1.3237
2004/12/17,1.3305
2004/12/20,1.3391
2004/12/21,1.337
2004/12/22,1.3387
2004/12/23,1.3511
2004/12/27,1.3614
2004/12/28,1.3611
2004/12/29,1.3607
2004/12/30,1.3633
2004/12/31,1.3552
2005/1/3,1.3465
2005/1/4,1.3278
2005/1/5,1.3259
2005/1/6,1.317
2005/1/7,1.305
2005/1/10,1.3068
2005/1/11,1.3105
2005/1/12,1.325
2005/1/13,1.3217
2005/1/14,1.3107
2005/1/18,1.3013
2005/1/19,1.3007
2005/1/20,1.2959
2005/1/21,1.3039
2005/1/24,1.3055
2005/1/25,1.297
2005/1/26,1.3071
2005/1/27,1.3043
2005/1/28,1.3037
2005/1/31,1.3035
2005/2/1,1.3043
2005/2/2,1.3023
2005/2/3,1.2973
2005/2/4,1.2866
2005/2/7,1.2756
2005/2/8,1.2758
2005/2/9,1.2802
2005/2/10,1.2872
2005/2/11,1.2862
2005/2/14,1.2971
2005/2/15,1.3024
2005/2/16,1.3029
2005/2/17,1.3068
2005/2/18,1.3069
2005/2/22,1.3259
2005/2/23,1.3214
2005/2/24,1.3195
2005/2/25,1.3244
2005/2/28,1.3225
2005/3/1,1.3185
2005/3/2,1.3139
2005/3/3,1.3108
2005/3/4,1.3235
2005/3/7,1.3212
2005/3/8,1.334
2005/3/9,1.3388
2005/3/10,1.3412
2005/3/11,1.3456
2005/3/14,1.3369
2005/3/15,1.3302
2005/3/16,1.3416
2005/3/17,1.3374
2005/3/18,1.3322
2005/3/21,1.3154
2005/3/22,1.3079
2005/3/23,1.2985
2005/3/24,1.2937
2005/3/28,1.2894
2005/3/29,1.2922
2005/3/30,1.2916
2005/3/31,1.2961
2005/4/1,1.2906
2005/4/4,1.2845
2005/4/5,1.2865
2005/4/6,1.2871
2005/4/7,1.2856
2005/4/8,1.293
2005/4/11,1.297
2005/4/12,1.2918
2005/4/13,1.2914
2005/4/14,1.281
2005/4/15,1.2926
2005/4/18,1.3019
2005/4/19,1.3058
2005/4/20,1.3083
2005/4/21,1.3048
2005/4/22,1.3063
2005/4/25,1.3002
2005/4/26,1.2985
2005/4/27,1.2929
2005/4/28,1.2896
2005/4/29,1.2871
2005/5/2,1.2861
2005/5/3,1.287
2005/5/4,1.2944
2005/5/5,1.2957
2005/5/6,1.2816
2005/5/9,1.284
2005/5/10,1.2878
2005/5/11,1.2812
2005/5/12,1.268
2005/5/13,1.2625
2005/5/16,1.2638
2005/5/17,1.2604
2005/5/18,1.2681
2005/5/19,1.2641
2005/5/20,1.2556
2005/5/23,1.2577
2005/5/24,1.2582
2005/5/25,1.2599
2005/5/26,1.2509
2005/5/27,1.2582
2005/5/31,1.2303
2005/6/1,1.2174
2005/6/2,1.2266
2005/6/3,1.2231
2005/6/6,1.2256
2005/6/7,1.2283
2005/6/8,1.2232
2005/6/9,1.2227
2005/6/10,1.2115
2005/6/13,1.2108
2005/6/14,1.2029
2005/6/15,1.2114
2005/6/16,1.2105
2005/6/17,1.2283
2005/6/20,1.2149
2005/6/21,1.2181
2005/6/22,1.2128
2005/6/23,1.2032
2005/6/24,1.2089
2005/6/27,1.2159
2005/6/28,1.2051
2005/6/29,1.207
2005/6/30,1.2099
2005/7/1,1.1953
2005/7/5,1.1909
2005/7/6,1.1931
2005/7/7,1.1949
2005/7/8,1.1964
2005/7/11,1.207
2005/7/12,1.224
2005/7/13,1.2092
2005/7/14,1.208
2005/7/15,1.2032
2005/7/18,1.2048
2005/7/19,1.2032
2005/7/20,1.2137
2005/7/21,1.217
2005/7/22,1.206
2005/7/25,1.2057
2005/7/26,1.2015
2005/7/27,1.2065
2005/7/28,1.2133
2005/7/29,1.2119
2005/8/1,1.2172
2005/8/2,1.219
2005/8/3,1.2334
2005/8/4,1.2382
2005/8/5,1.2358
2005/8/8,1.235
2005/8/9,1.2367
2005/8/10,1.238
2005/8/11,1.2468
2005/8/12,1.2437
2005/8/15,1.2364
2005/8/16,1.2362
2005/8/17,1.2269
2005/8/18,1.217
2005/8/19,1.2148
2005/8/22,1.2229
2005/8/23,1.2234
2005/8/24,1.2271
2005/8/25,1.2297
2005/8/26,1.2284
2005/8/29,1.2233
2005/8/30,1.2216
2005/8/31,1.2343
2005/9/1,1.2493
2005/9/2,1.2528
2005/9/6,1.2466
2005/9/7,1.2415
2005/9/8,1.2398
2005/9/9,1.2403
2005/9/12,1.2283
2005/9/13,1.2263
2005/9/14,1.2286
2005/9/15,1.222
2005/9/16,1.2233
2005/9/19,1.2136
2005/9/20,1.2113
2005/9/21,1.2215
2005/9/22,1.2149
2005/9/23,1.2037
2005/9/26,1.2069
2005/9/27,1.2009
2005/9/28,1.2041
2005/9/29,1.2027
2005/9/30,1.2023
2005/10/3,1.1916
2005/10/4,1.1914
2005/10/5,1.197
2005/10/6,1.2178
2005/10/7,1.2124
2005/10/10,1.2065
2005/10/11,1.1989
2005/10/12,1.2021
2005/10/13,1.2022
2005/10/14,1.2073
2005/10/17,1.2023
2005/10/18,1.1957
2005/10/19,1.1988
2005/10/20,1.2019
2005/10/21,1.195
2005/10/24,1.1982
2005/10/25,1.2103
2005/10/26,1.2067
2005/10/27,1.214
2005/10/28,1.2066
2005/10/31,1.1989
2005/11/1,1.2019
2005/11/2,1.2071
2005/11/3,1.1941
2005/11/4,1.1811
2005/11/7,1.1799
2005/11/8,1.1778
2005/11/9,1.1763
2005/11/10,1.1684
2005/11/11,1.1731
2005/11/14,1.1684
2005/11/15,1.172
2005/11/16,1.1669
2005/11/17,1.1746
2005/11/18,1.1772
2005/11/21,1.1726
2005/11/22,1.1813
2005/11/23,1.1818
2005/11/25,1.172
2005/11/28,1.1849
2005/11/29,1.1777
2005/11/30,1.1789
2005/12/1,1.1732
2005/12/2,1.1713
2005/12/5,1.1785
2005/12/6,1.1778
2005/12/7,1.1722
2005/12/8,1.1821
2005/12/9,1.1811
2005/12/12,1.195
2005/12/13,1.1943
2005/12/14,1.1996
2005/12/15,1.1976
2005/12/16,1.2012
2005/12/19,1.2003
2005/12/20,1.1854
2005/12/21,1.1837
2005/12/22,1.1863
2005/12/23,1.1863
2005/12/27,1.1824
2005/12/28,1.1834
2005/12/29,1.1837
2005/12/30,1.1846
2006/1/3,1.2015
2006/1/4,1.2124
2006/1/5,1.2103
2006/1/6,1.215
2006/1/9,1.2081
2006/1/10,1.2065
2006/1/11,1.2125
2006/1/12,1.2035
2006/1/13,1.2135
2006/1/17,1.2105
2006/1/18,1.2105
2006/1/19,1.2099
2006/1/20,1.2136
2006/1/23,1.2306
2006/1/24,1.228
2006/1/25,1.2241
2006/1/26,1.2202
2006/1/27,1.2101
2006/1/30,1.2087
2006/1/31,1.2155
2006/2/1,1.2057
2006/2/2,1.2097
2006/2/3,1.202
2006/2/6,1.1964
2006/2/7,1.1977
2006/2/8,1.1956
2006/2/9,1.1976
2006/2/10,1.19
2006/2/13,1.1897
2006/2/14,1.1914
2006/2/15,1.1888
2006/2/16,1.1906
2006/2/17,1.193
2006/2/21,1.1912
2006/2/22,1.191
2006/2/23,1.1921
2006/2/24,1.1875
2006/2/27,1.1848
2006/2/28,1.1916
2006/3/1,1.1914
2006/3/2,1.204
2006/3/3,1.2039
2006/3/6,1.2018
2006/3/7,1.1882
2006/3/8,1.1923
2006/3/9,1.1914
2006/3/10,1.1914
2006/3/13,1.1958
2006/3/14,1.2015
2006/3/15,1.2069
2006/3/16,1.218
2006/3/17,1.2188
2006/3/20,1.2167
2006/3/21,1.2092
2006/3/22,1.2073
2006/3/23,1.1969
2006/3/24,1.2035
2006/3/27,1.2013
2006/3/28,1.2002
2006/3/29,1.2025
2006/3/30,1.217
2006/3/31,1.2113
2006/4/3,1.2136
2006/4/4,1.2256
2006/4/5,1.2289
2006/4/6,1.2231
2006/4/7,1.2088
2006/4/10,1.2106
2006/4/11,1.2146
2006/4/12,1.2102
2006/4/13,1.211
2006/4/17,1.2255
2006/4/18,1.2347
2006/4/19,1.2381
2006/4/20,1.2315
2006/4/21,1.234
2006/4/24,1.2385
2006/4/25,1.2433
2006/4/26,1.2451
2006/4/27,1.2528
2006/4/28,1.2631
2006/5/1,1.2586
2006/5/2,1.2609
2006/5/3,1.2631
2006/5/4,1.2691
2006/5/5,1.2722
2006/5/8,1.2709
2006/5/9,1.2757
2006/5/10,1.2781
2006/5/11,1.2835
2006/5/12,1.2933
2006/5/15,1.2793
2006/5/16,1.2854
2006/5/17,1.2746
2006/5/18,1.2843
2006/5/19,1.2774
2006/5/22,1.2866
2006/5/23,1.2819
2006/5/24,1.2754
2006/5/25,1.2803
2006/5/26,1.2736
2006/5/30,1.2874
2006/5/31,1.2813
2006/6/1,1.2808
2006/6/2,1.2916
2006/6/5,1.2899
2006/6/6,1.2817
2006/6/7,1.2785
2006/6/8,1.2651
2006/6/9,1.2636
2006/6/12,1.2584
2006/6/13,1.2534
2006/6/14,1.2598
2006/6/15,1.2633
2006/6/16,1.2642
2006/6/19,1.2573
2006/6/20,1.2577
2006/6/21,1.2667
2006/6/22,1.2576
2006/6/23,1.2507
2006/6/26,1.2585
2006/6/27,1.2579
2006/6/28,1.255
2006/6/29,1.2659
2006/6/30,1.2784
2006/7/3,1.2796
2006/7/5,1.272
2006/7/6,1.2775
2006/7/7,1.2808
2006/7/10,1.2735
2006/7/11,1.2773
2006/7/12,1.2699
2006/7/13,1.2687
2006/7/14,1.265
2006/7/17,1.2518
2006/7/18,1.2506
2006/7/19,1.2585
2006/7/20,1.2625
2006/7/21,1.2694
2006/7/24,1.2635
2006/7/25,1.2578
2006/7/26,1.2712
2006/7/27,1.2698
2006/7/28,1.2759
2006/7/31,1.2765
2006/8/1,1.2825
2006/8/2,1.2787
2006/8/3,1.28
2006/8/4,1.2868
2006/8/7,1.2839
2006/8/8,1.2868
2006/8/9,1.2863
2006/8/10,1.2793
2006/8/11,1.2719
2006/8/14,1.2714
2006/8/15,1.2783
2006/8/16,1.2839
2006/8/17,1.2827
2006/8/18,1.2823
2006/8/21,1.2889
2006/8/22,1.2802
2006/8/23,1.2786
2006/8/24,1.2764
2006/8/25,1.2753
2006/8/28,1.2779
2006/8/29,1.2824
2006/8/30,1.2832
2006/8/31,1.2815
2006/9/1,1.2835
2006/9/5,1.2814
2006/9/6,1.2805
2006/9/7,1.2727
2006/9/8,1.2678
2006/9/11,1.2702
2006/9/12,1.2689
2006/9/13,1.2689
2006/9/14,1.2725
2006/9/15,1.2668
2006/9/18,1.2706
2006/9/19,1.2677
2006/9/20,1.2685
2006/9/21,1.2778
2006/9/22,1.2784
2006/9/25,1.2747
2006/9/26,1.269
2006/9/27,1.2701
2006/9/28,1.2701
2006/9/29,1.268
2006/10/2,1.2739
2006/10/3,1.2732
2006/10/4,1.2714
2006/10/5,1.2691
2006/10/6,1.2603
2006/10/9,1.2598
2006/10/10,1.2538
2006/10/11,1.2517
2006/10/12,1.2555
2006/10/13,1.2511
2006/10/16,1.2533
2006/10/17,1.2547
2006/10/18,1.2531
2006/10/19,1.2626
2006/10/20,1.2615
2006/10/23,1.2556
2006/10/24,1.2559
2006/10/25,1.26
2006/10/26,1.2694
2006/10/27,1.274
2006/10/30,1.2725
2006/10/31,1.2765
2006/11/1,1.2759
2006/11/2,1.2779
2006/11/3,1.272
2006/11/6,1.2726
2006/11/7,1.2776
2006/11/8,1.2757
2006/11/9,1.2831
2006/11/10,1.2842
2006/11/13,1.2807
2006/11/14,1.2811
2006/11/15,1.2829
2006/11/16,1.2795
2006/11/17,1.2843
2006/11/20,1.2816
2006/11/21,1.2844
2006/11/22,1.2941
2006/11/24,1.3098
2006/11/27,1.3133
2006/11/28,1.3201
2006/11/29,1.3155
2006/11/30,1.3242
2006/12/1,1.3335
2006/12/4,1.3343
2006/12/5,1.3317
2006/12/6,1.3285
2006/12/7,1.3287
2006/12/8,1.3202
2006/12/11,1.3238
2006/12/12,1.3286
2006/12/13,1.3213
2006/12/14,1.3143
2006/12/15,1.3075
2006/12/18,1.3098
2006/12/19,1.3197
2006/12/20,1.3177
2006/12/21,1.3176
2006/12/22,1.3129
2006/12/26,1.3097
2006/12/27,1.3115
2006/12/28,1.3151
2006/12/29,1.32
2007/1/3,1.3169
2007/1/4,1.3085
2007/1/5,1.3006
2007/1/8,1.3023
2007/1/9,1.3002
2007/1/10,1.2936
2007/1/11,1.2893
2007/1/12,1.2924
2007/1/16,1.2918
2007/1/17,1.2936
2007/1/18,1.2963
2007/1/19,1.2957
2007/1/22,1.2948
2007/1/23,1.3027
2007/1/24,1.2972
2007/1/25,1.2931
2007/1/26,1.2927
2007/1/29,1.2957
2007/1/30,1.297
2007/1/31,1.3032
2007/2/1,1.3022
2007/2/2,1.2959
2007/2/5,1.2928
2007/2/6,1.2984
2007/2/7,1.3012
2007/2/8,1.3041
2007/2/9,1.3007
2007/2/12,1.2967
2007/2/13,1.3038
2007/2/14,1.3131
2007/2/15,1.3141
2007/2/16,1.3143
2007/2/20,1.3138
2007/2/21,1.314
2007/2/22,1.3125
2007/2/23,1.3167
2007/2/26,1.3188
2007/2/27,1.3243
2007/2/28,1.3228
2007/3/1,1.3188
2007/3/2,1.3196
2007/3/5,1.3093
2007/3/6,1.3129
2007/3/7,1.3177
2007/3/8,1.3132
2007/3/9,1.3152
2007/3/12,1.3188
2007/3/13,1.3196
2007/3/14,1.3217
2007/3/15,1.3236
2007/3/16,1.3303
2007/3/19,1.33
2007/3/20,1.3316
2007/3/21,1.3384
2007/3/22,1.333
2007/3/23,1.3283
2007/3/26,1.3331
2007/3/27,1.335
2007/3/28,1.3317
2007/3/29,1.3331
2007/3/30,1.3354
2007/4/2,1.3365
2007/4/3,1.3332
2007/4/4,1.3372
2007/4/5,1.3421
2007/4/9,1.3355
2007/4/10,1.3434
2007/4/11,1.343
2007/4/12,1.3486
2007/4/13,1.3528
2007/4/16,1.3528
2007/4/17,1.3572
2007/4/18,1.3608
2007/4/19,1.3609
2007/4/20,1.3589
2007/4/23,1.3575
2007/4/24,1.3639
2007/4/25,1.3638
2007/4/26,1.3586
2007/4/27,1.365
2007/4/30,1.3643
2007/5/1,1.3602
2007/5/2,1.3588
2007/5/3,1.3552
2007/5/4,1.359
2007/5/7,1.3596
2007/5/8,1.3541
2007/5/9,1.3529
2007/5/10,1.3483
2007/5/11,1.3521
2007/5/14,1.3541
2007/5/15,1.3591
2007/5/16,1.352
2007/5/17,1.3492
2007/5/18,1.3507
2007/5/21,1.3464
2007/5/22,1.3448
2007/5/23,1.3459
2007/5/24,1.3427
2007/5/25,1.3442
2007/5/29,1.3447
2007/5/30,1.3425
2007/5/31,1.3453
2007/6/1,1.3447
2007/6/4,1.3489
2007/6/5,1.3518
2007/6/6,1.3501
2007/6/7,1.3427
2007/6/8,1.3372
2007/6/11,1.3358
2007/6/12,1.3303
2007/6/13,1.3311
2007/6/14,1.3311
2007/6/15,1.3387
2007/6/18,1.3415
2007/6/19,1.3423
2007/6/20,1.3406
2007/6/21,1.3385
2007/6/22,1.3468
2007/6/25,1.3461
2007/6/26,1.3454
2007/6/27,1.345
2007/6/28,1.3442
2007/6/29,1.3541
2007/7/2,1.3624
2007/7/3,1.361
2007/7/5,1.3595
2007/7/6,1.3627
2007/7/9,1.363
2007/7/10,1.3748
2007/7/11,1.3743
2007/7/12,1.3793
2007/7/13,1.3781
2007/7/16,1.377
2007/7/17,1.3787
2007/7/18,1.3803
2007/7/19,1.3795
2007/7/20,1.3826
2007/7/23,1.3812
2007/7/24,1.3826
2007/7/25,1.3723
2007/7/26,1.3741
2007/7/27,1.3635
2007/7/30,1.3691
2007/7/31,1.367
2007/8/1,1.3672
2007/8/2,1.37
2007/8/3,1.3773
2007/8/6,1.3785
2007/8/7,1.374
2007/8/8,1.3796
2007/8/9,1.3676
2007/8/10,1.3691
2007/8/13,1.3611
2007/8/14,1.3532
2007/8/15,1.3423
2007/8/16,1.3423
2007/8/17,1.3474
2007/8/20,1.3474
2007/8/21,1.346
2007/8/22,1.3543
2007/8/23,1.3565
2007/8/24,1.3674
2007/8/27,1.3641
2007/8/28,1.3601
2007/8/29,1.3676
2007/8/30,1.3635
2007/8/31,1.3628
2007/9/4,1.3603
2007/9/5,1.3647
2007/9/6,1.3688
2007/9/7,1.3766
2007/9/10,1.3797
2007/9/11,1.3837
2007/9/12,1.3902
2007/9/13,1.3863
2007/9/14,1.3873
2007/9/17,1.3866
2007/9/18,1.3981
2007/9/19,1.3958
2007/9/20,1.4069
2007/9/21,1.4089
2007/9/24,1.4087
2007/9/25,1.4141
2007/9/26,1.4128
2007/9/27,1.4149
2007/9/28,1.4266
2007/10/1,1.4232
2007/10/2,1.415
2007/10/3,1.4087
2007/10/4,1.413
2007/10/5,1.4134
2007/10/8,1.4057
2007/10/9,1.4101
2007/10/10,1.4146
2007/10/11,1.4198
2007/10/12,1.4176
2007/10/15,1.421
2007/10/16,1.4165
2007/10/17,1.4202
2007/10/18,1.4293
2007/10/19,1.43
2007/10/22,1.4177
2007/10/23,1.4263
2007/10/24,1.4266
2007/10/25,1.4326
2007/10/26,1.4391
2007/10/29,1.4424
2007/10/30,1.4429
2007/10/31,1.448
2007/11/1,1.442
2007/11/2,1.4503
2007/11/5,1.4464
2007/11/6,1.4555
2007/11/7,1.4642
2007/11/8,1.4671
2007/11/9,1.4667
2007/11/12,1.4534
2007/11/13,1.4604
2007/11/14,1.4653
2007/11/15,1.462
2007/11/16,1.4663
2007/11/19,1.4663
2007/11/20,1.4821
2007/11/21,1.4854
2007/11/23,1.4836
2007/11/26,1.4878
2007/11/27,1.4821
2007/11/28,1.4831
2007/11/29,1.474
2007/11/30,1.4628
2007/12/3,1.467
2007/12/4,1.4765
2007/12/5,1.4614
2007/12/6,1.4627
2007/12/7,1.4653
2007/12/10,1.4713
2007/12/11,1.4655
2007/12/12,1.4704
2007/12/13,1.4632
2007/12/14,1.4422
2007/12/17,1.4398
2007/12/18,1.4407
2007/12/19,1.4377
2007/12/20,1.4318
2007/12/21,1.4356
2007/12/24,1.4398
2007/12/26,1.449
2007/12/27,1.4611
2007/12/28,1.4714
2007/12/31,1.4588
2008/1/2,1.4726
2008/1/3,1.4743
2008/1/4,1.4751
2008/1/7,1.4685
2008/1/8,1.4707
2008/1/9,1.4662
2008/1/10,1.4805
2008/1/11,1.4776
2008/1/14,1.4867
2008/1/15,1.48
2008/1/16,1.4649
2008/1/17,1.4641
2008/1/18,1.4615
2008/1/22,1.4637
2008/1/23,1.4628
2008/1/24,1.4757
2008/1/25,1.4671
2008/1/28,1.4786
2008/1/29,1.4773
2008/1/30,1.4878
2008/1/31,1.4863
2008/2/1,1.4798
2008/2/4,1.4826
2008/2/5,1.4648
2008/2/6,1.4612
2008/2/7,1.4483
2008/2/8,1.4511
2008/2/11,1.4525
2008/2/12,1.4581
2008/2/13,1.4569
2008/2/14,1.4637
2008/2/15,1.4677
2008/2/19,1.4727
2008/2/20,1.4711
2008/2/21,1.4807
2008/2/22,1.4829
2008/2/25,1.4826
2008/2/26,1.4983
2008/2/27,1.5115
2008/2/28,1.5213
2008/2/29,1.518
2008/3/3,1.5204
2008/3/4,1.521
2008/3/5,1.5268
2008/3/6,1.5387
2008/3/7,1.5344
2008/3/10,1.5339
2008/3/11,1.533
2008/3/12,1.5551
2008/3/13,1.564
2008/3/14,1.5671
2008/3/17,1.5728
2008/3/18,1.5624
2008/3/19,1.5626
2008/3/20,1.5437
2008/3/24,1.5424
2008/3/25,1.5629
2008/3/26,1.5846
2008/3/27,1.5783
2008/3/28,1.5794
2008/3/31,1.5771
2008/4/1,1.5607
2008/4/2,1.5691
2008/4/3,1.5682
2008/4/4,1.5738
2008/4/7,1.5701
2008/4/8,1.5699
2008/4/9,1.5829
2008/4/10,1.5742
2008/4/11,1.5802
2008/4/14,1.5843
2008/4/15,1.5791
2008/4/16,1.5946
2008/4/17,1.5897
2008/4/18,1.5813
2008/4/21,1.5906
2008/4/22,1.5994
2008/4/23,1.5889
2008/4/24,1.5678
2008/4/25,1.5628
2008/4/28,1.5658
2008/4/29,1.5564
2008/4/30,1.5619
2008/5/1,1.5469
2008/5/2,1.5423
2008/5/5,1.5493
2008/5/6,1.5529
2008/5/7,1.5387
2008/5/8,1.5402
2008/5/9,1.5481
2008/5/12,1.5545
2008/5/13,1.546
2008/5/14,1.5475
2008/5/15,1.5439
2008/5/16,1.5575
2008/5/19,1.5514
2008/5/20,1.5654
2008/5/21,1.5795
2008/5/22,1.5729
2008/5/23,1.576
2008/5/27,1.5682
2008/5/28,1.5639
2008/5/29,1.5515
2008/5/30,1.5554
2008/6/2,1.5541
2008/6/3,1.5441
2008/6/4,1.5431
2008/6/5,1.5587
2008/6/6,1.5776
2008/6/9,1.5642
2008/6/10,1.5461
2008/6/11,1.5552
2008/6/12,1.5447
2008/6/13,1.538
2008/6/16,1.5467
2008/6/17,1.5507
2008/6/18,1.5524
2008/6/19,1.5502
2008/6/20,1.5604
2008/6/23,1.552
2008/6/24,1.5567
2008/6/25,1.5668
2008/6/26,1.5756
2008/6/27,1.5793
2008/6/30,1.5755
2008/7/1,1.5791
2008/7/2,1.5879
2008/7/3,1.5694
2008/7/7,1.572
2008/7/8,1.5667
2008/7/9,1.574
2008/7/10,1.5785
2008/7/11,1.5936
2008/7/14,1.5904
2008/7/15,1.5917
2008/7/16,1.5822
2008/7/17,1.5864
2008/7/18,1.5846
2008/7/21,1.5924
2008/7/22,1.5781
2008/7/23,1.5689
2008/7/24,1.5678
2008/7/25,1.5708
2008/7/28,1.5742
2008/7/29,1.5584
2008/7/30,1.5574
2008/7/31,1.5599
2008/8/1,1.5562
2008/8/4,1.5575
2008/8/5,1.5456
2008/8/6,1.541
2008/8/7,1.5324
2008/8/8,1.5004
2008/8/11,1.4897
2008/8/12,1.4917
2008/8/13,1.4922
2008/8/14,1.4807
2008/8/15,1.4686
2008/8/18,1.4695
2008/8/19,1.4792
2008/8/20,1.4738
2008/8/21,1.4904
2008/8/22,1.4792
2008/8/25,1.4752
2008/8/26,1.4649
2008/8/27,1.4714
2008/8/28,1.4694
2008/8/29,1.4671
2008/9/2,1.4515
2008/9/3,1.4488
2008/9/4,1.4231
2008/9/5,1.4267
2008/9/8,1.4127
2008/9/9,1.4129
2008/9/10,1.3968
2008/9/11,1.4025
2008/9/12,1.4221
2008/9/15,1.4263
2008/9/16,1.4132
2008/9/17,1.4304
2008/9/18,1.4316
2008/9/19,1.4466
2008/9/22,1.4789
2008/9/23,1.4645
2008/9/24,1.4612
2008/9/25,1.4617
2008/9/26,1.4612
2008/9/29,1.442
2008/9/30,1.4111
2008/10/1,1.401
2008/10/2,1.3819
2008/10/3,1.377
2008/10/6,1.3487
2008/10/7,1.3592
2008/10/8,1.3631
2008/10/9,1.3589
2008/10/10,1.3407
2008/10/13,1.3586
2008/10/14,1.3622
2008/10/15,1.3462
2008/10/16,1.3476
2008/10/17,1.3407
2008/10/20,1.3349
2008/10/21,1.3056
2008/10/22,1.2851
2008/10/23,1.2991
2008/10/24,1.2622
2008/10/27,1.2458
2008/10/28,1.2719
2008/10/29,1.2962
2008/10/30,1.2909
2008/10/31,1.2726
2008/11/3,1.2646
2008/11/4,1.3034
2008/11/5,1.2953
2008/11/6,1.2693
2008/11/7,1.2762
2008/11/10,1.2728
2008/11/11,1.2517
2008/11/12,1.2473
2008/11/13,1.279
2008/11/14,1.2689
2008/11/17,1.2646
2008/11/18,1.2624
2008/11/19,1.2521
2008/11/20,1.2464
2008/11/21,1.2574
2008/11/24,1.2909
2008/11/25,1.3058
2008/11/26,1.2887
2008/11/28,1.2698
2008/12/1,1.2622
2008/12/2,1.271
2008/12/3,1.2706
2008/12/4,1.2776
2008/12/5,1.2716
2008/12/8,1.2944
2008/12/9,1.2914
2008/12/10,1.3011
2008/12/11,1.3355
2008/12/12,1.3374
2008/12/15,1.37
2008/12/16,1.406
2008/12/17,1.4387
2008/12/18,1.4215
2008/12/19,1.3921
2008/12/22,1.3945
2008/12/23,1.3947
2008/12/24,1.4007
2008/12/26,1.4058
2008/12/29,1.3971
2008/12/30,1.4071
2008/12/31,1.3977
2009/1/2,1.3852
2009/1/5,1.3615
2009/1/6,1.3523
2009/1/7,1.3635
2009/1/8,1.3711
2009/1/9,1.3427
2009/1/12,1.3366
2009/1/13,1.3194
2009/1/14,1.3175
2009/1/15,1.3141
2009/1/16,1.3288
2009/1/20,1.2888
2009/1/21,1.3056
2009/1/22,1.3
2009/1/23,1.2983
2009/1/26,1.318
2009/1/27,1.3148
2009/1/28,1.3142
2009/1/29,1.2948
2009/1/30,1.2803
2009/2/2,1.2842
2009/2/3,1.3036
2009/2/4,1.2839
2009/2/5,1.2781
2009/2/6,1.2924
2009/2/9,1.3014
2009/2/10,1.2894
2009/2/11,1.2897
2009/2/12,1.2868
2009/2/13,1.2887
2009/2/17,1.26
2009/2/18,1.2537
2009/2/19,1.2666
2009/2/20,1.2833
2009/2/23,1.2697
2009/2/24,1.2838
2009/2/25,1.2706
2009/2/26,1.2727
2009/2/27,1.2676
2009/3/2,1.2576
2009/3/3,1.2562
2009/3/4,1.2647
2009/3/5,1.2556
2009/3/6,1.2635
2009/3/9,1.2606
2009/3/10,1.2674
2009/3/11,1.2828
2009/3/12,1.2913
2009/3/13,1.2927
2009/3/16,1.2975
2009/3/17,1.3015
2009/3/18,1.3509
2009/3/19,1.3662
2009/3/20,1.358
2009/3/23,1.3629
2009/3/24,1.3458
2009/3/25,1.3583
2009/3/26,1.3521
2009/3/27,1.3285
2009/3/30,1.3203
2009/3/31,1.3247
2009/4/1,1.3233
2009/4/2,1.3459
2009/4/3,1.3482
2009/4/6,1.3406
2009/4/7,1.3267
2009/4/8,1.3261
2009/4/9,1.3164
2009/4/13,1.3363
2009/4/14,1.3251
2009/4/15,1.3219
2009/4/16,1.3172
2009/4/17,1.3044
2009/4/20,1.2915
2009/4/21,1.2933
2009/4/22,1.2998
2009/4/23,1.3147
2009/4/24,1.324
2009/4/27,1.3011
2009/4/28,1.3146
2009/4/29,1.3261
2009/4/30,1.3226
2009/5/1,1.3269
2009/5/4,1.341
2009/5/5,1.3312
2009/5/6,1.3317
2009/5/7,1.3398
2009/5/8,1.3634
2009/5/11,1.3573
2009/5/12,1.3642
2009/5/13,1.36
2009/5/14,1.3633
2009/5/15,1.3493
2009/5/18,1.3558
2009/5/19,1.3628
2009/5/20,1.3766
2009/5/21,1.3895
2009/5/22,1.3996
2009/5/26,1.3989
2009/5/27,1.3833
2009/5/28,1.3938
2009/5/29,1.4157
2009/6/1,1.4157
2009/6/2,1.4302
2009/6/3,1.4149
2009/6/4,1.4186
2009/6/5,1.3967
2009/6/8,1.3896
2009/6/9,1.4068
2009/6/10,1.3976
2009/6/11,1.4105
2009/6/12,1.4015
2009/6/15,1.3788
2009/6/16,1.3834
2009/6/17,1.3946
2009/6/18,1.3904
2009/6/19,1.3939
2009/6/22,1.3858
2009/6/23,1.4077
2009/6/24,1.3926
2009/6/25,1.3992
2009/6/26,1.4052
2009/6/29,1.4075
2009/6/30,1.4032
2009/7/1,1.415
2009/7/2,1.3944
2009/7/6,1.3976
2009/7/7,1.3921
2009/7/8,1.3875
2009/7/9,1.4023
2009/7/10,1.3935
2009/7/13,1.3977
2009/7/14,1.3964
2009/7/15,1.4109
2009/7/16,1.4141
2009/7/17,1.41
2009/7/20,1.423
2009/7/21,1.4212
2009/7/22,1.4212
2009/7/23,1.4155
2009/7/24,1.4204
2009/7/27,1.424
2009/7/28,1.4175
2009/7/29,1.4034
2009/7/30,1.4072
2009/7/31,1.4255
2009/8/3,1.4415
2009/8/4,1.4394
2009/8/5,1.4408
2009/8/6,1.4341
2009/8/7,1.4182
2009/8/10,1.4135
2009/8/11,1.415
2009/8/12,1.4196
2009/8/13,1.4287
2009/8/14,1.42
2009/8/17,1.4076
2009/8/18,1.4131
2009/8/19,1.4235
2009/8/20,1.425
2009/8/21,1.4326
2009/8/24,1.4302
2009/8/25,1.4297
2009/8/26,1.4248
2009/8/27,1.4345
2009/8/28,1.4303
2009/8/31,1.4329
2009/9/1,1.4218
2009/9/2,1.4262
2009/9/3,1.4254
2009/9/4,1.4297
2009/9/8,1.4482
2009/9/9,1.456
2009/9/10,1.4575
2009/9/11,1.457
2009/9/14,1.4621
2009/9/15,1.466
2009/9/16,1.4716
2009/9/17,1.4739
2009/9/18,1.4711
2009/9/21,1.4675
2009/9/22,1.4789
2009/9/23,1.4728
2009/9/24,1.4657
2009/9/25,1.4688
2009/9/28,1.4619
2009/9/29,1.4582
2009/9/30,1.4632
2009/10/1,1.4537
2009/10/2,1.4575
2009/10/5,1.4648
2009/10/6,1.4715
2009/10/7,1.4688
2009/10/8,1.4788
2009/10/9,1.4727
2009/10/12,1.4774
2009/10/13,1.4853
2009/10/14,1.4926
2009/10/15,1.4943
2009/10/16,1.4902
2009/10/19,1.4962
2009/10/20,1.4937
2009/10/21,1.5008
2009/10/22,1.5024
2009/10/23,1.5006
2009/10/26,1.4865
2009/10/27,1.4802
2009/10/28,1.471
2009/10/29,1.4836
2009/10/30,1.4718
2009/11/2,1.4766
2009/11/3,1.4722
2009/11/4,1.4873
2009/11/5,1.4879
2009/11/6,1.4843
2009/11/9,1.4995
2009/11/10,1.4981
2009/11/11,1.4981
2009/11/12,1.4841
2009/11/13,1.492
2009/11/16,1.4969
2009/11/17,1.4873
2009/11/18,1.4962
2009/11/19,1.4917
2009/11/20,1.486
2009/11/23,1.4957
2009/11/24,1.4962
2009/11/25,1.5134
2009/11/27,1.4966
2009/11/30,1.5008
2009/12/1,1.5083
2009/12/2,1.5044
2009/12/3,1.5068
2009/12/4,1.4845
2009/12/7,1.4819
2009/12/8,1.4709
2009/12/9,1.4729
2009/12/10,1.473
2009/12/11,1.4619
2009/12/14,1.4653
2009/12/15,1.4533
2009/12/16,1.4528
2009/12/17,1.4341
2009/12/18,1.4337
2009/12/21,1.4279
2009/12/22,1.4253
2009/12/23,1.433
2009/12/24,1.4373
2009/12/28,1.4379
2009/12/29,1.4344
2009/12/30,1.4339
2009/12/31,1.4322
2010/1/4,1.441
2010/1/5,1.4371
2010/1/6,1.4415
2010/1/7,1.4313
2010/1/8,1.4417
2010/1/11,1.4512
2010/1/12,1.4492
2010/1/13,1.4509
2010/1/14,1.4499
2010/1/15,1.4379
2010/1/19,1.43
2010/1/20,1.4101
2010/1/21,1.4085
2010/1/22,1.4131
2010/1/25,1.4146
2010/1/26,1.4072
2010/1/27,1.402
2010/1/28,1.3969
2010/1/29,1.3862
2010/2/1,1.3927
2010/2/2,1.3957
2010/2/3,1.3897
2010/2/4,1.3736
2010/2/5,1.3662
2010/2/8,1.3657
2010/2/9,1.3788
2010/2/10,1.373
2010/2/11,1.3686
2010/2/12,1.3613
2010/2/16,1.377
2010/2/17,1.3602
2010/2/18,1.3616
2010/2/19,1.3593
2010/2/22,1.3594
2010/2/23,1.3509
2010/2/24,1.3535
2010/2/25,1.3548
2010/2/26,1.3618
2010/3/1,1.3556
2010/3/2,1.3604
2010/3/3,1.3701
2010/3/4,1.3578
2010/3/5,1.3617
2010/3/8,1.3633
2010/3/9,1.3597
2010/3/10,1.3655
2010/3/11,1.3675
2010/3/12,1.3758
2010/3/15,1.3675
2010/3/16,1.3775
2010/3/17,1.3736
2010/3/18,1.3604
2010/3/19,1.3527
2010/3/22,1.3556
2010/3/23,1.3505
2010/3/24,1.3309
2010/3/25,1.3279
2010/3/26,1.341
2010/3/29,1.3478
2010/3/30,1.3415
2010/3/31,1.3512
2010/4/1,1.358
2010/4/5,1.3484
2010/4/6,1.34
2010/4/7,1.3338
2010/4/8,1.3359
2010/4/9,1.3496
2010/4/12,1.3586
2010/4/13,1.3615
2010/4/14,1.3653
2010/4/15,1.3581
2010/4/16,1.3496
2010/4/19,1.3491
2010/4/20,1.3436
2010/4/21,1.3388
2010/4/22,1.3289
2010/4/23,1.3383
2010/4/26,1.3403
2010/4/27,1.3152
2010/4/28,1.3215
2010/4/29,1.3241
2010/4/30,1.329
2010/5/3,1.3194
2010/5/4,1.2962
2010/5/5,1.2808
2010/5/6,1.2634
2010/5/7,1.2759
2010/5/10,1.2778
2010/5/11,1.2634
2010/5/12,1.2624
2010/5/13,1.2516
2010/5/14,1.236
2010/5/17,1.2391
2010/5/18,1.2158
2010/5/19,1.2415
2010/5/20,1.2462
2010/5/21,1.257
2010/5/24,1.2336
2010/5/25,1.2379
2010/5/26,1.2161
2010/5/27,1.2359
2010/5/28,1.2271
2010/6/1,1.2214
2010/6/2,1.2248
2010/6/3,1.2161
2010/6/4,1.1969
2010/6/7,1.1911
2010/6/8,1.1968
2010/6/9,1.1984
2010/6/10,1.2111
2010/6/11,1.211
2010/6/14,1.2216
2010/6/15,1.2323
2010/6/16,1.2296
2010/6/17,1.2384
2010/6/18,1.2386
2010/6/21,1.231
2010/6/22,1.2262
2010/6/23,1.2316
2010/6/24,1.2328
2010/6/25,1.2368
2010/6/28,1.228
2010/6/29,1.2184
2010/6/30,1.2231
2010/7/1,1.2515
2010/7/2,1.2565
2010/7/6,1.2626
2010/7/7,1.2632
2010/7/8,1.2689
2010/7/9,1.2639
2010/7/12,1.2589
2010/7/13,1.2725
2010/7/14,1.274
2010/7/15,1.2931
2010/7/16,1.2929
2010/7/19,1.2935
2010/7/20,1.2883
2010/7/21,1.2758
2010/7/22,1.2884
2010/7/23,1.2909
2010/7/26,1.2994
2010/7/27,1.2994
2010/7/28,1.2988
2010/7/29,1.3076
2010/7/30,1.3049
2010/8/2,1.3177
2010/8/3,1.3225
2010/8/4,1.316
2010/8/5,1.3182
2010/8/6,1.3287
2010/8/9,1.3225
2010/8/10,1.3175
2010/8/11,1.2834
2010/8/12,1.2824
2010/8/13,1.2757
2010/8/16,1.2818
2010/8/17,1.2876
2010/8/18,1.2858
2010/8/19,1.2818
2010/8/20,1.271
2010/8/23,1.2662
2010/8/24,1.2621
2010/8/25,1.2657
2010/8/26,1.2715
2010/8/27,1.2767
2010/8/30,1.2661
2010/8/31,1.2682
2010/9/1,1.2806
2010/9/2,1.2821
2010/9/3,1.2895
2010/9/7,1.2683
2010/9/8,1.2722
2010/9/9,1.2695
2010/9/10,1.2678
2010/9/13,1.2877
2010/9/14,1.2994
2010/9/15,1.3007
2010/9/16,1.3077
2010/9/17,1.3046
2010/9/20,1.3066
2010/9/21,1.3261
2010/9/22,1.3398
2010/9/23,1.3313
2010/9/24,1.3487
2010/9/27,1.3454
2010/9/28,1.358
2010/9/29,1.3624
2010/9/30,1.3632
2010/10/1,1.3791
2010/10/4,1.3681
2010/10/5,1.3833
2010/10/6,1.3934
2010/10/7,1.3925
2010/10/8,1.3936
2010/10/11,1.3872
2010/10/12,1.3922
2010/10/13,1.3958
2010/10/14,1.4078
2010/10/15,1.3974
2010/10/18,1.3944
2010/10/19,1.3732
2010/10/20,1.3966
2010/10/21,1.3922
2010/10/22,1.3953
2010/10/25,1.3968
2010/10/26,1.3856
2010/10/27,1.3761
2010/10/28,1.3924
2010/10/29,1.3945
2010/11/1,1.3896
2010/11/2,1.4038
2010/11/3,1.4142
2010/11/4,1.4209
2010/11/5,1.4029
2010/11/8,1.3914
2010/11/9,1.3774
2010/11/10,1.3782
2010/11/11,1.3662
2010/11/12,1.3688
2010/11/15,1.3582
2010/11/16,1.3493
2010/11/17,1.352
2010/11/18,1.3639
2010/11/19,1.3684
2010/11/22,1.3619
2010/11/23,1.3366
2010/11/24,1.3329
2010/11/26,1.3245
2010/11/29,1.3121
2010/11/30,1.2983
2010/12/1,1.314
2010/12/2,1.3224
2010/12/3,1.3408
2010/12/6,1.3301
2010/12/7,1.3263
2010/12/8,1.3262
2010/12/9,1.3245
2010/12/10,1.3227
2010/12/13,1.3387
2010/12/14,1.3384
2010/12/15,1.3208
2010/12/16,1.3233
2010/12/17,1.3183
2010/12/20,1.3122
2010/12/21,1.3095
2010/12/22,1.3098
2010/12/23,1.3115
2010/12/27,1.3163
2010/12/28,1.3118
2010/12/29,1.3222
2010/12/30,1.3282
2010/12/31,1.3368
2011/1/3,1.3353
2011/1/4,1.3305
2011/1/5,1.3149
2011/1/6,1.3012
2011/1/7,1.2911
2011/1/10,1.2947
2011/1/11,1.2973
2011/1/12,1.313
2011/1/13,1.3354
2011/1/14,1.3376
2011/1/18,1.3383
2011/1/19,1.3469
2011/1/20,1.347
2011/1/21,1.3615
2011/1/24,1.3641
2011/1/25,1.3688
2011/1/26,1.3699
2011/1/27,1.3724
2011/1/28,1.3613
2011/1/31,1.369
2011/2/1,1.383
2011/2/2,1.3802
2011/2/3,1.3631
2011/2/4,1.3589
2011/2/7,1.3584
2011/2/8,1.3631
2011/2/9,1.373
2011/2/10,1.3599
2011/2/11,1.3544
2011/2/14,1.3486
2011/2/15,1.3488
2011/2/16,1.3562
2011/2/17,1.3605
2011/2/18,1.3697
2011/2/22,1.3651
2011/2/23,1.3742
2011/2/24,1.3802
2011/2/25,1.3747
2011/2/28,1.3801
2011/3/1,1.3776
2011/3/2,1.3863
2011/3/3,1.3966
2011/3/4,1.3983
2011/3/7,1.3972
2011/3/8,1.3903
2011/3/9,1.3904
2011/3/10,1.3792
2011/3/11,1.3906
2011/3/14,1.3987
2011/3/15,1.3993
2011/3/16,1.3895
2011/3/17,1.4022
2011/3/18,1.4181
2011/3/21,1.4223
2011/3/22,1.4194
2011/3/23,1.4089
2011/3/24,1.4173
2011/3/25,1.4084
2011/3/28,1.4089
2011/3/29,1.4106
2011/3/30,1.4129
2011/3/31,1.4155
2011/4/1,1.4225
2011/4/4,1.422
2011/4/5,1.4223
2011/4/6,1.4328
2011/4/7,1.4308
2011/4/8,1.4472
2011/4/11,1.4431
2011/4/12,1.4479
2011/4/13,1.4437
2011/4/14,1.4488
2011/4/15,1.4431
2011/4/18,1.4234
2011/4/19,1.4337
2011/4/20,1.452
2011/4/21,1.455
2011/4/25,1.4571
2011/4/26,1.4635
2011/4/27,1.4783
2011/4/28,1.4821
2011/4/29,1.4808
2011/5/2,1.4826
2011/5/3,1.4822
2011/5/4,1.4826
2011/5/5,1.4536
2011/5/6,1.4339
2011/5/9,1.4356
2011/5/10,1.441
2011/5/11,1.4193
2011/5/12,1.4243
2011/5/13,1.4101
2011/5/16,1.4161
2011/5/17,1.4234
2011/5/18,1.4235
2011/5/19,1.4309
2011/5/20,1.4152
2011/5/23,1.4047
2011/5/24,1.4098
2011/5/25,1.4084
2011/5/26,1.4138
2011/5/27,1.4299
2011/5/31,1.4392
2011/6/1,1.4327
2011/6/2,1.4492
2011/6/3,1.4636
2011/6/6,1.4573
2011/6/7,1.469
2011/6/8,1.4577
2011/6/9,1.4504
2011/6/10,1.4336
2011/6/13,1.4415
2011/6/14,1.444
2011/6/15,1.418
2011/6/16,1.4211
2011/6/17,1.4304
2011/6/20,1.4302
2011/6/21,1.4405
2011/6/22,1.4352
2011/6/23,1.4259
2011/6/24,1.4185
2011/6/27,1.4278
2011/6/28,1.4369
2011/6/29,1.4432
2011/6/30,1.4501
2011/7/1,1.453
2011/7/5,1.4416
2011/7/6,1.4316
2011/7/7,1.436
2011/7/8,1.4263
2011/7/11,1.403
2011/7/12,1.3973
2011/7/13,1.4153
2011/7/14,1.4141
2011/7/15,1.4158
2011/7/18,1.4119
2011/7/19,1.4149
2011/7/20,1.421
2011/7/21,1.4417
2011/7/22,1.4356
2011/7/25,1.4377
2011/7/26,1.4508
2011/7/27,1.4364
2011/7/28,1.4323
2011/7/29,1.4384
2011/8/1,1.425
2011/8/2,1.4201
2011/8/3,1.4318
2011/8/4,1.4103
2011/8/5,1.4293
2011/8/8,1.4173
2011/8/9,1.4367
2011/8/10,1.4179
2011/8/11,1.4221
2011/8/12,1.4246
2011/8/15,1.4439
2011/8/16,1.4406
2011/8/17,1.4429
2011/8/18,1.4334
2011/8/19,1.44
2011/8/22,1.4355
2011/8/23,1.4433
2011/8/24,1.4413
2011/8/25,1.4379
2011/8/26,1.4489
2011/8/29,1.4509
2011/8/30,1.4441
2011/8/31,1.4374
2011/9/1,1.4262
2011/9/2,1.4199
2011/9/6,1.3995
2011/9/7,1.4099
2011/9/8,1.3876
2011/9/9,1.3651
2011/9/12,1.3676
2011/9/13,1.368
2011/9/14,1.375
2011/9/15,1.3879
2011/9/16,1.3785
2011/9/19,1.3691
2011/9/20,1.3695
2011/9/21,1.3568
2011/9/22,1.3473
2011/9/23,1.3505
2011/9/26,1.3526
2011/9/27,1.359
2011/9/28,1.3537
2011/9/29,1.359
2011/9/30,1.3389
2011/10/3,1.3184
2011/10/4,1.3344
2011/10/5,1.3338
2011/10/6,1.3433
2011/10/7,1.3372
2011/10/10,1.3644
2011/10/11,1.3635
2011/10/12,1.378
2011/10/13,1.3781
2011/10/14,1.3879
2011/10/17,1.3727
2011/10/18,1.3751
2011/10/19,1.3757
2011/10/20,1.3782
2011/10/21,1.3894
2011/10/24,1.3925
2011/10/25,1.3908
2011/10/26,1.3907
2011/10/27,1.4185
2011/10/28,1.4155
2011/10/31,1.3853
2011/11/1,1.3703
2011/11/2,1.374
2011/11/3,1.3821
2011/11/4,1.3781
2011/11/7,1.3769
2011/11/8,1.3834
2011/11/9,1.3548
2011/11/10,1.3606
2011/11/11,1.3754
2011/11/14,1.363
2011/11/15,1.3536
2011/11/16,1.3456
2011/11/17,1.3458
2011/11/18,1.3519
2011/11/21,1.3498
2011/11/22,1.3511
2011/11/23,1.3334
2011/11/25,1.3232
2011/11/28,1.3309
2011/11/29,1.3331
2011/11/30,1.3441
2011/12/1,1.3458
2011/12/2,1.3401
2011/12/5,1.3389
2011/12/6,1.3397
2011/12/7,1.3409
2011/12/8,1.3343
2011/12/9,1.3376
2011/12/12,1.3185
2011/12/13,1.3033
2011/12/14,1.2977
2011/12/15,1.3016
2011/12/16,1.3034
2011/12/19,1.2993
2011/12/20,1.3081
2011/12/21,1.3038
2011/12/22,1.3047
2011/12/23,1.3038
2011/12/27,1.3065
2011/12/28,1.2939
2011/12/29,1.2959
2011/12/30,1.294
2012/1/3,1.3044
2012/1/4,1.2943
2012/1/5,1.2779
2012/1/6,1.2717
2012/1/9,1.2763
2012/1/10,1.2775
2012/1/11,1.2705
2012/1/12,1.282
2012/1/13,1.2681
2012/1/17,1.2738
2012/1/18,1.286
2012/1/19,1.2962
2012/1/20,1.2933
2012/1/23,1.3026
2012/1/24,1.302
2012/1/25,1.3106
2012/1/26,1.3103
2012/1/27,1.3215
2012/1/30,1.3134
2012/1/31,1.3077
2012/2/1,1.3159
2012/2/2,1.3143
2012/2/3,1.3141
2012/2/6,1.3123
2012/2/7,1.3262
2012/2/8,1.3255
2012/2/9,1.3285
2012/2/10,1.3177
2012/2/13,1.3192
2012/2/14,1.3118
2012/2/15,1.3067
2012/2/16,1.3133
2012/2/17,1.3152
2012/2/21,1.3236
2012/2/22,1.3243
2012/2/23,1.3371
2012/2/24,1.3455
2012/2/27,1.3394
2012/2/28,1.3466
2012/2/29,1.3324
2012/3/1,1.3312
2012/3/2,1.3204
2012/3/5,1.3212
2012/3/6,1.3111
2012/3/7,1.3152
2012/3/8,1.3273
2012/3/9,1.3109
2012/3/12,1.3155
2012/3/13,1.3082
2012/3/14,1.3028
2012/3/15,1.3081
2012/3/16,1.3173
2012/3/19,1.3239
2012/3/20,1.3224
2012/3/21,1.3215
2012/3/22,1.3196
2012/3/23,1.3267
2012/3/26,1.3356
2012/3/27,1.3312
2012/3/28,1.3314
2012/3/29,1.3301
2012/3/30,1.3344
2012/4/2,1.3321
2012/4/3,1.3233
2012/4/4,1.3139
2012/4/5,1.3066
2012/4/9,1.3107
2012/4/10,1.3081
2012/4/11,1.3107
2012/4/12,1.3188
2012/4/13,1.3072
2012/4/16,1.3141
2012/4/17,1.3124
2012/4/18,1.3119
2012/4/19,1.3136
2012/4/20,1.3221
2012/4/23,1.316
2012/4/24,1.319
2012/4/25,1.3216
2012/4/26,1.3238
2012/4/27,1.3246
2012/4/30,1.3239
2012/5/1,1.3234
2012/5/2,1.3159
2012/5/3,1.3149
2012/5/4,1.3085
2012/5/7,1.305
2012/5/8,1.3002
2012/5/9,1.2935
2012/5/10,1.2937
2012/5/11,1.2918
2012/5/14,1.2824
2012/5/15,1.2728
2012/5/16,1.2718
2012/5/17,1.2691
2012/5/18,1.2769
2012/5/21,1.2814
2012/5/22,1.2684
2012/5/23,1.2579
2012/5/24,1.2526
2012/5/25,1.2514
2012/5/29,1.249
2012/5/30,1.2366
2012/5/31,1.2361
2012/6/1,1.2424
2012/6/4,1.2494
2012/6/5,1.245
2012/6/6,1.2578
2012/6/7,1.2558
2012/6/8,1.2515
2012/6/11,1.248
2012/6/12,1.2502
2012/6/13,1.2555
2012/6/14,1.2632
2012/6/15,1.2653
2012/6/18,1.2572
2012/6/19,1.2685
2012/6/20,1.2701
2012/6/21,1.2542
2012/6/22,1.2569
2012/6/25,1.2499
2012/6/26,1.2495
2012/6/27,1.2466
2012/6/28,1.2439
2012/6/29,1.2655
2012/7/2,1.2579
2012/7/3,1.2606
2012/7/5,1.2391
2012/7/6,1.229
2012/7/9,1.2315
2012/7/10,1.225
2012/7/11,1.2237
2012/7/12,1.22
2012/7/13,1.2245
2012/7/16,1.2272
2012/7/17,1.2295
2012/7/18,1.2281
2012/7/19,1.228
2012/7/20,1.216
2012/7/23,1.2136
2012/7/24,1.2062
2012/7/25,1.2152
2012/7/26,1.228
2012/7/27,1.2317
2012/7/30,1.2258
2012/7/31,1.23
2012/8/1,1.2224
2012/8/2,1.2175
2012/8/3,1.2382
2012/8/6,1.2401
2012/8/7,1.24
2012/8/8,1.2363
2012/8/9,1.2302
2012/8/10,1.2288
2012/8/13,1.2331
2012/8/14,1.2321
2012/8/15,1.2284
2012/8/16,1.2357
2012/8/17,1.2328
2012/8/20,1.2344
2012/8/21,1.2471
2012/8/22,1.2521
2012/8/23,1.256
2012/8/24,1.2513
2012/8/27,1.2496
2012/8/28,1.2563
2012/8/29,1.2526
2012/8/30,1.2502
2012/8/31,1.2573
2012/9/4,1.256
2012/9/5,1.2602
2012/9/6,1.2631
2012/9/7,1.2813
2012/9/10,1.2757
2012/9/11,1.2853
2012/9/12,1.2901
2012/9/13,1.2989
2012/9/14,1.3125
2012/9/17,1.311
2012/9/18,1.3044
2012/9/19,1.3048
2012/9/20,1.2964
2012/9/21,1.2986
2012/9/24,1.2928
2012/9/25,1.2902
2012/9/26,1.287
2012/9/27,1.2913
2012/9/28,1.2847
2012/10/1,1.2885
2012/10/2,1.292
2012/10/3,1.2903
2012/10/4,1.3017
2012/10/5,1.3031
2012/10/8,1.2966
2012/10/9,1.2878
2012/10/10,1.2887
2012/10/11,1.2924
2012/10/12,1.2957
2012/10/15,1.295
2012/10/16,1.3056
2012/10/17,1.3118
2012/10/18,1.3065
2012/10/19,1.3025
2012/10/22,1.3059
2012/10/23,1.2981
2012/10/24,1.297
2012/10/25,1.2928
2012/10/26,1.2935
2012/10/29,1.2899
2012/10/30,1.2957
2012/10/31,1.2957
2012/11/1,1.2942
2012/11/2,1.283
2012/11/5,1.2791
2012/11/6,1.2813
2012/11/7,1.2769
2012/11/8,1.275
2012/11/9,1.2709
2012/11/12,1.2707
2012/11/13,1.2705
2012/11/14,1.2735
2012/11/15,1.2779
2012/11/16,1.2741
2012/11/19,1.2813
2012/11/20,1.2815
2012/11/21,1.2825
2012/11/23,1.2977
2012/11/26,1.2971
2012/11/27,1.2939
2012/11/28,1.294
2012/11/29,1.2971
2012/11/30,1.2997
2012/12/3,1.3053
2012/12/4,1.3093
2012/12/5,1.3067
2012/12/6,1.2971
2012/12/7,1.2925
2012/12/10,1.2942
2012/12/11,1.3002
2012/12/12,1.3074
2012/12/13,1.3073
2012/12/14,1.3162
2012/12/17,1.3161
2012/12/18,1.3225
2012/12/19,1.3229
2012/12/20,1.3242
2012/12/21,1.3181
2012/12/24,1.3188
2012/12/26,1.322
2012/12/27,1.3233
2012/12/28,1.3215
2012/12/31,1.3188
2013/1/2,1.3182
2013/1/3,1.305
2013/1/4,1.3072
2013/1/7,1.3116
2013/1/8,1.308
2013/1/9,1.3061
2013/1/10,1.3258
2013/1/11,1.3343
2013/1/14,1.3372
2013/1/15,1.3304
2013/1/16,1.3287
2013/1/17,1.3376
2013/1/18,1.3313
2013/1/22,1.332
2013/1/23,1.3319
2013/1/24,1.3377
2013/1/25,1.3455
2013/1/28,1.3455
2013/1/29,1.3493
2013/1/30,1.3565
2013/1/31,1.3577
2013/2/1,1.3646
2013/2/4,1.3513
2013/2/5,1.3584
2013/2/6,1.3519
2013/2/7,1.3395
2013/2/8,1.3365
2013/2/11,1.3404
2013/2/12,1.3454
2013/2/13,1.3448
2013/2/14,1.3355
2013/2/15,1.3362
2013/2/19,1.339
2013/2/20,1.3282
2013/2/21,1.3186
2013/2/22,1.3184
2013/2/25,1.3079
2013/2/26,1.3058
2013/2/27,1.3139
2013/2/28,1.306
2013/3/1,1.3021
2013/3/4,1.3027
2013/3/5,1.3047
2013/3/6,1.2976
2013/3/7,1.3103
2013/3/8,1.2998
2013/3/11,1.3047
2013/3/12,1.3034
2013/3/13,1.2958
2013/3/14,1.3
2013/3/15,1.3068
2013/3/18,1.2954
2013/3/19,1.2879
2013/3/20,1.2933
2013/3/21,1.2898
2013/3/22,1.2987
2013/3/25,1.2852
2013/3/26,1.2861
2013/3/27,1.2779
2013/3/28,1.2814
2013/4/1,1.285
2013/4/2,1.2818
2013/4/3,1.2845
2013/4/4,1.2934
2013/4/5,1.2996
2013/4/8,1.3007
2013/4/9,1.3079
2013/4/10,1.3069
2013/4/11,1.3102
2013/4/12,1.3107
2013/4/15,1.3034
2013/4/16,1.3175
2013/4/17,1.3028
2013/4/18,1.305
2013/4/19,1.3053
2013/4/22,1.3064
2013/4/23,1.3002
2013/4/24,1.3014
2013/4/25,1.3009
2013/4/26,1.3028
2013/4/29,1.3099
2013/4/30,1.3166
2013/5/1,1.318
2013/5/2,1.3063
2013/5/3,1.3113
2013/5/6,1.3075
2013/5/7,1.3079
2013/5/8,1.3152
2013/5/9,1.3042
2013/5/10,1.2989
2013/5/13,1.2977
2013/5/14,1.2918
2013/5/15,1.2885
2013/5/16,1.2881
2013/5/17,1.2834
2013/5/20,1.2882
2013/5/21,1.2905
2013/5/22,1.2859
2013/5/23,1.2935
2013/5/24,1.2935
2013/5/28,1.2854
2013/5/29,1.2938
2013/5/30,1.3048
2013/5/31,1.2995
2013/6/3,1.3076
2013/6/4,1.308
2013/6/5,1.3093
2013/6/6,1.3246
2013/6/7,1.3214
2013/6/10,1.3256
2013/6/11,1.3313
2013/6/12,1.3337
2013/6/13,1.3374
2013/6/14,1.3343
2013/6/17,1.3367
2013/6/18,1.3395
2013/6/19,1.3295
2013/6/20,1.3218
2013/6/21,1.3121
2013/6/24,1.3118
2013/6/25,1.3083
2013/6/26,1.3011
2013/6/27,1.3036
2013/6/28,1.301
2013/7/1,1.3061
2013/7/2,1.2979
2013/7/3,1.3009
2013/7/5,1.2829
2013/7/8,1.2869
2013/7/9,1.278
2013/7/10,1.2976
2013/7/11,1.3092
2013/7/12,1.3067
2013/7/15,1.3063
2013/7/16,1.3163
2013/7/17,1.3125
2013/7/18,1.3108
2013/7/19,1.3138
2013/7/22,1.3186
2013/7/23,1.3222
2013/7/24,1.3198
2013/7/25,1.3276
2013/7/26,1.3279
2013/7/29,1.3263
2013/7/30,1.3262
2013/7/31,1.33
2013/8/1,1.3209
2013/8/2,1.328
2013/8/5,1.3258
2013/8/6,1.3305
2013/8/7,1.3336
2013/8/8,1.3379
2013/8/9,1.3342
2013/8/12,1.3298
2013/8/13,1.3263
2013/8/14,1.3254
2013/8/15,1.3343
2013/8/16,1.3326
2013/8/19,1.3333
2013/8/20,1.3416
2013/8/21,1.3354
2013/8/22,1.3355
2013/8/23,1.3378
2013/8/26,1.3368
2013/8/27,1.3391
2013/8/28,1.3339
2013/8/29,1.3237
2013/8/30,1.3221
2013/9/3,1.3172
2013/9/4,1.3206
2013/9/5,1.3117
2013/9/6,1.3177
2013/9/9,1.3252
2013/9/10,1.3267
2013/9/11,1.331
2013/9/12,1.3299
2013/9/13,1.3301
2013/9/16,1.3334
2013/9/17,1.3355
2013/9/18,1.3523
2013/9/19,1.3529
2013/9/20,1.3522
2013/9/23,1.3492
2013/9/24,1.3472
2013/9/25,1.3525
2013/9/26,1.3488
2013/9/27,1.352
2013/9/30,1.3522
2013/10/1,1.3527
2013/10/2,1.358
2013/10/3,1.3618
2013/10/4,1.3553
2013/10/7,1.358
2013/10/8,1.3571
2013/10/9,1.3522
2013/10/10,1.3518
2013/10/11,1.354
2013/10/14,1.356
2013/10/15,1.3524
2013/10/16,1.3529
2013/10/17,1.3675
2013/10/18,1.3685
2013/10/21,1.3677
2013/10/22,1.3781
2013/10/23,1.3776
2013/10/24,1.3799
2013/10/25,1.3804
2013/10/28,1.3784
2013/10/29,1.3745
2013/10/30,1.3735
2013/10/31,1.3584
2013/11/1,1.349
2013/11/4,1.3513
2013/11/5,1.3474
2013/11/6,1.3514
2013/11/7,1.3416
2013/11/8,1.3363
2013/11/11,1.3404
2013/11/12,1.3434
2013/11/13,1.3488
2013/11/14,1.3455
2013/11/15,1.3493
2013/11/18,1.3506
2013/11/19,1.3538
2013/11/20,1.3441
2013/11/21,1.3478
2013/11/22,1.3554
2013/11/25,1.3517
2013/11/26,1.3573
2013/11/27,1.3577
2013/11/29,1.3589
2013/12/2,1.3541
2013/12/3,1.3588
2013/12/4,1.3593
2013/12/5,1.3665
2013/12/6,1.3704
2013/12/9,1.3739
2013/12/10,1.376
2013/12/11,1.3786
2013/12/12,1.3751
2013/12/13,1.3736
2013/12/16,1.3761
2013/12/17,1.3764
2013/12/18,1.3685
2013/12/19,1.3662
2013/12/20,1.3673
2013/12/23,1.3694
2013/12/24,1.3677
2013/12/26,1.369
2013/12/27,1.3741
2013/12/30,1.3799
2013/12/31,1.375
2014/1/2,1.3669
2014/1/3,1.3587
2014/1/6,1.3627
2014/1/7,1.3614
2014/1/8,1.3577
2014/1/9,1.3603
2014/1/10,1.3666
2014/1/13,1.367
2014/1/14,1.3676
2014/1/15,1.3603
2014/1/16,1.362
2014/1/17,1.3536
2014/1/21,1.356
2014/1/22,1.3546
2014/1/23,1.3694
2014/1/24,1.3676
2014/1/27,1.3673
2014/1/28,1.3669
2014/1/29,1.3664
2014/1/30,1.3554
2014/1/31,1.3487
2014/2/3,1.3529
2014/2/4,1.3516
2014/2/5,1.3531
2014/2/6,1.359
2014/2/7,1.3634
2014/2/10,1.3643
2014/2/11,1.3636
2014/2/12,1.3593
2014/2/13,1.3679
2014/2/14,1.3691
2014/2/18,1.3757
2014/2/19,1.3732
2014/2/20,1.3719
2014/2/21,1.3736
2014/2/24,1.3734
2014/2/25,1.3743
2014/2/26,1.3686
2014/2/27,1.3709
2014/2/28,1.3798
2014/3/3,1.3733
2014/3/4,1.3741
2014/3/5,1.3733
2014/3/6,1.3859
2014/3/7,1.3872
2014/3/10,1.3876
2014/3/11,1.3859
2014/3/12,1.3903
2014/3/13,1.3867
2014/3/14,1.3908
2014/3/17,1.3922
2014/3/18,1.3933
2014/3/19,1.383
2014/3/20,1.3777
2014/3/21,1.3792
2014/3/24,1.3838
2014/3/25,1.3824
2014/3/26,1.3782
2014/3/27,1.3741
2014/3/28,1.3752
2014/3/31,1.3772
2014/4/1,1.3792
2014/4/2,1.3766
2014/4/3,1.3718
2014/4/4,1.3701
2014/4/7,1.374
2014/4/8,1.3796
2014/4/9,1.3854
2014/4/10,1.3887
2014/4/11,1.3884
2014/4/14,1.3819
2014/4/15,1.3813
2014/4/16,1.3815
2014/4/17,1.3813
2014/4/21,1.3793
2014/4/22,1.3804
2014/4/23,1.3817
2014/4/24,1.3831
2014/4/25,1.3833
2014/4/28,1.3849
2014/4/29,1.3811
2014/4/30,1.3866
2014/5/1,1.3867
2014/5/2,1.3872
2014/5/5,1.3874
2014/5/6,1.3927
2014/5/7,1.391
2014/5/8,1.3838
2014/5/9,1.3758
2014/5/12,1.3755
2014/5/13,1.3701
2014/5/14,1.3714
2014/5/15,1.371
2014/5/16,1.3692
2014/5/19,1.3708
2014/5/20,1.3702
2014/5/21,1.3685
2014/5/22,1.3655
2014/5/23,1.363
2014/5/27,1.3635
2014/5/28,1.359
2014/5/29,1.3601
2014/5/30,1.3631
2014/6/2,1.3595
2014/6/3,1.3627
2014/6/4,1.3597
2014/6/5,1.3659
2014/6/6,1.3643
2014/6/9,1.3591
2014/6/10,1.3546
2014/6/11,1.3529
2014/6/12,1.3549
2014/6/13,1.3536
2014/6/16,1.3572
2014/6/17,1.3546
2014/6/18,1.3594
2014/6/19,1.3606
2014/6/20,1.36
2014/6/23,1.3602
2014/6/24,1.3605
2014/6/25,1.3627
2014/6/26,1.361
2014/6/27,1.3646
2014/6/30,1.3691
2014/7/1,1.3679
2014/7/2,1.3658
2014/7/3,1.3608
2014/7/7,1.3603
2014/7/8,1.3609
2014/7/9,1.3641
2014/7/10,1.3608
2014/7/11,1.3608
2014/7/14,1.3618
2014/7/15,1.3568
2014/7/16,1.3525
2014/7/17,1.3526
2014/7/18,1.3524
2014/7/21,1.3523
2014/7/22,1.3465
2014/7/23,1.3462
2014/7/24,1.3461
2014/7/25,1.3429
2014/7/28,1.3438
2014/7/29,1.3407
2014/7/30,1.3395
2014/7/31,1.3388
2014/8/1,1.3429
2014/8/4,1.342
2014/8/5,1.3375
2014/8/6,1.3382
2014/8/7,1.3362
2014/8/8,1.3385
2014/8/11,1.3383
2014/8/12,1.3368
2014/8/13,1.3362
2014/8/14,1.3365
2014/8/15,1.3397
2014/8/18,1.3362
2014/8/19,1.3319
2014/8/20,1.326
2014/8/21,1.3281
2014/8/22,1.324
2014/8/25,1.3194
2014/8/26,1.3168
2014/8/27,1.3192
2014/8/28,1.3181
2014/8/29,1.3134
2014/9/2,1.3132
2014/9/3,1.315
2014/9/4,1.2943
2014/9/5,1.2953
2014/9/8,1.2894
2014/9/9,1.2938
2014/9/10,1.2916
2014/9/11,1.2919
2014/9/12,1.296
2014/9/15,1.294
2014/9/16,1.2957
2014/9/17,1.2862
2014/9/18,1.2922
2014/9/19,1.2831
2014/9/22,1.2849
2014/9/23,1.2849
2014/9/24,1.2779
2014/9/25,1.275
2014/9/26,1.268
2014/9/29,1.2685
2014/9/30,1.263
2014/10/1,1.2624
2014/10/2,1.2668
2014/10/3,1.2514
2014/10/6,1.2653
2014/10/7,1.2668
2014/10/8,1.2733
2014/10/9,1.2689
2014/10/10,1.2622
2014/10/13,1.2745
2014/10/14,1.266
2014/10/15,1.2837
2014/10/16,1.2808
2014/10/17,1.2758
2014/10/20,1.2799
2014/10/21,1.2715
2014/10/22,1.2644
2014/10/23,1.2646
2014/10/24,1.2668
2014/10/27,1.2696
2014/10/28,1.2732
2014/10/29,1.2632
2014/10/30,1.2612
2014/10/31,1.2524
2014/11/3,1.2482
2014/11/4,1.2545
2014/11/5,1.2485
2014/11/6,1.2373
2014/11/7,1.2451
2014/11/10,1.2419
2014/11/11,1.2472
2014/11/12,1.2438
2014/11/13,1.2473
2014/11/14,1.2521
2014/11/17,1.2449
2014/11/18,1.2534
2014/11/19,1.2552
2014/11/20,1.2539
2014/11/21,1.2391
2014/11/24,1.244
2014/11/25,1.2473
2014/11/26,1.2506
2014/11/28,1.2448
2014/12/1,1.2469
2014/12/2,1.2381
2014/12/3,1.231
2014/12/4,1.2379
2014/12/5,1.2285
2014/12/8,1.2317
2014/12/9,1.2373
2014/12/10,1.2446
2014/12/11,1.241
2014/12/12,1.2456
2014/12/15,1.2437
2014/12/16,1.2508
2014/12/17,1.2343
2014/12/18,1.2285
2014/12/19,1.2228
2014/12/22,1.2228
2014/12/23,1.2171
2014/12/24,1.2194
2014/12/26,1.2175
2014/12/29,1.2154
2014/12/30,1.2156
2014/12/31,1.2097
2015/1/2,1.2
2015/1/5,1.1932
2015/1/6,1.1891
2015/1/7,1.1839
2015/1/8,1.1794
2015/1/9,1.1839
2015/1/12,1.1833
2015/1/13,1.1772
2015/1/14,1.1786
2015/1/15,1.163
2015/1/16,1.1567
2015/1/20,1.1548
2015/1/21,1.1609
2015/1/22,1.1364
2015/1/23,1.1207
2015/1/26,1.1238
2015/1/27,1.138
2015/1/28,1.1286
2015/1/29,1.1319
2015/1/30,1.1283
2015/2/2,1.1337
2015/2/3,1.1477
2015/2/4,1.1342
2015/2/5,1.1475
2015/2/6,1.1312
2015/2/9,1.1323
2015/2/10,1.1317
2015/2/11,1.1333
2015/2/12,1.1402
2015/2/13,1.1389
2015/2/17,1.1409
2015/2/18,1.1396
2015/2/19,1.1366
2015/2/20,1.1379
2015/2/23,1.1334
2015/2/24,1.1339
2015/2/25,1.136
2015/2/26,1.1197
2015/2/27,1.1193
2015/3/2,1.1182
2015/3/3,1.1175
2015/3/4,1.1078
2015/3/5,1.1028
2015/3/6,1.0843
2015/3/9,1.0847
2015/3/10,1.0698
2015/3/11,1.0545
2015/3/12,1.0634
2015/3/13,1.0493
2015/3/16,1.0563
2015/3/17,1.0594
2015/3/18,1.0869
2015/3/19,1.0654
2015/3/20,1.0817
2015/3/23,1.0946
2015/3/24,1.0923
2015/3/25,1.0969
2015/3/26,1.0882
2015/3/27,1.089
2015/3/30,1.0832
2015/3/31,1.0738
2015/4/1,1.0761
2015/4/2,1.0879
2015/4/6,1.0923
2015/4/7,1.0815
2015/4/8,1.0779
2015/4/9,1.0658
2015/4/10,1.0603
2015/4/13,1.0564
2015/4/14,1.0652
2015/4/15,1.0685
2015/4/16,1.076
2015/4/17,1.0808
2015/4/20,1.0736
2015/4/21,1.0734
2015/4/22,1.0724
2015/4/23,1.0823
2015/4/24,1.087
2015/4/27,1.0887
2015/4/28,1.0981
2015/4/29,1.1125
2015/4/30,1.1221
2015/5/1,1.1198
2015/5/4,1.1148
2015/5/5,1.1184
2015/5/6,1.1347
2015/5/7,1.1265
2015/5/8,1.1209
2015/5/11,1.1153
2015/5/12,1.1213
2015/5/13,1.1351
2015/5/14,1.1407
2015/5/15,1.1445
2015/5/18,1.1313
2015/5/19,1.1148
2015/5/20,1.1095
2015/5/21,1.1112
2015/5/22,1.1015
2015/5/26,1.0874
2015/5/27,1.0904
2015/5/28,1.0949
2015/5/29,1.0986
2015/6/1,1.0927
2015/6/2,1.1151
2015/6/3,1.1275
2015/6/4,1.1238
2015/6/5,1.1114
2015/6/8,1.1291
2015/6/9,1.1283
2015/6/10,1.1324
2015/6/11,1.1258
2015/6/12,1.1266
2015/6/15,1.1283
2015/6/16,1.1248
2015/6/17,1.1337
2015/6/18,1.1359
2015/6/19,1.1352
2015/6/22,1.1341
2015/6/23,1.1167
2015/6/24,1.1205
2015/6/25,1.1205
2015/6/26,1.1167
2015/6/29,1.1236
2015/6/30,1.1147
2015/7/1,1.1053
2015/7/2,1.1084
2015/7/3,1.1114
2015/7/6,1.1056
2015/7/7,1.1011
2015/7/8,1.1077
2015/7/9,1.1036
2015/7/10,1.1162
2015/7/13,1.1002
2015/7/14,1.1009
2015/7/15,1.095
2015/7/16,1.0875
2015/7/17,1.083
2015/7/20,1.0825
2015/7/21,1.0935
2015/7/22,1.0929
2015/7/23,1.0984
2015/7/24,1.0984
2015/7/27,1.1088
2015/7/28,1.106
2015/7/29,1.0984
2015/7/30,1.0932
2015/7/31,1.0984
2015/8/3,1.095
2015/8/4,1.0881
2015/8/5,1.0906
2015/8/6,1.0925
2015/8/7,1.0967
2015/8/10,1.1019
2015/8/11,1.1042
2015/8/12,1.1159
2015/8/13,1.115
2015/8/14,1.1109
2015/8/17,1.1078
2015/8/18,1.1024
2015/8/19,1.112
2015/8/20,1.1242
2015/8/21,1.1386
2015/8/24,1.1619
2015/8/25,1.1517
2015/8/26,1.1314
2015/8/27,1.1246
2015/8/28,1.1185
2015/8/31,1.1211
2015/9/1,1.1315
2015/9/2,1.1227
2015/9/3,1.1123
2015/9/4,1.1149
2015/9/7,1.117
2015/9/8,1.1203
2015/9/9,1.1207
2015/9/10,1.128
2015/9/11,1.1338
2015/9/14,1.1317
2015/9/15,1.1269
2015/9/16,1.129
2015/9/17,1.1435
2015/9/18,1.1298
2015/9/21,1.119
2015/9/22,1.112
2015/9/23,1.1186
2015/9/24,1.123
2015/9/25,1.1195
2015/9/28,1.1244
2015/9/29,1.1249
2015/9/30,1.1177
2015/10/1,1.1195
2015/10/2,1.1216
2015/10/5,1.1188
2015/10/6,1.1272
2015/10/7,1.1237
2015/10/8,1.1276
2015/10/9,1.1358
2015/10/12,1.1358
2015/10/13,1.1379
2015/10/14,1.1474
2015/10/15,1.1386
2015/10/16,1.1348
2015/10/19,1.1327
2015/10/20,1.1346
2015/10/21,1.1339
2015/10/22,1.1109
2015/10/23,1.1018
2015/10/26,1.1058
2015/10/27,1.1051
2015/10/28,1.0923
2015/10/29,1.0977
2015/10/30,1.1006
2015/11/2,1.1016
2015/11/3,1.0964
2015/11/4,1.0866
2015/11/5,1.0884
2015/11/6,1.0741
2015/11/9,1.0752
2015/11/10,1.0724
2015/11/11,1.0743
2015/11/12,1.0814
2015/11/13,1.0773
2015/11/16,1.0686
2015/11/17,1.0642
2015/11/18,1.066
2015/11/19,1.0734
2015/11/20,1.0646
2015/11/23,1.0636
2015/11/24,1.0643
2015/11/25,1.0624
2015/11/26,1.061
2015/11/27,1.0593
2015/11/30,1.0565
2015/12/1,1.0633
2015/12/2,1.0615
2015/12/3,1.094
2015/12/4,1.0881
2015/12/7,1.0837
2015/12/8,1.0892
2015/12/9,1.1025
2015/12/10,1.0941
2015/12/11,1.0986
2015/12/14,1.0992
2015/12/15,1.0931
2015/12/16,1.0912
2015/12/17,1.0826
2015/12/18,1.0868
2015/12/21,1.0915
2015/12/22,1.0957
2015/12/23,1.0912
2015/12/24,1.0963
2015/12/25,1.096
2015/12/28,1.0968
2015/12/29,1.092
2015/12/30,1.0933
2015/12/31,1.0862
2016/1/1,1.0856
2016/1/4,1.0831
2016/1/5,1.0748
2016/1/6,1.0781
2016/1/7,1.0932
2016/1/8,1.0922
2016/1/11,1.0859
2016/1/12,1.0858
2016/1/13,1.0877
2016/1/14,1.0865
2016/1/15,1.0916
2016/1/18,1.0892
2016/1/19,1.0908
2016/1/20,1.089
2016/1/21,1.0874
2016/1/22,1.0796
2016/1/25,1.0849
2016/1/26,1.087
2016/1/27,1.0893
2016/1/28,1.094
2016/1/29,1.0831
2016/2/1,1.0888
2016/2/2,1.0919
2016/2/3,1.1105
2016/2/4,1.1209
2016/2/5,1.1158
2016/2/8,1.1193
2016/2/9,1.1293
2016/2/10,1.1292
2016/2/11,1.1323
2016/2/12,1.1256
2016/2/15,1.1156
2016/2/16,1.1144
2016/2/17,1.1128
2016/2/18,1.1107
2016/2/19,1.113
2016/2/22,1.103
2016/2/23,1.102
2016/2/24,1.1013
2016/2/25,1.1018
2016/2/26,1.0934
2016/2/29,1.0873
2016/3/1,1.0868
2016/3/2,1.0868
2016/3/3,1.0957
2016/3/4,1.1005
2016/3/7,1.1014
2016/3/8,1.1011
2016/3/9,1.0999
2016/3/10,1.1177
2016/3/11,1.1156
2016/3/14,1.1103
2016/3/15,1.1109
2016/3/16,1.1224
2016/3/17,1.1318
2016/3/18,1.127
2016/3/21,1.1241
2016/3/22,1.1217
2016/3/23,1.1181
2016/3/24,1.1174
2016/3/25,1.1167
2016/3/28,1.1196
2016/3/29,1.1291
2016/3/30,1.1338
2016/3/31,1.138
2016/4/1,1.1391
2016/4/4,1.1391
2016/4/5,1.1384
2016/4/6,1.1399
2016/4/7,1.1378
2016/4/8,1.1399
2016/4/11,1.1408
2016/4/12,1.1386
2016/4/13,1.1274
2016/4/14,1.1268
2016/4/15,1.1284
2016/4/18,1.1313
2016/4/19,1.1358
2016/4/20,1.1297
2016/4/21,1.1288
2016/4/22,1.1222
2016/4/25,1.1268
2016/4/26,1.1297
2016/4/27,1.1322
2016/4/28,1.1352
2016/4/29,1.1451
2016/5/2,1.1534
2016/5/3,1.1496
2016/5/4,1.1487
2016/5/5,1.1405
2016/5/6,1.1404
2016/5/9,1.1383
2016/5/10,1.1372
2016/5/11,1.1426
2016/5/12,1.1377
2016/5/13,1.1309
2016/5/16,1.1321
2016/5/17,1.1313
2016/5/18,1.1216
2016/5/19,1.1203
2016/5/20,1.1224
2016/5/23,1.122
2016/5/24,1.1141
2016/5/25,1.1155
2016/5/26,1.1194
2016/5/27,1.1115
2016/5/30,1.1138
2016/5/31,1.1132
2016/6/1,1.1188
2016/6/2,1.1151
2016/6/3,1.1367
2016/6/6,1.1355
2016/6/7,1.1358
2016/6/8,1.1395
2016/6/9,1.1316
2016/6/10,1.1251
2016/6/13,1.1292
2016/6/14,1.1207
2016/6/15,1.126
2016/6/16,1.1225
2016/6/17,1.1277
2016/6/20,1.1314
2016/6/21,1.1242
2016/6/22,1.1296
2016/6/23,1.1385
2016/6/24,1.1117
2016/6/27,1.1025
2016/6/28,1.1065
2016/6/29,1.1125
2016/6/30,1.1106
2016/7/1,1.1136
2016/7/4,1.1154
2016/7/5,1.1076
2016/7/6,1.11
2016/7/7,1.1063
2016/7/8,1.1051
2016/7/11,1.1058
2016/7/12,1.1061
2016/7/13,1.109
2016/7/14,1.112
2016/7/15,1.1035
2016/7/18,1.1075
2016/7/19,1.1021
2016/7/20,1.1015
2016/7/21,1.1026
2016/7/22,1.0977
2016/7/25,1.0995
2016/7/26,1.0986
2016/7/27,1.1058
2016/7/28,1.1077
2016/7/29,1.1174
2016/8/1,1.1163
2016/8/2,1.1224
2016/8/3,1.1149
2016/8/4,1.113
2016/8/5,1.1086
2016/8/8,1.1088
2016/8/9,1.1117
2016/8/10,1.1176
2016/8/11,1.1137
2016/8/12,1.1162
2016/8/15,1.1184
2016/8/16,1.1279
2016/8/17,1.1289
2016/8/18,1.1354
2016/8/19,1.1325
2016/8/22,1.132
2016/8/23,1.1305
2016/8/24,1.1264
2016/8/25,1.1285
2016/8/26,1.1198
2016/8/29,1.1189
2016/8/30,1.1143
2016/8/31,1.1158
2016/9/1,1.1197
2016/9/2,1.1156
2016/9/5,1.1147
2016/9/6,1.1255
2016/9/7,1.1239
2016/9/8,1.126
2016/9/9,1.1233
2016/9/12,1.1235
2016/9/13,1.122
2016/9/14,1.125
2016/9/15,1.1244
2016/9/16,1.1155
2016/9/19,1.1175
2016/9/20,1.1151
2016/9/21,1.1189
2016/9/22,1.1208
2016/9/23,1.1226
2016/9/26,1.1254
2016/9/27,1.1215
2016/9/28,1.1217
2016/9/29,1.1222
2016/9/30,1.1235
2016/10/3,1.1211
2016/10/4,1.1204
2016/10/5,1.1205
2016/10/6,1.1151
2016/10/7,1.1201
2016/10/10,1.1139
2016/10/11,1.1054
2016/10/12,1.1007
2016/10/13,1.1056
2016/10/14,1.0972
2016/10/17,1.1
2016/10/18,1.0981
2016/10/19,1.0974
2016/10/20,1.0929
2016/10/21,1.0884
2016/10/24,1.0882
2016/10/25,1.0889
2016/10/26,1.0908
2016/10/27,1.0897
2016/10/28,1.0985
2016/10/31,1.0981
2016/11/1,1.1055
2016/11/2,1.1098
2016/11/3,1.1105
2016/11/4,1.1141
2016/11/7,1.1041
2016/11/8,1.1026
2016/11/9,1.091
2016/11/10,1.0893
2016/11/11,1.0855
2016/11/14,1.0737
2016/11/15,1.0722
2016/11/16,1.0691
2016/11/17,1.0626
2016/11/18,1.0588
2016/11/21,1.063
2016/11/22,1.0627
2016/11/23,1.0553
2016/11/24,1.0554
2016/11/25,1.0589
2016/11/28,1.0614
2016/11/29,1.065
2016/11/30,1.0589
2016/12/1,1.0661
2016/12/2,1.0664
2016/12/5,1.0764
2016/12/6,1.0718
2016/12/7,1.0753
2016/12/8,1.0615
2016/12/9,1.0561
2016/12/12,1.0635
2016/12/13,1.0626
2016/12/14,1.0536
2016/12/15,1.0414
2016/12/16,1.0451
2016/12/19,1.0402
2016/12/20,1.0388
2016/12/21,1.0424
2016/12/22,1.0437
2016/12/23,1.0456
2016/12/26,1.0455
2016/12/27,1.0457
2016/12/28,1.0413
2016/12/29,1.049
2016/12/30,1.0517
2017/1/2,1.0455
2017/1/3,1.0405
2017/1/4,1.0489
2017/1/5,1.0607
2017/1/6,1.0532
2017/1/9,1.0574
2017/1/10,1.0554
2017/1/11,1.0582
2017/1/12,1.0613
2017/1/13,1.0643
2017/1/16,1.0601
2017/1/17,1.0713
2017/1/18,1.063
2017/1/19,1.0664
2017/1/20,1.0703
2017/1/23,1.0765
2017/1/24,1.0731
2017/1/25,1.0748
2017/1/26,1.0682
2017/1/27,1.0699
2017/1/30,1.0695
2017/1/31,1.0798
2017/2/1,1.0769
2017/2/2,1.0759
2017/2/3,1.0783
2017/2/6,1.075
2017/2/7,1.0683
2017/2/8,1.0698
2017/2/9,1.0655
2017/2/10,1.0643
2017/2/13,1.0598
2017/2/14,1.0578
2017/2/15,1.0601
2017/2/16,1.0674
2017/2/17,1.0616
2017/2/20,1.0614
2017/2/21,1.0536
2017/2/22,1.0558
2017/2/23,1.0582
2017/2/24,1.0563
2017/2/27,1.0587
2017/2/28,1.0576
2017/3/1,1.0547
2017/3/2,1.0507
2017/3/3,1.0622
2017/3/6,1.0582
2017/3/7,1.0566
2017/3/8,1.0541
2017/3/9,1.0577
2017/3/10,1.0673
2017/3/13,1.0653
2017/3/14,1.0604
2017/3/15,1.0734
2017/3/16,1.0766
2017/3/17,1.0738
2017/3/20,1.0739
2017/3/21,1.0811
2017/3/22,1.0797
2017/3/23,1.0783
2017/3/24,1.0798
2017/3/27,1.0864
2017/3/28,1.0814
2017/3/29,1.0766
2017/3/30,1.0674
2017/3/31,1.0652
2017/4/3,1.067
2017/4/4,1.0674
2017/4/5,1.0663
2017/4/6,1.0644
2017/4/7,1.0591
2017/4/10,1.0596
2017/4/11,1.0605
2017/4/12,1.0665
2017/4/13,1.0613
2017/4/14,1.0618
2017/4/17,1.0643
2017/4/18,1.073
2017/4/19,1.0711
2017/4/20,1.0717
2017/4/21,1.0728
2017/4/24,1.0868
2017/4/25,1.0926
2017/4/26,1.0904
2017/4/27,1.0873
2017/4/28,1.0895
2017/5/1,1.0899
2017/5/2,1.093
2017/5/3,1.0886
2017/5/4,1.0985
2017/5/5,1.0998
2017/5/8,1.0924
2017/5/9,1.0874
2017/5/10,1.0868
2017/5/11,1.0861
2017/5/12,1.0931
2017/5/15,1.0975
2017/5/16,1.1083
2017/5/17,1.1159
2017/5/18,1.1103
2017/5/19,1.1206
2017/5/22,1.1237
2017/5/23,1.1183
2017/5/24,1.1219
2017/5/25,1.121
2017/5/26,1.1183
2017/5/29,1.1164
2017/5/30,1.1186
2017/5/31,1.1244
2017/6/1,1.1213
2017/6/2,1.1279
2017/6/5,1.1254
2017/6/6,1.1277
2017/6/7,1.1257
2017/6/8,1.1214
2017/6/9,1.1195
2017/6/12,1.1203
2017/6/13,1.1211
2017/6/14,1.1218
2017/6/15,1.1145
2017/6/16,1.1198
2017/6/19,1.1149
2017/6/20,1.1134
2017/6/21,1.1168
2017/6/22,1.1152
2017/6/23,1.1194
2017/6/26,1.1182
2017/6/27,1.1339
2017/6/28,1.1378
2017/6/29,1.1441
2017/6/30,1.1426
2017/7/3,1.1364
2017/7/4,1.1346
2017/7/5,1.1352
2017/7/6,1.1423
2017/7/7,1.1401
2017/7/10,1.1399
2017/7/11,1.1467
2017/7/12,1.1412
2017/7/13,1.1398
2017/7/14,1.147
2017/7/17,1.1478
2017/7/18,1.1554
2017/7/19,1.1515
2017/7/20,1.1631
2017/7/21,1.1663
2017/7/24,1.1642
2017/7/25,1.1647
2017/7/26,1.1734
2017/7/27,1.1677
2017/7/28,1.1751
2017/7/31,1.1842
2017/8/1,1.1802
2017/8/2,1.1856
2017/8/3,1.187
2017/8/4,1.1773
2017/8/7,1.1795
2017/8/8,1.1752
2017/8/9,1.1759
2017/8/10,1.1772
2017/8/11,1.1821
2017/8/14,1.178
2017/8/15,1.1735
2017/8/16,1.1767
2017/8/17,1.1723
2017/8/18,1.1761
2017/8/21,1.1815
2017/8/22,1.1762
2017/8/23,1.1807
2017/8/24,1.1799
2017/8/25,1.1924
2017/8/28,1.1979
2017/8/29,1.1972
2017/8/30,1.1884
2017/8/31,1.191
2017/9/1,1.186
2017/9/4,1.1896
2017/9/5,1.1914
2017/9/6,1.1917
2017/9/7,1.2023
2017/9/8,1.2036
2017/9/11,1.1953
2017/9/12,1.1967
2017/9/13,1.1885
2017/9/14,1.1919
2017/9/15,1.1945
2017/9/18,1.1954
2017/9/19,1.1994
2017/9/20,1.1892
2017/9/21,1.1941
2017/9/22,1.1951
2017/9/25,1.1848
2017/9/26,1.1793
2017/9/27,1.1745
2017/9/28,1.1786
2017/9/29,1.1814
2017/10/2,1.1733
2017/10/3,1.1744
2017/10/4,1.1759
2017/10/5,1.1711
2017/10/6,1.173
2017/10/9,1.174
2017/10/10,1.1808
2017/10/11,1.1859
2017/10/12,1.183
2017/10/13,1.182
2017/10/16,1.1796
2017/10/17,1.1766
2017/10/18,1.1787
2017/10/19,1.1852
2017/10/20,1.1784
2017/10/23,1.1749
2017/10/24,1.1761
2017/10/25,1.1813
2017/10/26,1.1651
2017/10/27,1.1608
2017/10/30,1.1651
2017/10/31,1.1646
2017/11/1,1.1619
2017/11/2,1.1658
2017/11/3,1.1608
2017/11/6,1.161
2017/11/7,1.1587
2017/11/8,1.1595
2017/11/9,1.1642
2017/11/10,1.1665
2017/11/13,1.1667
2017/11/14,1.1798
2017/11/15,1.1791
2017/11/16,1.177
2017/11/17,1.179
2017/11/20,1.1733
2017/11/21,1.1738
2017/11/22,1.1822
2017/11/23,1.1851
2017/11/24,1.1933
2017/11/27,1.1898
2017/11/28,1.184
2017/11/29,1.1847
2017/11/30,1.1904
2017/12/1,1.1896
2017/12/4,1.1866
2017/12/5,1.1826
2017/12/6,1.1796
2017/12/7,1.1773
2017/12/8,1.1773
2017/12/11,1.1769
2017/12/12,1.1742
2017/12/13,1.1826
2017/12/14,1.1778
2017/12/15,1.1749
2017/12/18,1.1782
2017/12/19,1.184
2017/12/20,1.1871
2017/12/21,1.1874
2017/12/22,1.1862
2017/12/25,1.187
2017/12/26,1.1858
2017/12/27,1.1888
2017/12/28,1.1943
2017/12/29,1.2005
2018/1/1,1.2012
2018/1/2,1.2059
2018/1/3,1.2015
2018/1/4,1.2068
2018/1/5,1.2029
2018/1/8,1.1967
2018/1/9,1.1937
2018/1/10,1.1948
2018/1/11,1.2032
2018/1/12,1.2202
2018/1/15,1.2264
2018/1/16,1.226
2018/1/17,1.2186
2018/1/18,1.2238
2018/1/19,1.2222
2018/1/22,1.2262
2018/1/23,1.2299
2018/1/24,1.2408
2018/1/25,1.2396
2018/1/26,1.2427
2018/1/29,1.2383
2018/1/30,1.2402
2018/1/31,1.2414
2018/2/1,1.251
2018/2/2,1.2463
2018/2/5,1.2367
2018/2/6,1.2377
2018/2/7,1.2264
2018/2/8,1.2247
2018/2/9,1.2252
2018/2/12,1.2292
2018/2/13,1.2352
2018/2/14,1.2451
2018/2/15,1.2506
2018/2/16,1.2406
2018/2/19,1.2407
2018/2/20,1.2337
2018/2/21,1.2284
2018/2/22,1.233
2018/2/23,1.2297
2018/2/24,1.2297
2018/2/25,1.229
2018/2/26,1.232
2018/2/27,1.2232
2018/2/28,1.22
2018/3/1,1.2274
2018/3/2,1.232
2018/3/3,1.232
2018/3/4,1.232
2018/3/5,1.234
2018/3/6,1.2419
2018/3/7,1.2416
2018/3/8,1.2311
2018/3/9,1.2311
2018/3/10,1.2311
2018/3/11,1.2312
2018/3/12,1.2343
2018/3/13,1.2396
2018/3/14,1.2379
2018/3/15,1.2311
2018/3/16,1.23
2018/3/17,1.23
2018/3/18,1.2284
2018/3/19,1.234
2018/3/20,1.2252
2018/3/21,1.2352
2018/3/22,1.2329
2018/3/23,1.2362
2018/3/24,1.2362
2018/3/25,1.2358
2018/3/26,1.2461
2018/3/27,1.2413
2018/3/28,1.2315
2018/3/29,1.2306
2018/3/30,1.2327
2018/3/31,1.2327
2018/4/1,1.2317
2018/4/2,1.2297
2018/4/3,1.2282
2018/4/4,1.229
2018/4/5,1.2256
2018/4/6,1.2288
2018/4/7,1.2288
2018/4/8,1.2274
2018/4/9,1.2327
2018/4/10,1.2367
2018/4/11,1.2375
2018/4/12,1.2334
2018/4/13,1.2336
2018/4/14,1.2336
2018/4/15,1.2337
2018/4/16,1.2387
2018/4/17,1.2377
2018/4/18,1.2382
2018/4/19,1.2349
2018/4/20,1.2288
2018/4/21,1.2288
2018/4/22,1.2279
2018/4/23,1.2213
2018/4/24,1.2243
2018/4/25,1.2176
2018/4/26,1.2112
2018/4/27,1.2131
2018/4/28,1.2131
2018/4/29,1.2124
2018/4/30,1.2085
2018/5/1,1.1995
2018/5/2,1.1956
2018/5/3,1.1993
2018/5/4,1.1966
2018/5/5,1.1966
2018/5/6,1.196
2018/5/7,1.1942
2018/5/8,1.1871
2018/5/9,1.185
2018/5/10,1.1919
2018/5/11,1.1949
2018/5/12,1.1949
2018/5/13,1.1955
2018/5/14,1.1936
2018/5/15,1.1826
2018/5/16,1.1819
2018/5/17,1.1795
2018/5/18,1.1773
2018/5/19,1.1773
2018/5/20,1.177
2018/5/21,1.1794
2018/5/22,1.1791
2018/5/23,1.1712
2018/5/24,1.1726
2018/5/25,1.1666
2018/5/26,1.1666
2018/5/27,1.1692
2018/5/28,1.1629
2018/5/29,1.1542
2018/5/30,1.1669
2018/5/31,1.1696
2018/6/1,1.1666
2018/6/2,1.1666
2018/6/3,1.1671
2018/6/4,1.1704
2018/6/5,1.1729
2018/6/6,1.1786
2018/6/7,1.1797
2018/6/8,1.177
2018/6/9,1.177
2018/6/10,1.1784
2018/6/11,1.1778
2018/6/12,1.1751
2018/6/13,1.1808
2018/6/14,1.157
2018/6/15,1.1605
2018/6/16,1.1605
2018/6/17,1.1597
2018/6/18,1.1633
2018/6/19,1.1594
2018/6/20,1.1582
2018/6/21,1.1609
2018/6/22,1.1654
2018/6/23,1.1654
2018/6/24,1.1664
2018/6/25,1.1704
2018/6/26,1.1654
2018/6/27,1.1567
2018/6/28,1.1566
2018/6/29,1.169
2018/6/30,1.169
2018/7/1,1.1684
2018/7/2,1.1645
2018/7/3,1.166
2018/7/4,1.1665
2018/7/5,1.1696
2018/7/6,1.1759
2018/7/7,1.1759
2018/7/8,1.1755
2018/7/9,1.1759
2018/7/10,1.173
2018/7/11,1.1678
2018/7/12,1.1667
2018/7/13,1.1689
2018/7/14,1.1689
2018/7/15,1.1681
2018/7/16,1.1714
2018/7/17,1.1656
2018/7/18,1.1648
2018/7/19,1.1659
2018/7/20,1.1733
2018/7/21,1.1733
2018/7/22,1.1733
2018/7/23,1.1697
2018/7/24,1.1688
2018/7/25,1.1741
2018/7/26,1.1647
2018/7/27,1.1654
2018/7/28,1.1654
2018/7/29,1.166
2018/7/30,1.1707
2018/7/31,1.1689
2018/8/1,1.1663
2018/8/2,1.1585
2018/8/3,1.1583
2018/8/4,1.1583
2018/8/5,1.1562
2018/8/6,1.1559
2018/8/7,1.1603
2018/8/8,1.161
2018/8/9,1.1524
2018/8/10,1.1423
2018/8/11,1.1423
2018/8/12,1.1395
2018/8/13,1.1401
2018/8/14,1.1347
2018/8/15,1.1343
2018/8/16,1.1374
2018/8/17,1.1449
2018/8/18,1.1449
2018/8/19,1.1438
2018/8/20,1.1489
2018/8/21,1.1574
2018/8/22,1.1588
2018/8/23,1.1542
2018/8/24,1.1633
2018/8/25,1.1633
2018/8/26,1.1649
2018/8/27,1.1683
2018/8/28,1.1691
2018/8/29,1.1709
2018/8/30,1.1664
2018/8/31,1.1621
2018/9/1,1.1621
2018/9/2,1.16
2018/9/3,1.1615
2018/9/4,1.1586
2018/9/5,1.1635
2018/9/6,1.162
2018/9/7,1.1572
2018/9/8,1.1572
2018/9/9,1.1561
2018/9/10,1.1594
2018/9/11,1.1596
2018/9/12,1.1627
2018/9/13,1.1693
2018/9/14,1.1635
2018/9/15,1.1635
2018/9/17,1.1673
2018/9/18,1.1679
2018/9/19,1.1671
2018/9/20,1.1779
2018/9/21,1.1769
2018/9/22,1.1769
2018/9/24,1.1749
2018/9/25,1.1766
2018/9/26,1.1751
2018/9/27,1.1638
2018/9/28,1.1621
2018/9/29,1.1621
2018/10/1,1.1577
2018/10/2,1.155
2018/10/3,1.1487
2018/10/4,1.1516
2018/10/5,1.1534
2018/10/6,1.1534
2018/10/8,1.1493
2018/10/9,1.1496
2018/10/10,1.1533
2018/10/11,1.1593
2018/10/12,1.1575
2018/10/13,1.1575
2018/10/15,1.1584
2018/10/16,1.1575
2018/10/17,1.1501
2018/10/18,1.1455
2018/10/19,1.1531
2018/10/20,1.1531
2018/10/22,1.1467
2018/10/23,1.1472
2018/10/24,1.1399
2018/10/25,1.1375
2018/10/26,1.1424
2018/10/27,1.1424
2018/10/29,1.1373
2018/10/30,1.1343
2018/10/31,1.1317
2018/11/1,1.1405
2018/11/2,1.1389
2018/11/3,1.1389
2018/11/5,1.1411
2018/11/6,1.142
2018/11/7,1.1431
2018/11/8,1.1365
2018/11/9,1.1337
2018/11/10,1.1337
2018/11/12,1.1223
2018/11/13,1.1295
2018/11/14,1.1313
2018/11/15,1.1329
2018/11/16,1.1421
2018/11/17,1.1421
2018/11/19,1.1453
2018/11/20,1.1367
2018/11/21,1.1383
2018/11/22,1.1405
2018/11/23,1.1342
2018/11/24,1.1342
2018/11/26,1.1331
2018/11/27,1.1294
2018/11/28,1.1368
2018/11/29,1.1388
2018/11/30,1.1318
2018/12/1,1.1318
2018/12/3,1.1353
2018/12/4,1.1341
2018/12/5,1.1347
2018/12/6,1.1377
2018/12/7,1.1382
2018/12/8,1.1382
2018/12/10,1.1353
2018/12/11,1.1319
2018/12/12,1.1371
2018/12/13,1.1358
2018/12/14,1.1309
2018/12/15,1.1309
2018/12/17,1.1348
2018/12/18,1.1369
2018/12/19,1.138
2018/12/20,1.1451
2018/12/21,1.1383
2018/12/22,1.1383
2018/12/24,1.1399
2018/12/25,1.1402
2018/12/26,1.1356
2018/12/27,1.1429
2018/12/28,1.1438
2018/12/29,1.1438
2018/12/31,1.1482
2019/1/1,1.1465
2019/1/2,1.1338
2019/1/3,1.1394
2019/1/4,1.1396
2019/1/5,1.1396
2019/1/7,1.1476
2019/1/8,1.144
2019/1/9,1.1546
2019/1/10,1.1499
2019/1/11,1.147
2019/1/12,1.147
2019/1/14,1.1468
2019/1/15,1.1406
2019/1/16,1.1396
2019/1/17,1.1388
2019/1/18,1.1372
2019/1/19,1.1372
2019/1/21,1.137
2019/1/22,1.1362
2019/1/23,1.1379
2019/1/24,1.1307
2019/1/25,1.14
2019/1/26,1.14
2019/1/28,1.1428
2019/1/29,1.1435
2019/1/30,1.1482
2019/1/31,1.1446
2019/2/1,1.1457
2019/2/2,1.1457
2019/2/4,1.1436
2019/2/5,1.1406
2019/2/6,1.1364
2019/2/7,1.1343
2019/2/8,1.1335
2019/2/9,1.1335
2019/2/11,1.1276
2019/2/12,1.1329
2019/2/13,1.1255
2019/2/14,1.1296
2019/2/15,1.1296
2019/2/16,1.1296
2019/2/18,1.131
2019/2/19,1.1338
2019/2/20,1.1345
2019/2/21,1.1339
2019/2/22,1.1342
2019/2/23,1.1342
2019/2/25,1.1358
2019/2/26,1.1392
2019/2/27,1.1372
2019/2/28,1.1369
2019/3/1,1.1378
2019/3/2,1.1378
2019/3/4,1.1339
2019/3/5,1.1301
2019/3/6,1.1308
2019/3/7,1.1192
2019/3/8,1.1239
2019/3/9,1.1239
2019/3/11,1.1264
2019/3/12,1.129
2019/3/13,1.1336
2019/3/14,1.1307
2019/3/15,1.1344
2019/3/16,1.1344
2019/3/18,1.1335
2019/3/19,1.1353
2019/3/20,1.1423
2019/3/21,1.1377
2019/3/22,1.1374
